"rowKind","section","subdivision","citation","title","classification","classificationBasis","cacheStatus","retrievedAt","contentHash","sourceUrl","selectableRecordIds","analysisRecordIds","analysisStatuses","legacyCleanupQueueIds","duplicateSameCitation","potentialScopeOverlap","priorityArea","actualOffenseCount"
"section","38.01","","Fla. Stat. § 38.01","Disqualification when judge party; effect of attempted judicial acts","not_yet_analyzed","Official text is cached, but no explicit analysis establishes offense coverage.","official_current_cache","2026-09-18T15:26:20.395Z","5b6b318f26eaa4fda9ac6003aa1a8bacd6f495fab8b95f030fe2f1ec569e578a","https://www.leg.state.fl.us/statutes/index.cfm?App_mode=Display_Statute&URL=0000-0099/0038/Sections/0038.01.html","","","","","false","false","false",""
"section","38.02","","Fla. Stat. § 38.02","Suggestion of disqualification; grounds; proceedings on suggestion and effect","not_yet_analyzed","Official text is cached, but no explicit analysis establishes offense coverage.","official_current_cache","2026-09-18T15:26:20.395Z","9d8a23530ef195f14bb34c2c3cdf64f726d71449c3595aed88531d99b79c81f0","https://www.leg.state.fl.us/statutes/index.cfm?App_mode=Display_Statute&URL=0000-0099/0038/Sections/0038.02.html","","","","","false","false","false",""
"section","38.03","","Fla. Stat. § 38.03","Waiver of grounds of disqualification by parties","not_yet_analyzed","Official text is cached, but no explicit analysis establishes offense coverage.","official_current_cache","2026-09-18T15:26:20.395Z","d6bb73d2c09195c1feccbd7f0fc5dd3dbba9c097fd9d95a280b5e4d87e5de763","https://www.leg.state.fl.us/statutes/index.cfm?App_mode=Display_Statute&URL=0000-0099/0038/Sections/0038.03.html","","","","","false","false","false",""
"section","38.04","","Fla. Stat. § 38.04","Sworn statement by judge holding himself or herself qualified","not_yet_analyzed","Official text is cached, but no explicit analysis establishes offense coverage.","official_current_cache","2026-09-18T15:26:20.395Z","8afce057578cb56a57d7e807d01117cd6ba34fe4778d241a17003f3b3bdde846","https://www.leg.state.fl.us/statutes/index.cfm?App_mode=Display_Statute&URL=0000-0099/0038/Sections/0038.04.html","","","","","false","false","false",""
"section","38.05","","Fla. Stat. § 38.05","Disqualification of judge on own motion","not_yet_analyzed","Official text is cached, but no explicit analysis establishes offense coverage.","official_current_cache","2026-09-18T15:26:20.395Z","6923ff7d4c20843592bcb5d32d3e3ee9e645f2a494a19bb58ea9e15ddb5a048e","https://www.leg.state.fl.us/statutes/index.cfm?App_mode=Display_Statute&URL=0000-0099/0038/Sections/0038.05.html","","","","","false","false","false",""
"section","38.06","","Fla. Stat. § 38.06","Effect of acts where judge fails to disqualify himself or herself","not_yet_analyzed","Official text is cached, but no explicit analysis establishes offense coverage.","official_current_cache","2026-09-18T15:26:20.395Z","282d76b5aa8f97afd7e38c49de9a8ece9c9a80d23330a99dafe9dab253129d09","https://www.leg.state.fl.us/statutes/index.cfm?App_mode=Display_Statute&URL=0000-0099/0038/Sections/0038.06.html","","","","","false","false","false",""
"section","38.07","","Fla. Stat. § 38.07","Effect of orders entered prior to disqualification; petition for reconsideration","not_yet_analyzed","Official text is cached, but no explicit analysis establishes offense coverage.","official_current_cache","2026-09-18T15:26:20.395Z","d85cb91fd18a241b72be6c0db15262be05502f76e7dda647f92e21c12e36c4e7","https://www.leg.state.fl.us/statutes/index.cfm?App_mode=Display_Statute&URL=0000-0099/0038/Sections/0038.07.html","","","","","false","false","false",""
"section","38.08","","Fla. Stat. § 38.08","Effect of orders where petition for reconsideration not filed","not_yet_analyzed","Official text is cached, but no explicit analysis establishes offense coverage.","official_current_cache","2026-09-18T15:26:20.395Z","87ff22cb56c7fb44b2ae91bacffd6f597682af94bfa63518012d7b285fe9d863","https://www.leg.state.fl.us/statutes/index.cfm?App_mode=Display_Statute&URL=0000-0099/0038/Sections/0038.08.html","","","","","false","false","false",""
"section","38.09","","Fla. Stat. § 38.09","Designation of judge to hear cause when order of disqualification entered","not_yet_analyzed","Official text is cached, but no explicit analysis establishes offense coverage.","official_current_cache","2026-09-18T15:26:20.395Z","b71bfe42531e8c50bb81436120338d42cd05893d4d5f7dd809770c7b3d63dcd7","https://www.leg.state.fl.us/statutes/index.cfm?App_mode=Display_Statute&URL=0000-0099/0038/Sections/0038.09.html","","","","","false","false","false",""
"section","38.10","","Fla. Stat. § 38.10","Disqualification of judge for prejudice; application; affidavits; etc","not_yet_analyzed","Official text is cached, but no explicit analysis establishes offense coverage.","official_current_cache","2026-09-18T15:26:20.395Z","a437e35af931fd9bce3fadeb078ceb47c38c0a30c2a3cc65afd89a66b91658e3","https://www.leg.state.fl.us/statutes/index.cfm?App_mode=Display_Statute&URL=0000-0099/0038/Sections/0038.10.html","","","","","false","false","false",""
"section","38.12","","Fla. Stat. § 38.12","Resignation, death, or removal of judges; disposition of pending matters and papers","not_yet_analyzed","Official text is cached, but no explicit analysis establishes offense coverage.","official_current_cache","2026-09-18T15:26:20.395Z","013a4e15d7218c0e47e80228712b9b622c19a979da198b96f3473e23017aba2d","https://www.leg.state.fl.us/statutes/index.cfm?App_mode=Display_Statute&URL=0000-0099/0038/Sections/0038.12.html","","","","","false","false","false",""
"section","38.22","","Fla. Stat. § 38.22","Power to punish contempts","blocked","The section has analysis decisions, but no scope in this section is a current runtime selection.","official_current_cache","2026-09-18T15:26:20.395Z","b66c3db4c8910b04877f59c9e1598708547d0872d9e8b8c1de9b342aff7ff91b","https://www.leg.state.fl.us/statutes/index.cfm?App_mode=Display_Statute&URL=0000-0099/0038/Sections/0038.22.html","","fl-section-38.22","held","","false","false","false",""
"scope","38.22","","Fla. Stat. § 38.22","Power to punish contempts","blocked","The section grants courts power to punish contempt and sets limits; it does not define a standalone substantive misdemeanor or felony with an exact offense subdivision.","official_current_cache","2026-09-18T15:26:20.395Z","b66c3db4c8910b04877f59c9e1598708547d0872d9e8b8c1de9b342aff7ff91b","https://www.leg.state.fl.us/statutes/index.cfm?App_mode=Display_Statute&URL=0000-0099/0038/Sections/0038.22.html","","fl-section-38.22","held","","false","false","false",""
"section","38.23","","Fla. Stat. § 38.23","Contempt defined","not_yet_analyzed","Official text is cached, but no explicit analysis establishes offense coverage.","official_current_cache","2026-09-18T15:26:20.395Z","4aef22ff44a252b3b1aeea97acd2a1eb10796ef08813963f7be2635aa64a56dc","https://www.leg.state.fl.us/statutes/index.cfm?App_mode=Display_Statute&URL=0000-0099/0038/Sections/0038.23.html","","","","","false","false","false",""
"section","61.001","","Fla. Stat. § 61.001","Purpose of chapter","not_yet_analyzed","Official text is cached, but no explicit analysis establishes offense coverage.","official_current_cache","2026-09-18T15:26:23.662Z","756f7a24f171fb20061adf931c72bbf6b6efab82e99c6453b9a17a9211317c47","https://www.leg.state.fl.us/statutes/index.cfm?App_mode=Display_Statute&URL=0000-0099/0061/Sections/0061.001.html","","","","","false","false","false",""
"section","61.08","","Fla. Stat. § 61.08","Alimony","not_yet_analyzed","Official text is cached, but no explicit analysis establishes offense coverage.","official_current_cache","2026-09-18T15:26:23.662Z","f6679f49bfcc40613fbba62c4e1288f0a221465b6af4a76ef871e298f815aa71","https://www.leg.state.fl.us/statutes/index.cfm?App_mode=Display_Statute&URL=0000-0099/0061/Sections/0061.08.html","","","","","false","false","false",""
"section","61.09","","Fla. Stat. § 61.09","Alimony and child support unconnected with dissolution","not_yet_analyzed","Official text is cached, but no explicit analysis establishes offense coverage.","official_current_cache","2026-09-18T15:26:23.662Z","6f31fea3f060412cc1e82bb32314ddfb479bdfc0a711af7732d7dc66c0a9bfcf","https://www.leg.state.fl.us/statutes/index.cfm?App_mode=Display_Statute&URL=0000-0099/0061/Sections/0061.09.html","","","","","false","false","false",""
"section","61.10","","Fla. Stat. § 61.10","Adjudication of obligation to support spouse or minor child unconnected with dissolution; parenting plan","not_yet_analyzed","Official text is cached, but no explicit analysis establishes offense coverage.","official_current_cache","2026-09-18T15:26:23.662Z","91d3306d79889b133871d75a655f1f5d534c28802f292ebf7f6015edc58cc4dc","https://www.leg.state.fl.us/statutes/index.cfm?App_mode=Display_Statute&URL=0000-0099/0061/Sections/0061.10.html","","","","","false","false","false",""
"section","61.011","","Fla. Stat. § 61.011","Dissolution in chancery","not_yet_analyzed","Official text is cached, but no explicit analysis establishes offense coverage.","official_current_cache","2026-09-18T15:26:23.662Z","87d6fdd9c5cc575d3cb704ff1917b3cfdaa550dde570d622d56e40990b8335bb","https://www.leg.state.fl.us/statutes/index.cfm?App_mode=Display_Statute&URL=0000-0099/0061/Sections/0061.011.html","","","","","false","false","false",""
"section","61.11","","Fla. Stat. § 61.11","Writs","not_yet_analyzed","Official text is cached, but no explicit analysis establishes offense coverage.","official_current_cache","2026-09-18T15:26:23.662Z","0fc03f86e3944779f35be7b15e2e97efec14d227fc818863c2ba76fd8544299a","https://www.leg.state.fl.us/statutes/index.cfm?App_mode=Display_Statute&URL=0000-0099/0061/Sections/0061.11.html","","","","","false","false","false",""
"section","61.12","","Fla. Stat. § 61.12","Attachment or garnishment of amounts due for alimony or child support","not_yet_analyzed","Official text is cached, but no explicit analysis establishes offense coverage.","official_current_cache","2026-09-18T15:26:23.662Z","8b0d6a51117b6c527f9d844440d4612a9249e3213f14e7660dcdeb8f90bbd295","https://www.leg.state.fl.us/statutes/index.cfm?App_mode=Display_Statute&URL=0000-0099/0061/Sections/0061.12.html","","","","","false","false","false",""
"section","61.13","","Fla. Stat. § 61.13","Support of children; parenting and time-sharing; powers of court","not_yet_analyzed","Official text is cached, but no explicit analysis establishes offense coverage.","official_current_cache","2026-09-18T15:26:23.662Z","205b44aacb63c072f9d4b79345d0469246e84d11389be7b734e6aed3a32e88ee","https://www.leg.state.fl.us/statutes/index.cfm?App_mode=Display_Statute&URL=0000-0099/0061/Sections/0061.13.html","","","","","false","false","false",""
"section","61.14","","Fla. Stat. § 61.14","Enforcement and modification of support, maintenance, or alimony agreements or orders","not_yet_analyzed","Official text is cached, but no explicit analysis establishes offense coverage.","official_current_cache","2026-09-18T15:26:23.662Z","6466b66eaac29f1cb2c6a07f3f04548b1cfa19aaffd69a6e8b9f5c2d35a553e2","https://www.leg.state.fl.us/statutes/index.cfm?App_mode=Display_Statute&URL=0000-0099/0061/Sections/0061.14.html","","","","","false","false","false",""
"section","61.16","","Fla. Stat. § 61.16","Attorney’s fees, suit money, and costs","not_yet_analyzed","Official text is cached, but no explicit analysis establishes offense coverage.","official_current_cache","2026-09-18T15:26:23.662Z","33f6fd698e300dbc99d5f8bf9587f6eb78cec92c59b0e9b032be4530de790ba0","https://www.leg.state.fl.us/statutes/index.cfm?App_mode=Display_Statute&URL=0000-0099/0061/Sections/0061.16.html","","","","","false","false","false",""
"section","61.17","","Fla. Stat. § 61.17","Alimony and child support; additional method for enforcing orders and judgments; costs, expenses","not_yet_analyzed","Official text is cached, but no explicit analysis establishes offense coverage.","official_current_cache","2026-09-18T15:26:23.662Z","024fa3438c13a1c771f7ef0592271ae6ed2cf3bf4c82943f2bf48ff10d5356d5","https://www.leg.state.fl.us/statutes/index.cfm?App_mode=Display_Statute&URL=0000-0099/0061/Sections/0061.17.html","","","","","false","false","false",""
"section","61.18","","Fla. Stat. § 61.18","Alimony and child support; default in undertaking of bond posted to ensure payment","not_yet_analyzed","Official text is cached, but no explicit analysis establishes offense coverage.","official_current_cache","2026-09-18T15:26:23.662Z","e2bc7b013532e6f4110e47c037167257ea88835786060ae225b04fb2ccd70d98","https://www.leg.state.fl.us/statutes/index.cfm?App_mode=Display_Statute&URL=0000-0099/0061/Sections/0061.18.html","","","","","false","false","false",""
"section","61.19","","Fla. Stat. § 61.19","Entry of judgment of dissolution of marriage, delay period","not_yet_analyzed","Official text is cached, but no explicit analysis establishes offense coverage.","official_current_cache","2026-09-18T15:26:23.662Z","cf11a0c530d2ab40eac309a77ee36a82d2e0b3232f007f72d75d17d84e257994","https://www.leg.state.fl.us/statutes/index.cfm?App_mode=Display_Statute&URL=0000-0099/0061/Sections/0061.19.html","","","","","false","false","false",""
"section","61.20","","Fla. Stat. § 61.20","Social investigation and recommendations regarding a parenting plan","not_yet_analyzed","Official text is cached, but no explicit analysis establishes offense coverage.","official_current_cache","2026-09-18T15:26:23.662Z","74c951572dd35c9d61af1502b0e0c1d4662d477a0b53c24104d9617ee6b3e40f","https://www.leg.state.fl.us/statutes/index.cfm?App_mode=Display_Statute&URL=0000-0099/0061/Sections/0061.20.html","","","","","false","false","false",""
"section","61.021","","Fla. Stat. § 61.021","Residence requirements","not_yet_analyzed","Official text is cached, but no explicit analysis establishes offense coverage.","official_current_cache","2026-09-18T15:26:23.662Z","6f9ea284fcd4cbeb858eb663992bc4f4ac3ea91f70e8c271642ae5192ad9d0a9","https://www.leg.state.fl.us/statutes/index.cfm?App_mode=Display_Statute&URL=0000-0099/0061/Sections/0061.021.html","","","","","false","false","false",""
"section","61.21","","Fla. Stat. § 61.21","Parenting course authorized; fees; required attendance authorized; contempt","not_yet_analyzed","Official text is cached, but no explicit analysis establishes offense coverage.","official_current_cache","2026-09-18T15:26:23.662Z","cc7fb3548269f9d1ce3f963197cdd2dc2157bbbbfa80da8490d5916f36ee0d41","https://www.leg.state.fl.us/statutes/index.cfm?App_mode=Display_Statute&URL=0000-0099/0061/Sections/0061.21.html","","","","","false","false","false",""
"section","61.29","","Fla. Stat. § 61.29","Child support guidelines; principles; applicability","not_yet_analyzed","Official text is cached, but no explicit analysis establishes offense coverage.","official_current_cache","2026-09-18T15:26:23.662Z","bac865905a14464eb193dfbade1632e3927c72a68802d433ee2baad6c3c99c32","https://www.leg.state.fl.us/statutes/index.cfm?App_mode=Display_Statute&URL=0000-0099/0061/Sections/0061.29.html","","","","","false","false","false",""
"section","61.30","","Fla. Stat. § 61.30","Child support guidelines; retroactive child support","not_yet_analyzed","Official text is cached, but no explicit analysis establishes offense coverage.","official_current_cache","2026-09-18T15:26:23.662Z","91220210ed28553ad9db6573586260f3e8d9273135467ae8e5927d08c080ac17","https://www.leg.state.fl.us/statutes/index.cfm?App_mode=Display_Statute&URL=0000-0099/0061/Sections/0061.30.html","","","","","false","false","false",""
"section","61.031","","Fla. Stat. § 61.031","Dissolution of marriage to be a vinculo","not_yet_analyzed","Official text is cached, but no explicit analysis establishes offense coverage.","official_current_cache","2026-09-18T15:26:23.662Z","9c55d7bd6377afe6cef786bae6ba83754050062c8ea2a60f0a88694d2248b393","https://www.leg.state.fl.us/statutes/index.cfm?App_mode=Display_Statute&URL=0000-0099/0061/Sections/0061.031.html","","","","","false","false","false",""
"section","61.31","","Fla. Stat. § 61.31","Amount of support for a dependent adult child","not_yet_analyzed","Official text is cached, but no explicit analysis establishes offense coverage.","official_current_cache","2026-09-18T15:26:23.662Z","b7a840d9ad59280f2b315480ad1df08f4ab023c96878c801d1553e13ad3c1f00","https://www.leg.state.fl.us/statutes/index.cfm?App_mode=Display_Statute&URL=0000-0099/0061/Sections/0061.31.html","","","","","false","false","false",""
"section","61.043","","Fla. Stat. § 61.043","Commencement of a proceeding for dissolution of marriage or for alimony and child support; dissolution questionnaire","not_yet_analyzed","Official text is cached, but no explicit analysis establishes offense coverage.","official_current_cache","2026-09-18T15:26:23.662Z","003af64181bd16ff50549df9a7c06629e416f3cfc61dae648941b90a986d14a4","https://www.leg.state.fl.us/statutes/index.cfm?App_mode=Display_Statute&URL=0000-0099/0061/Sections/0061.043.html","","","","","false","false","false",""
"section","61.044","","Fla. Stat. § 61.044","Certain existing defenses abolished","not_yet_analyzed","Official text is cached, but no explicit analysis establishes offense coverage.","official_current_cache","2026-09-18T15:26:23.662Z","25a3dccdf5adebdf3e0e6c7e8cd082478fef8f8cb28df2fba999f77d7589be67","https://www.leg.state.fl.us/statutes/index.cfm?App_mode=Display_Statute&URL=0000-0099/0061/Sections/0061.044.html","","","","","false","false","false",""
"section","61.45","","Fla. Stat. § 61.45","Court-ordered parenting plan; risk of violation; bond","not_yet_analyzed","Official text is cached, but no explicit analysis establishes offense coverage.","official_current_cache","2026-09-18T15:26:23.662Z","f9fc2da5dfc49d6dabf786d24d6cad054a381e76d9bbf877b8374ad99621f7c2","https://www.leg.state.fl.us/statutes/index.cfm?App_mode=Display_Statute&URL=0000-0099/0061/Sections/0061.45.html","","","","","false","false","false",""
"section","61.046","","Fla. Stat. § 61.046","Definitions","not_yet_analyzed","Official text is cached, but no explicit analysis establishes offense coverage.","official_current_cache","2026-09-18T15:26:23.662Z","9ccad0bfa03d09304d9ec5a6281a3b400ce7d459c5a9a78c9b9282754eb15bc8","https://www.leg.state.fl.us/statutes/index.cfm?App_mode=Display_Statute&URL=0000-0099/0061/Sections/0061.046.html","","","","","false","false","false",""
"section","61.052","","Fla. Stat. § 61.052","Dissolution of marriage","not_yet_analyzed","Official text is cached, but no explicit analysis establishes offense coverage.","official_current_cache","2026-09-18T15:26:23.662Z","5817a7d91c8f7faf14c2235e15c6d53b4792d19128eaa53d0c75adee8e013104","https://www.leg.state.fl.us/statutes/index.cfm?App_mode=Display_Statute&URL=0000-0099/0061/Sections/0061.052.html","","","","","false","false","false",""
"section","61.55","","Fla. Stat. § 61.55","Purpose","not_yet_analyzed","Official text is cached, but no explicit analysis establishes offense coverage.","official_current_cache","2026-09-18T15:26:23.662Z","f4026eb4ab917ae63d71cb9fc527686d8459ca1752050fe8cb53ff9eed79ab65","https://www.leg.state.fl.us/statutes/index.cfm?App_mode=Display_Statute&URL=0000-0099/0061/Sections/0061.55.html","","","","","false","false","false",""
"section","61.56","","Fla. Stat. § 61.56","Definitions","not_yet_analyzed","Official text is cached, but no explicit analysis establishes offense coverage.","official_current_cache","2026-09-18T15:26:23.662Z","4523ff50164388938d424a4f93ddcc7dec792d48cb1acbe37a0f46f1f20b4eeb","https://www.leg.state.fl.us/statutes/index.cfm?App_mode=Display_Statute&URL=0000-0099/0061/Sections/0061.56.html","","","","","false","false","false",""
"section","61.57","","Fla. Stat. § 61.57","Beginning, concluding, and terminating a collaborative law process","not_yet_analyzed","Official text is cached, but no explicit analysis establishes offense coverage.","official_current_cache","2026-09-18T15:26:23.662Z","bff8934bbc823460588474880910a9de211c575711bf9aa77e834a378987e5a4","https://www.leg.state.fl.us/statutes/index.cfm?App_mode=Display_Statute&URL=0000-0099/0061/Sections/0061.57.html","","","","","false","false","false",""
"section","61.58","","Fla. Stat. § 61.58","Confidentiality of a collaborative law communication","not_yet_analyzed","Official text is cached, but no explicit analysis establishes offense coverage.","official_current_cache","2026-09-18T15:26:23.662Z","3dff92e3e994fe77f2fe8b50252320c198e79e18c413647dd0febcf9714267df","https://www.leg.state.fl.us/statutes/index.cfm?App_mode=Display_Statute&URL=0000-0099/0061/Sections/0061.58.html","","","","","false","false","false",""
"section","61.061","","Fla. Stat. § 61.061","Proceedings against nonresidents","not_yet_analyzed","Official text is cached, but no explicit analysis establishes offense coverage.","official_current_cache","2026-09-18T15:26:23.662Z","862f215b638fb8474d1214f72cf3b67a29edd63b4b26fb0e8339f69cfb164f5e","https://www.leg.state.fl.us/statutes/index.cfm?App_mode=Display_Statute&URL=0000-0099/0061/Sections/0061.061.html","","","","","false","false","false",""
"section","61.071","","Fla. Stat. § 61.071","Alimony pendente lite; suit money","not_yet_analyzed","Official text is cached, but no explicit analysis establishes offense coverage.","official_current_cache","2026-09-18T15:26:23.662Z","c04bca26e51dd3b3c2e6a812343ea325a3a52e2ce5cd5d835431c7a0e35831b2","https://www.leg.state.fl.us/statutes/index.cfm?App_mode=Display_Statute&URL=0000-0099/0061/Sections/0061.071.html","","","","","false","false","false",""
"section","61.075","","Fla. Stat. § 61.075","Equitable distribution of marital assets and liabilities","not_yet_analyzed","Official text is cached, but no explicit analysis establishes offense coverage.","official_current_cache","2026-09-18T15:26:23.662Z","b02e8e53a107bd1767e0f5c3e1d026a983c2d880d58772c90892866b4e86efd8","https://www.leg.state.fl.us/statutes/index.cfm?App_mode=Display_Statute&URL=0000-0099/0061/Sections/0061.075.html","","","","","false","false","false",""
"section","61.076","","Fla. Stat. § 61.076","Distribution of retirement plans upon dissolution of marriage","not_yet_analyzed","Official text is cached, but no explicit analysis establishes offense coverage.","official_current_cache","2026-09-18T15:26:23.662Z","6ab3d387dd4024e37a1b1685e21c9a625d5b72c180272a460bddcc0598826147","https://www.leg.state.fl.us/statutes/index.cfm?App_mode=Display_Statute&URL=0000-0099/0061/Sections/0061.076.html","","","","","false","false","false",""
"section","61.077","","Fla. Stat. § 61.077","Determination of entitlement to setoffs or credits upon sale of marital home","not_yet_analyzed","Official text is cached, but no explicit analysis establishes offense coverage.","official_current_cache","2026-09-18T15:26:23.662Z","dacde84c4353ea5b17f3058a22213fe97fdf9bb1f113a02e44314df2376218d6","https://www.leg.state.fl.us/statutes/index.cfm?App_mode=Display_Statute&URL=0000-0099/0061/Sections/0061.077.html","","","","","false","false","false",""
"section","61.079","","Fla. Stat. § 61.079","Premarital agreements","not_yet_analyzed","Official text is cached, but no explicit analysis establishes offense coverage.","official_current_cache","2026-09-18T15:26:23.662Z","9e36946c67712622fd71a81ce908fbdb89d35d54d955562dcc0b1f08bd436ae3","https://www.leg.state.fl.us/statutes/index.cfm?App_mode=Display_Statute&URL=0000-0099/0061/Sections/0061.079.html","","","","","false","false","false",""
"section","61.122","","Fla. Stat. § 61.122","Parenting plan recommendation; presumption of psychologist’s good faith; prerequisite to parent’s filing suit; award of fees, costs, reimbursement","not_yet_analyzed","Official text is cached, but no explicit analysis establishes offense coverage.","official_current_cache","2026-09-18T15:26:23.662Z","30c72494769eb3c95a529d830e50734e9c7acd1b5a847d39b3a5627edd0aba40","https://www.leg.state.fl.us/statutes/index.cfm?App_mode=Display_Statute&URL=0000-0099/0061/Sections/0061.122.html","","","","","false","false","false",""
"section","61.125","","Fla. Stat. § 61.125","Parenting coordination","not_yet_analyzed","Official text is cached, but no explicit analysis establishes offense coverage.","official_current_cache","2026-09-18T15:26:23.662Z","9287b250eb8987c2ae08a03413811f1bece728c7d20df2cd57470c3e96257f37","https://www.leg.state.fl.us/statutes/index.cfm?App_mode=Display_Statute&URL=0000-0099/0061/Sections/0061.125.html","","","","","false","false","false",""
"section","61.181","","Fla. Stat. § 61.181","Depositories for alimony transactions, support, maintenance, and support payments; fees","not_yet_analyzed","Official text is cached, but no explicit analysis establishes offense coverage.","official_current_cache","2026-09-18T15:26:23.662Z","f5498458c47b724b88c9625f30c46b4f47fd97c6d6950b13e7d38d662a9178c7","https://www.leg.state.fl.us/statutes/index.cfm?App_mode=Display_Statute&URL=0000-0099/0061/Sections/0061.181.html","","","","","false","false","false",""
"section","61.183","","Fla. Stat. § 61.183","Mediation of certain contested issues","not_yet_analyzed","Official text is cached, but no explicit analysis establishes offense coverage.","official_current_cache","2026-09-18T15:26:23.662Z","196ad90b1d7ff14b286bf3448dc4a85685f1dc1d1f2f59e71ef18062b9d0e2e3","https://www.leg.state.fl.us/statutes/index.cfm?App_mode=Display_Statute&URL=0000-0099/0061/Sections/0061.183.html","","","","","false","false","false",""
"section","61.191","","Fla. Stat. § 61.191","Application","not_yet_analyzed","Official text is cached, but no explicit analysis establishes offense coverage.","official_current_cache","2026-09-18T15:26:23.662Z","2b95e5cc27fa10373c73270585394d8dac94279824b4efa8571c8d3705e75c34","https://www.leg.state.fl.us/statutes/index.cfm?App_mode=Display_Statute&URL=0000-0099/0061/Sections/0061.191.html","","","","","false","false","false",""
"section","61.0401","","Fla. Stat. § 61.0401","Application of the law of a foreign country in courts relating to matters arising out of or relating to this chapter and chapter 88","not_yet_analyzed","Official text is cached, but no explicit analysis establishes offense coverage.","official_current_cache","2026-09-18T15:26:23.662Z","6558bebcc752b2e1298d502f5a5d3f162fb59bcfb3cf20e52c858937641f77c2","https://www.leg.state.fl.us/statutes/index.cfm?App_mode=Display_Statute&URL=0000-0099/0061/Sections/0061.0401.html","","","","","false","false","false",""
"section","61.401","","Fla. Stat. § 61.401","Appointment of guardian ad litem","not_yet_analyzed","Official text is cached, but no explicit analysis establishes offense coverage.","official_current_cache","2026-09-18T15:26:23.662Z","ad1cc7e7d32e837360445df4ef1e0406ebeffc315116de4d876c8b12da79dbc0","https://www.leg.state.fl.us/statutes/index.cfm?App_mode=Display_Statute&URL=0000-0099/0061/Sections/0061.401.html","","","","","false","false","false",""
"section","61.402","","Fla. Stat. § 61.402","Qualifications of guardians ad litem","not_yet_analyzed","Official text is cached, but no explicit analysis establishes offense coverage.","official_current_cache","2026-09-18T15:26:23.662Z","47bcfa62a668dd8e80514b1e4c57d02a74fe037462f2431ff54b6c02bb057435","https://www.leg.state.fl.us/statutes/index.cfm?App_mode=Display_Statute&URL=0000-0099/0061/Sections/0061.402.html","","","","","false","false","false",""
"section","61.403","","Fla. Stat. § 61.403","Guardians ad litem; powers and authority","not_yet_analyzed","Official text is cached, but no explicit analysis establishes offense coverage.","official_current_cache","2026-09-18T15:26:23.662Z","450d450426c96b8cc31667f56c2f339017193cee56173a53c8f607e5acfbe345","https://www.leg.state.fl.us/statutes/index.cfm?App_mode=Display_Statute&URL=0000-0099/0061/Sections/0061.403.html","","","","","false","false","false",""
"section","61.404","","Fla. Stat. § 61.404","Guardians ad litem; confidentiality","not_yet_analyzed","Official text is cached, but no explicit analysis establishes offense coverage.","official_current_cache","2026-09-18T15:26:23.662Z","9d102ec3c32e21b8016923286f57c16afcaa63545b79bbadbd22bedfa13cfae8","https://www.leg.state.fl.us/statutes/index.cfm?App_mode=Display_Statute&URL=0000-0099/0061/Sections/0061.404.html","","","","","false","false","false",""
"section","61.405","","Fla. Stat. § 61.405","Guardians ad litem; immunity","not_yet_analyzed","Official text is cached, but no explicit analysis establishes offense coverage.","official_current_cache","2026-09-18T15:26:23.662Z","caae1995e3fd7c88ee274249ba9f31f7dd4ed31bc405d41d5943d872192f850f","https://www.leg.state.fl.us/statutes/index.cfm?App_mode=Display_Statute&URL=0000-0099/0061/Sections/0061.405.html","","","","","false","false","false",""
"section","61.455","","Fla. Stat. § 61.455","Court-ordered parenting plan; neutral safe exchange location or a location authorized by a supervised visitation program","not_yet_analyzed","Official text is cached, but no explicit analysis establishes offense coverage.","official_current_cache","2026-09-18T15:26:23.662Z","dac81335bed092fd260fcd95d0e781611b0ea74a94f3c3ab07f6f1df5e566581","https://www.leg.state.fl.us/statutes/index.cfm?App_mode=Display_Statute&URL=0000-0099/0061/Sections/0061.455.html","","","","","false","false","false",""
"section","61.501","","Fla. Stat. § 61.501","Short title","not_yet_analyzed","Official text is cached, but no explicit analysis establishes offense coverage.","official_current_cache","2026-09-18T15:26:23.662Z","0643a0ec43adf3960e44b947c396764f4dc53425293e284a3e46acffee82e6d4","https://www.leg.state.fl.us/statutes/index.cfm?App_mode=Display_Statute&URL=0000-0099/0061/Sections/0061.501.html","","","","","false","false","false",""
"section","61.502","","Fla. Stat. § 61.502","Purposes of part; construction of provisions","not_yet_analyzed","Official text is cached, but no explicit analysis establishes offense coverage.","official_current_cache","2026-09-18T15:26:23.662Z","fecd11e19cb270f64e2c2f72a8f59fefba24ba43966e01e0f5b28d34f391eda4","https://www.leg.state.fl.us/statutes/index.cfm?App_mode=Display_Statute&URL=0000-0099/0061/Sections/0061.502.html","","","","","false","false","false",""
"section","61.503","","Fla. Stat. § 61.503","Definitions","not_yet_analyzed","Official text is cached, but no explicit analysis establishes offense coverage.","official_current_cache","2026-09-18T15:26:23.662Z","a60b437a689ee1ad4cfdb5d517928c16af9a7fe9429733e400a24be30342c312","https://www.leg.state.fl.us/statutes/index.cfm?App_mode=Display_Statute&URL=0000-0099/0061/Sections/0061.503.html","","","","","false","false","false",""
"section","61.504","","Fla. Stat. § 61.504","Proceedings governed by other law","not_yet_analyzed","Official text is cached, but no explicit analysis establishes offense coverage.","official_current_cache","2026-09-18T15:26:23.662Z","f7b6ac8b1dfd8b15ebacd845dbbd3d208725ab832495bb7ba261e7cbf67ece98","https://www.leg.state.fl.us/statutes/index.cfm?App_mode=Display_Statute&URL=0000-0099/0061/Sections/0061.504.html","","","","","false","false","false",""
"section","61.505","","Fla. Stat. § 61.505","Application to Indian tribes","not_yet_analyzed","Official text is cached, but no explicit analysis establishes offense coverage.","official_current_cache","2026-09-18T15:26:23.662Z","807fcf743dac64d48f9821b04d5137fb84c7a458c9069bc8ac4c56b240a454b0","https://www.leg.state.fl.us/statutes/index.cfm?App_mode=Display_Statute&URL=0000-0099/0061/Sections/0061.505.html","","","","","false","false","false",""
"section","61.506","","Fla. Stat. § 61.506","International application of part","not_yet_analyzed","Official text is cached, but no explicit analysis establishes offense coverage.","official_current_cache","2026-09-18T15:26:23.662Z","8117694e3528d2952301106946f7ad17ea6f5ab9c2ff681f6a91e7ce57e57471","https://www.leg.state.fl.us/statutes/index.cfm?App_mode=Display_Statute&URL=0000-0099/0061/Sections/0061.506.html","","","","","false","false","false",""
"section","61.507","","Fla. Stat. § 61.507","Effect of child custody determination","not_yet_analyzed","Official text is cached, but no explicit analysis establishes offense coverage.","official_current_cache","2026-09-18T15:26:23.662Z","0b879cdfd61655caa2f11e252660e8ff63aaa49411835315f1452aeee10c6aa0","https://www.leg.state.fl.us/statutes/index.cfm?App_mode=Display_Statute&URL=0000-0099/0061/Sections/0061.507.html","","","","","false","false","false",""
"section","61.508","","Fla. Stat. § 61.508","Priority","not_yet_analyzed","Official text is cached, but no explicit analysis establishes offense coverage.","official_current_cache","2026-09-18T15:26:23.662Z","1f088a826b3a06cebd5e1ca244602983e93ff5dd916decec40e65955642d1a2e","https://www.leg.state.fl.us/statutes/index.cfm?App_mode=Display_Statute&URL=0000-0099/0061/Sections/0061.508.html","","","","","false","false","false",""
"section","61.509","","Fla. Stat. § 61.509","Notice to persons outside the state","not_yet_analyzed","Official text is cached, but no explicit analysis establishes offense coverage.","official_current_cache","2026-09-18T15:26:23.662Z","efec9f7ac006736a2a34e536c97f6379e82a96d3baa75e69ce7033ad30b4a513","https://www.leg.state.fl.us/statutes/index.cfm?App_mode=Display_Statute&URL=0000-0099/0061/Sections/0061.509.html","","","","","false","false","false",""
"section","61.510","","Fla. Stat. § 61.510","Appearance and limited immunity","not_yet_analyzed","Official text is cached, but no explicit analysis establishes offense coverage.","official_current_cache","2026-09-18T15:26:23.662Z","25861aa111846e05f20b29a31ec417e69587f0991cd5dded1d2e1041605cc793","https://www.leg.state.fl.us/statutes/index.cfm?App_mode=Display_Statute&URL=0000-0099/0061/Sections/0061.510.html","","","","","false","false","false",""
"section","61.511","","Fla. Stat. § 61.511","Communication between courts","not_yet_analyzed","Official text is cached, but no explicit analysis establishes offense coverage.","official_current_cache","2026-09-18T15:26:23.662Z","d79a59044046adf97346fbce1802729a8577458207326106ee61652d810d89ca","https://www.leg.state.fl.us/statutes/index.cfm?App_mode=Display_Statute&URL=0000-0099/0061/Sections/0061.511.html","","","","","false","false","false",""
"section","61.512","","Fla. Stat. § 61.512","Taking testimony in another state","not_yet_analyzed","Official text is cached, but no explicit analysis establishes offense coverage.","official_current_cache","2026-09-18T15:26:23.662Z","2a182e650ad1a3d3101d9a8a97a12c47eeec8b2edf3b5183fb83d82f73532162","https://www.leg.state.fl.us/statutes/index.cfm?App_mode=Display_Statute&URL=0000-0099/0061/Sections/0061.512.html","","","","","false","false","false",""
"section","61.513","","Fla. Stat. § 61.513","Cooperation between courts; preservation of records","not_yet_analyzed","Official text is cached, but no explicit analysis establishes offense coverage.","official_current_cache","2026-09-18T15:26:23.662Z","02555c536b45d48156872e874493de13c518e484577a6948e584d2b2777e1dce","https://www.leg.state.fl.us/statutes/index.cfm?App_mode=Display_Statute&URL=0000-0099/0061/Sections/0061.513.html","","","","","false","false","false",""
"section","61.514","","Fla. Stat. § 61.514","Initial child custody jurisdiction","not_yet_analyzed","Official text is cached, but no explicit analysis establishes offense coverage.","official_current_cache","2026-09-18T15:26:23.662Z","bf0fc3ab383d49cc90e46a6ed45effc3e776d89b91430150f8fd422592486c3e","https://www.leg.state.fl.us/statutes/index.cfm?App_mode=Display_Statute&URL=0000-0099/0061/Sections/0061.514.html","","","","","false","false","false",""
"section","61.515","","Fla. Stat. § 61.515","Exclusive, continuing jurisdiction","not_yet_analyzed","Official text is cached, but no explicit analysis establishes offense coverage.","official_current_cache","2026-09-18T15:26:23.662Z","5d63282865de9154d222cc3c87929ca8c90505e64856927f023c837bcbad793a","https://www.leg.state.fl.us/statutes/index.cfm?App_mode=Display_Statute&URL=0000-0099/0061/Sections/0061.515.html","","","","","false","false","false",""
"section","61.516","","Fla. Stat. § 61.516","Jurisdiction to modify a determination","not_yet_analyzed","Official text is cached, but no explicit analysis establishes offense coverage.","official_current_cache","2026-09-18T15:26:23.662Z","06590b61d24cf8afbf139b9228a4dbb423478af304ef3bb237d98998119cd5e0","https://www.leg.state.fl.us/statutes/index.cfm?App_mode=Display_Statute&URL=0000-0099/0061/Sections/0061.516.html","","","","","false","false","false",""
"section","61.517","","Fla. Stat. § 61.517","Temporary emergency jurisdiction","not_yet_analyzed","Official text is cached, but no explicit analysis establishes offense coverage.","official_current_cache","2026-09-18T15:26:23.662Z","8369e89a79b624412d524fe2f6b4a029036912e2aa0d07ca55ee85bf835ae609","https://www.leg.state.fl.us/statutes/index.cfm?App_mode=Display_Statute&URL=0000-0099/0061/Sections/0061.517.html","","","","","false","false","false",""
"section","61.518","","Fla. Stat. § 61.518","Notice; opportunity to be heard; joinder","not_yet_analyzed","Official text is cached, but no explicit analysis establishes offense coverage.","official_current_cache","2026-09-18T15:26:23.662Z","317fe352fd868597c289e5c889bcf741bfa83dd1282e0eb3a0b5b922b8e46a7b","https://www.leg.state.fl.us/statutes/index.cfm?App_mode=Display_Statute&URL=0000-0099/0061/Sections/0061.518.html","","","","","false","false","false",""
"section","61.519","","Fla. Stat. § 61.519","Simultaneous proceedings","not_yet_analyzed","Official text is cached, but no explicit analysis establishes offense coverage.","official_current_cache","2026-09-18T15:26:23.662Z","b2ccfd5e61da33f89e66d9a8268117e26e51d932744333d5d9b7a7c6a3d786e2","https://www.leg.state.fl.us/statutes/index.cfm?App_mode=Display_Statute&URL=0000-0099/0061/Sections/0061.519.html","","","","","false","false","false",""
"section","61.520","","Fla. Stat. § 61.520","Inconvenient forum","not_yet_analyzed","Official text is cached, but no explicit analysis establishes offense coverage.","official_current_cache","2026-09-18T15:26:23.662Z","97cd7329c610d09785551e6b21c9a7fcbcf4ec939427e568a5ae0f84b79f2972","https://www.leg.state.fl.us/statutes/index.cfm?App_mode=Display_Statute&URL=0000-0099/0061/Sections/0061.520.html","","","","","false","false","false",""
"section","61.521","","Fla. Stat. § 61.521","Jurisdiction declined by reason of conduct","not_yet_analyzed","Official text is cached, but no explicit analysis establishes offense coverage.","official_current_cache","2026-09-18T15:26:23.662Z","0c9fcbbdaf219c54ffc112b09f73263e4539acb0e1a48f52d7b0541ec129857f","https://www.leg.state.fl.us/statutes/index.cfm?App_mode=Display_Statute&URL=0000-0099/0061/Sections/0061.521.html","","","","","false","false","false",""
"section","61.522","","Fla. Stat. § 61.522","Information to be submitted to the court","not_yet_analyzed","Official text is cached, but no explicit analysis establishes offense coverage.","official_current_cache","2026-09-18T15:26:23.662Z","6f05ef1ec256f7712cf284711552adbddc218f2cad88a66824660870b0d48167","https://www.leg.state.fl.us/statutes/index.cfm?App_mode=Display_Statute&URL=0000-0099/0061/Sections/0061.522.html","","","","","false","false","false",""
"section","61.523","","Fla. Stat. § 61.523","Appearance of parties and child","not_yet_analyzed","Official text is cached, but no explicit analysis establishes offense coverage.","official_current_cache","2026-09-18T15:26:23.662Z","a383f170f74de7c6314bdba6f8358bad067b723bbd8742dd56f09826d9c59c45","https://www.leg.state.fl.us/statutes/index.cfm?App_mode=Display_Statute&URL=0000-0099/0061/Sections/0061.523.html","","","","","false","false","false",""
"section","61.524","","Fla. Stat. § 61.524","Definitions","not_yet_analyzed","Official text is cached, but no explicit analysis establishes offense coverage.","official_current_cache","2026-09-18T15:26:23.662Z","224a53f84e0f45d20c6297e868fc09c54f452196b57c11d9d630398897cb5619","https://www.leg.state.fl.us/statutes/index.cfm?App_mode=Display_Statute&URL=0000-0099/0061/Sections/0061.524.html","","","","","false","false","false",""
"section","61.525","","Fla. Stat. § 61.525","Enforcement under the Hague Convention","not_yet_analyzed","Official text is cached, but no explicit analysis establishes offense coverage.","official_current_cache","2026-09-18T15:26:23.662Z","98a9d085ec2910b016fb018800d0a249ac938099cdaee861fd2da14f947d157d","https://www.leg.state.fl.us/statutes/index.cfm?App_mode=Display_Statute&URL=0000-0099/0061/Sections/0061.525.html","","","","","false","false","false",""
"section","61.526","","Fla. Stat. § 61.526","Duty to enforce","not_yet_analyzed","Official text is cached, but no explicit analysis establishes offense coverage.","official_current_cache","2026-09-18T15:26:23.662Z","397942e3af0328e01e3a434e159a282d224e1f301cc434d523f51c7a0f59b5f9","https://www.leg.state.fl.us/statutes/index.cfm?App_mode=Display_Statute&URL=0000-0099/0061/Sections/0061.526.html","","","","","false","false","false",""
"section","61.527","","Fla. Stat. § 61.527","Temporary visitation","not_yet_analyzed","Official text is cached, but no explicit analysis establishes offense coverage.","official_current_cache","2026-09-18T15:26:23.662Z","87993a89be7c05877109f0b90c9d5c964c761f5c34897489488d3d4ab0401d2b","https://www.leg.state.fl.us/statutes/index.cfm?App_mode=Display_Statute&URL=0000-0099/0061/Sections/0061.527.html","","","","","false","false","false",""
"section","61.528","","Fla. Stat. § 61.528","Registration of child custody determination","not_yet_analyzed","Official text is cached, but no explicit analysis establishes offense coverage.","official_current_cache","2026-09-18T15:26:23.662Z","52f1904ee73ab00f46998f9960fc69606ffc2400767cca0db9c7f7a03981eafd","https://www.leg.state.fl.us/statutes/index.cfm?App_mode=Display_Statute&URL=0000-0099/0061/Sections/0061.528.html","","","","","false","false","false",""
"section","61.529","","Fla. Stat. § 61.529","Enforcement of registered determination","not_yet_analyzed","Official text is cached, but no explicit analysis establishes offense coverage.","official_current_cache","2026-09-18T15:26:23.662Z","0e1d072b2567176911d871871ea29cd57f703789a32d584158c82ca0e5e949b4","https://www.leg.state.fl.us/statutes/index.cfm?App_mode=Display_Statute&URL=0000-0099/0061/Sections/0061.529.html","","","","","false","false","false",""
"section","61.530","","Fla. Stat. § 61.530","Simultaneous proceedings","not_yet_analyzed","Official text is cached, but no explicit analysis establishes offense coverage.","official_current_cache","2026-09-18T15:26:23.662Z","428679efda6de2daa6d30cae7d403afc7afd112a5a9d82583677d36d91507e00","https://www.leg.state.fl.us/statutes/index.cfm?App_mode=Display_Statute&URL=0000-0099/0061/Sections/0061.530.html","","","","","false","false","false",""
"section","61.531","","Fla. Stat. § 61.531","Expedited enforcement of child custody determination","not_yet_analyzed","Official text is cached, but no explicit analysis establishes offense coverage.","official_current_cache","2026-09-18T15:26:23.662Z","20dbe4d043e66e44af38bf8dbd738f00f271d59367177fef158abcc6dcda51ea","https://www.leg.state.fl.us/statutes/index.cfm?App_mode=Display_Statute&URL=0000-0099/0061/Sections/0061.531.html","","","","","false","false","false",""
"section","61.532","","Fla. Stat. § 61.532","Service of petition and order","not_yet_analyzed","Official text is cached, but no explicit analysis establishes offense coverage.","official_current_cache","2026-09-18T15:26:23.662Z","1db0d5386a56552b9f58f5b06becbdb7bfdb493f0d6b352ada9c382399b0606c","https://www.leg.state.fl.us/statutes/index.cfm?App_mode=Display_Statute&URL=0000-0099/0061/Sections/0061.532.html","","","","","false","false","false",""
"section","61.533","","Fla. Stat. § 61.533","Hearing and order","not_yet_analyzed","Official text is cached, but no explicit analysis establishes offense coverage.","official_current_cache","2026-09-18T15:26:23.662Z","5ab220601c0235140a2d899badabedd25f89ffb34a5b07ae4207da7728d38450","https://www.leg.state.fl.us/statutes/index.cfm?App_mode=Display_Statute&URL=0000-0099/0061/Sections/0061.533.html","","","","","false","false","false",""
"section","61.534","","Fla. Stat. § 61.534","Warrant to take physical custody of child","not_yet_analyzed","Official text is cached, but no explicit analysis establishes offense coverage.","official_current_cache","2026-09-18T15:26:23.662Z","a971e5a04134ce5d7670a1e44e909c31d4346d32f75e24dfa9d1b270da463211","https://www.leg.state.fl.us/statutes/index.cfm?App_mode=Display_Statute&URL=0000-0099/0061/Sections/0061.534.html","","","","","false","false","false",""
"section","61.535","","Fla. Stat. § 61.535","Costs, fees, and expenses","not_yet_analyzed","Official text is cached, but no explicit analysis establishes offense coverage.","official_current_cache","2026-09-18T15:26:23.662Z","5b606d6d7797c5747ade1b7282e9c6cd1ead2dddacc19ef4d659a9b3efc7590a","https://www.leg.state.fl.us/statutes/index.cfm?App_mode=Display_Statute&URL=0000-0099/0061/Sections/0061.535.html","","","","","false","false","false",""
"section","61.536","","Fla. Stat. § 61.536","Recognition and enforcement","not_yet_analyzed","Official text is cached, but no explicit analysis establishes offense coverage.","official_current_cache","2026-09-18T15:26:23.662Z","973254d84dbe207d23e2204b2926bc5ee360d7bc95d85e35af5ead28c946f224","https://www.leg.state.fl.us/statutes/index.cfm?App_mode=Display_Statute&URL=0000-0099/0061/Sections/0061.536.html","","","","","false","false","false",""
"section","61.537","","Fla. Stat. § 61.537","Appeals","not_yet_analyzed","Official text is cached, but no explicit analysis establishes offense coverage.","official_current_cache","2026-09-18T15:26:23.662Z","baaabe0a341129a3d9561ecb73252aa47718b69bbe4ba1c0c4605ba2a7d5bc9d","https://www.leg.state.fl.us/statutes/index.cfm?App_mode=Display_Statute&URL=0000-0099/0061/Sections/0061.537.html","","","","","false","false","false",""
"section","61.538","","Fla. Stat. § 61.538","Role of state attorney","not_yet_analyzed","Official text is cached, but no explicit analysis establishes offense coverage.","official_current_cache","2026-09-18T15:26:23.662Z","4ecb1e0500cca4807b30ded4913bc259e84e3c23aaba2efb86304ccae4ffb598","https://www.leg.state.fl.us/statutes/index.cfm?App_mode=Display_Statute&URL=0000-0099/0061/Sections/0061.538.html","","","","","false","false","false",""
"section","61.539","","Fla. Stat. § 61.539","Role of law enforcement officers","not_yet_analyzed","Official text is cached, but no explicit analysis establishes offense coverage.","official_current_cache","2026-09-18T15:26:23.662Z","44f1c24e46c9c23fb854b507ec208864d3187118ab2745439c2ef9c47ffd557c","https://www.leg.state.fl.us/statutes/index.cfm?App_mode=Display_Statute&URL=0000-0099/0061/Sections/0061.539.html","","","","","false","false","false",""
"section","61.540","","Fla. Stat. § 61.540","Costs and expenses","not_yet_analyzed","Official text is cached, but no explicit analysis establishes offense coverage.","official_current_cache","2026-09-18T15:26:23.662Z","c3f087f077cfa13cdcb1c79dfb0d9e688387c92ee2e01d7ddd6e75594ab09673","https://www.leg.state.fl.us/statutes/index.cfm?App_mode=Display_Statute&URL=0000-0099/0061/Sections/0061.540.html","","","","","false","false","false",""
"section","61.541","","Fla. Stat. § 61.541","Application and construction","not_yet_analyzed","Official text is cached, but no explicit analysis establishes offense coverage.","official_current_cache","2026-09-18T15:26:23.662Z","641bd01150fbf92af2314660135608a1114052a05d649a90075758b18776e2e4","https://www.leg.state.fl.us/statutes/index.cfm?App_mode=Display_Statute&URL=0000-0099/0061/Sections/0061.541.html","","","","","false","false","false",""
"section","61.542","","Fla. Stat. § 61.542","Transitional provision","not_yet_analyzed","Official text is cached, but no explicit analysis establishes offense coverage.","official_current_cache","2026-09-18T15:26:23.662Z","ce754837c45c3b1ec82214eefe8d7ff5653a78a8f3e96ee2a6220c54a9d653b8","https://www.leg.state.fl.us/statutes/index.cfm?App_mode=Display_Statute&URL=0000-0099/0061/Sections/0061.542.html","","","","","false","false","false",""
"section","61.703","","Fla. Stat. § 61.703","Definitions","not_yet_analyzed","Official text is cached, but no explicit analysis establishes offense coverage.","official_current_cache","2026-09-18T15:26:23.662Z","808097c480ee5c3d066af38b2868511093cc97260a284315f054e79087817039","https://www.leg.state.fl.us/statutes/index.cfm?App_mode=Display_Statute&URL=0000-0099/0061/Sections/0061.703.html","","","","","false","false","false",""
"section","61.705","","Fla. Stat. § 61.705","Remedies for noncompliance","not_yet_analyzed","Official text is cached, but no explicit analysis establishes offense coverage.","official_current_cache","2026-09-18T15:26:23.662Z","7e5bd5b8828365b9fb3bea42597e5a69ce30767b57395db091f7c5bee1418ecf","https://www.leg.state.fl.us/statutes/index.cfm?App_mode=Display_Statute&URL=0000-0099/0061/Sections/0061.705.html","","","","","false","false","false",""
"section","61.707","","Fla. Stat. § 61.707","Jurisdiction","not_yet_analyzed","Official text is cached, but no explicit analysis establishes offense coverage.","official_current_cache","2026-09-18T15:26:23.662Z","cca37d317d276d800b056f66c942121042cc9b341ec1204328905e7401488212","https://www.leg.state.fl.us/statutes/index.cfm?App_mode=Display_Statute&URL=0000-0099/0061/Sections/0061.707.html","","","","","false","false","false",""
"section","61.709","","Fla. Stat. § 61.709","Notice requirement for deploying parent","not_yet_analyzed","Official text is cached, but no explicit analysis establishes offense coverage.","official_current_cache","2026-09-18T15:26:23.662Z","ae67ad9cc922b36257cf6d977dd7100f7dbc26f951de7a791b42af7e8b70f484","https://www.leg.state.fl.us/statutes/index.cfm?App_mode=Display_Statute&URL=0000-0099/0061/Sections/0061.709.html","","","","","false","false","false",""
"section","61.711","","Fla. Stat. § 61.711","Duty to notify of change of address","not_yet_analyzed","Official text is cached, but no explicit analysis establishes offense coverage.","official_current_cache","2026-09-18T15:26:23.662Z","85f4fe5fd4602657884631285791e118d9af0be8123b568827b670d5d9be67fc","https://www.leg.state.fl.us/statutes/index.cfm?App_mode=Display_Statute&URL=0000-0099/0061/Sections/0061.711.html","","","","","false","false","false",""
"section","61.713","","Fla. Stat. § 61.713","General consideration in custody proceeding of parent’s service","not_yet_analyzed","Official text is cached, but no explicit analysis establishes offense coverage.","official_current_cache","2026-09-18T15:26:23.662Z","25bbc4c995256a9b685c2d8cbd099091459e0e21c70c39e95026748371a1e316","https://www.leg.state.fl.us/statutes/index.cfm?App_mode=Display_Statute&URL=0000-0099/0061/Sections/0061.713.html","","","","","false","false","false",""
"section","61.721","","Fla. Stat. § 61.721","Form of temporary custodial responsibility agreement","not_yet_analyzed","Official text is cached, but no explicit analysis establishes offense coverage.","official_current_cache","2026-09-18T15:26:23.662Z","f23a65d49173a7de96dc1215de7e30075c2da09d0915ed3038da0e7f89e0f7a6","https://www.leg.state.fl.us/statutes/index.cfm?App_mode=Display_Statute&URL=0000-0099/0061/Sections/0061.721.html","","","","","false","false","false",""
"section","61.723","","Fla. Stat. § 61.723","Nature of authority created by temporary custodial responsibility agreement","not_yet_analyzed","Official text is cached, but no explicit analysis establishes offense coverage.","official_current_cache","2026-09-18T15:26:23.662Z","c1cca4fd8ef560a47a8ceafb5203bfaf15918a4b8771d62edd537cae768336d0","https://www.leg.state.fl.us/statutes/index.cfm?App_mode=Display_Statute&URL=0000-0099/0061/Sections/0061.723.html","","","","","false","false","false",""
"section","61.725","","Fla. Stat. § 61.725","Modification of agreement","not_yet_analyzed","Official text is cached, but no explicit analysis establishes offense coverage.","official_current_cache","2026-09-18T15:26:23.662Z","e8f3e0fd62abd1036121536f6bbf9c248ac498089b0121ac9e0577a6703e2b52","https://www.leg.state.fl.us/statutes/index.cfm?App_mode=Display_Statute&URL=0000-0099/0061/Sections/0061.725.html","","","","","false","false","false",""
"section","61.727","","Fla. Stat. § 61.727","Power of attorney","not_yet_analyzed","Official text is cached, but no explicit analysis establishes offense coverage.","official_current_cache","2026-09-18T15:26:23.662Z","3c44e6832b919eec7d8d68690d3971dc261d6ea902792f06efa720f3aa18f871","https://www.leg.state.fl.us/statutes/index.cfm?App_mode=Display_Statute&URL=0000-0099/0061/Sections/0061.727.html","","","","","false","false","false",""
"section","61.729","","Fla. Stat. § 61.729","Filing custodial responsibility agreement or power of attorney with court","not_yet_analyzed","Official text is cached, but no explicit analysis establishes offense coverage.","official_current_cache","2026-09-18T15:26:23.662Z","bdabdb0cd5b911fe845b3605c68439c7d9f48b5cbe9fdf141ea4c13761ae2012","https://www.leg.state.fl.us/statutes/index.cfm?App_mode=Display_Statute&URL=0000-0099/0061/Sections/0061.729.html","","","","","false","false","false",""
"section","61.733","","Fla. Stat. § 61.733","Proceeding for temporary custody order","not_yet_analyzed","Official text is cached, but no explicit analysis establishes offense coverage.","official_current_cache","2026-09-18T15:26:23.662Z","5471c76c1952e694a84ecf839569a4650e41324b2203ad1f2eba16c8739915b5","https://www.leg.state.fl.us/statutes/index.cfm?App_mode=Display_Statute&URL=0000-0099/0061/Sections/0061.733.html","","","","","false","false","false",""
"section","61.735","","Fla. Stat. § 61.735","Testimony by electronic means","not_yet_analyzed","Official text is cached, but no explicit analysis establishes offense coverage.","official_current_cache","2026-09-18T15:26:23.662Z","395b2c6485309f166fa34030709360b1e99a14d3acd3cb8b854587b2b61c4509","https://www.leg.state.fl.us/statutes/index.cfm?App_mode=Display_Statute&URL=0000-0099/0061/Sections/0061.735.html","","","","","false","false","false",""
"section","61.737","","Fla. Stat. § 61.737","Effect of prior judicial order or agreement","not_yet_analyzed","Official text is cached, but no explicit analysis establishes offense coverage.","official_current_cache","2026-09-18T15:26:23.662Z","ff4c16aa0f7df3006aebb0065522e953d44748d69135cd830265ce3fdc0ffb1b","https://www.leg.state.fl.us/statutes/index.cfm?App_mode=Display_Statute&URL=0000-0099/0061/Sections/0061.737.html","","","","","false","false","false",""
"section","61.739","","Fla. Stat. § 61.739","Grant of temporary caretaking authority to nonparent","not_yet_analyzed","Official text is cached, but no explicit analysis establishes offense coverage.","official_current_cache","2026-09-18T15:26:23.662Z","5afdac3d74f4f0c7c504acba0afcd3c343602583792485d217f43ccd335f207d","https://www.leg.state.fl.us/statutes/index.cfm?App_mode=Display_Statute&URL=0000-0099/0061/Sections/0061.739.html","","","","","false","false","false",""
"section","61.741","","Fla. Stat. § 61.741","Grant of limited contact","not_yet_analyzed","Official text is cached, but no explicit analysis establishes offense coverage.","official_current_cache","2026-09-18T15:26:23.662Z","a6690ec4e16f3810aeb63b71983cb21995b062d603fda3c0858580dc5a102e81","https://www.leg.state.fl.us/statutes/index.cfm?App_mode=Display_Statute&URL=0000-0099/0061/Sections/0061.741.html","","","","","false","false","false",""
"section","61.743","","Fla. Stat. § 61.743","Nature of authority created by temporary custody order","not_yet_analyzed","Official text is cached, but no explicit analysis establishes offense coverage.","official_current_cache","2026-09-18T15:26:23.662Z","fd371649c3a9af634a017216117a10ba00bde4968dab62d5438b41f4ae798975","https://www.leg.state.fl.us/statutes/index.cfm?App_mode=Display_Statute&URL=0000-0099/0061/Sections/0061.743.html","","","","","false","false","false",""
"section","61.745","","Fla. Stat. § 61.745","Content of temporary custody order","not_yet_analyzed","Official text is cached, but no explicit analysis establishes offense coverage.","official_current_cache","2026-09-18T15:26:23.662Z","6202e0b8d4ed8f36cd35825a3d420cdfe8125976362b697bcb70954be4a75c2d","https://www.leg.state.fl.us/statutes/index.cfm?App_mode=Display_Statute&URL=0000-0099/0061/Sections/0061.745.html","","","","","false","false","false",""
"section","61.747","","Fla. Stat. § 61.747","Order for child support","not_yet_analyzed","Official text is cached, but no explicit analysis establishes offense coverage.","official_current_cache","2026-09-18T15:26:23.662Z","79ba32d3930a5ce3ddf9d81da9ed06a4f062ac5cf198a862fd3d475f55f388ef","https://www.leg.state.fl.us/statutes/index.cfm?App_mode=Display_Statute&URL=0000-0099/0061/Sections/0061.747.html","","","","","false","false","false",""
"section","61.749","","Fla. Stat. § 61.749","Modifying or terminating temporary grant of custodial responsibility or limited contact to nonparent","not_yet_analyzed","Official text is cached, but no explicit analysis establishes offense coverage.","official_current_cache","2026-09-18T15:26:23.662Z","57f3e99a0dcdcb0e0dc5304ab4fbd7905dd37ddabbaac6cea971ddadb5072493","https://www.leg.state.fl.us/statutes/index.cfm?App_mode=Display_Statute&URL=0000-0099/0061/Sections/0061.749.html","","","","","false","false","false",""
"section","61.761","","Fla. Stat. § 61.761","Procedure for terminating temporary agreement granting custodial responsibility","not_yet_analyzed","Official text is cached, but no explicit analysis establishes offense coverage.","official_current_cache","2026-09-18T15:26:23.662Z","37d0e7d42ebe52e27c5b6dbe85adb2ec52c96a5550c9cd9dd0f5f30169aa0f9d","https://www.leg.state.fl.us/statutes/index.cfm?App_mode=Display_Statute&URL=0000-0099/0061/Sections/0061.761.html","","","","","false","false","false",""
"section","61.763","","Fla. Stat. § 61.763","Visitation before termination of temporary grant of custodial responsibility","not_yet_analyzed","Official text is cached, but no explicit analysis establishes offense coverage.","official_current_cache","2026-09-18T15:26:23.662Z","f68fe1b0b553d5a4b4f55375d5b791bd3303b626803a0dae19003ca30c932424","https://www.leg.state.fl.us/statutes/index.cfm?App_mode=Display_Statute&URL=0000-0099/0061/Sections/0061.763.html","","","","","false","false","false",""
"section","61.771","","Fla. Stat. § 61.771","Relation to electronic signatures in Global and National Commerce Act","not_yet_analyzed","Official text is cached, but no explicit analysis establishes offense coverage.","official_current_cache","2026-09-18T15:26:23.662Z","ff61e8cf985756ff7882f6121e00b5c64c4d84c3eeaf732d9dcfbbd9d1cd6fdc","https://www.leg.state.fl.us/statutes/index.cfm?App_mode=Display_Statute&URL=0000-0099/0061/Sections/0061.771.html","","","","","false","false","false",""
"section","61.773","","Fla. Stat. § 61.773","Applicability","not_yet_analyzed","Official text is cached, but no explicit analysis establishes offense coverage.","official_current_cache","2026-09-18T15:26:23.662Z","2624a0a37c86e770df283af9f5694afcb4c72b3717a1a14895deb5886c3d9746","https://www.leg.state.fl.us/statutes/index.cfm?App_mode=Display_Statute&URL=0000-0099/0061/Sections/0061.773.html","","","","","false","false","false",""
"section","61.1255","","Fla. Stat. § 61.1255","Support for dependent adult children; legislative intent; powers of court","not_yet_analyzed","Official text is cached, but no explicit analysis establishes offense coverage.","official_current_cache","2026-09-18T15:26:23.662Z","15d60926e1190450c9663822f444b1891509512fc2e23889cbc6b6a009334669","https://www.leg.state.fl.us/statutes/index.cfm?App_mode=Display_Statute&URL=0000-0099/0061/Sections/0061.1255.html","","","","","false","false","false",""
"section","61.1301","","Fla. Stat. § 61.1301","Income deduction orders","not_yet_analyzed","Official text is cached, but no explicit analysis establishes offense coverage.","official_current_cache","2026-09-18T15:26:23.662Z","050bcdcd69eda05dc6ebe1d3869bf21770695cff31a870e8f8a6f851abcbf2a2","https://www.leg.state.fl.us/statutes/index.cfm?App_mode=Display_Statute&URL=0000-0099/0061/Sections/0061.1301.html","","","","","false","false","false",""
"section","61.1354","","Fla. Stat. § 61.1354","Sharing of information between consumer reporting agencies and the IV-D agency","not_yet_analyzed","Official text is cached, but no explicit analysis establishes offense coverage.","official_current_cache","2026-09-18T15:26:23.662Z","5ff24c23e70f9b890ddc7cdefd6fdad90f101c0a7681d405858ff7a647908f2e","https://www.leg.state.fl.us/statutes/index.cfm?App_mode=Display_Statute&URL=0000-0099/0061/Sections/0061.1354.html","","","","","false","false","false",""
"section","61.1811","","Fla. Stat. § 61.1811","Clerk of the Court Child Support Enforcement Collection System Trust Fund","not_yet_analyzed","Official text is cached, but no explicit analysis establishes offense coverage.","official_current_cache","2026-09-18T15:26:23.662Z","71cf9fce3cd33a880368dbd6c0b27706c249841b73484eb7cb81380b679297c6","https://www.leg.state.fl.us/statutes/index.cfm?App_mode=Display_Statute&URL=0000-0099/0061/Sections/0061.1811.html","","","","","false","false","false",""
"section","61.1812","","Fla. Stat. § 61.1812","Child Support Incentive Trust Fund","not_yet_analyzed","Official text is cached, but no explicit analysis establishes offense coverage.","official_current_cache","2026-09-18T15:26:23.662Z","02644a8af996b693d38cde6d5ab9d7399b960a3499875df5cb312a04feda9acd","https://www.leg.state.fl.us/statutes/index.cfm?App_mode=Display_Statute&URL=0000-0099/0061/Sections/0061.1812.html","","","","","false","false","false",""
"section","61.1814","","Fla. Stat. § 61.1814","Child Support Enforcement Application and Program Revenue Trust Fund","not_yet_analyzed","Official text is cached, but no explicit analysis establishes offense coverage.","official_current_cache","2026-09-18T15:26:23.662Z","fee5116019818cad80d597723189cd16ce6fd3782fbc0d0b48406e1e52b05427","https://www.leg.state.fl.us/statutes/index.cfm?App_mode=Display_Statute&URL=0000-0099/0061/Sections/0061.1814.html","","","","","false","false","false",""
"section","61.1816","","Fla. Stat. § 61.1816","Child Support Clearing Trust Fund","not_yet_analyzed","Official text is cached, but no explicit analysis establishes offense coverage.","official_current_cache","2026-09-18T15:26:23.662Z","4482c8dda8253f07088cbd7cdc24453215faa6830dbf91042bc671e5e9e1a6d0","https://www.leg.state.fl.us/statutes/index.cfm?App_mode=Display_Statute&URL=0000-0099/0061/Sections/0061.1816.html","","","","","false","false","false",""
"section","61.1824","","Fla. Stat. § 61.1824","State Disbursement Unit","not_yet_analyzed","Official text is cached, but no explicit analysis establishes offense coverage.","official_current_cache","2026-09-18T15:26:23.662Z","b38a8065e7c14e697985f9624b9cb8f94d6c3b96033492d70dc3a19ac2c12f53","https://www.leg.state.fl.us/statutes/index.cfm?App_mode=Display_Statute&URL=0000-0099/0061/Sections/0061.1824.html","","","","","false","false","false",""
"section","61.1825","","Fla. Stat. § 61.1825","State Case Registry","not_yet_analyzed","Official text is cached, but no explicit analysis establishes offense coverage.","official_current_cache","2026-09-18T15:26:23.662Z","e16ac4a823e53d961bb075240e76198f32ca168255764463f292e64f0c016309","https://www.leg.state.fl.us/statutes/index.cfm?App_mode=Display_Statute&URL=0000-0099/0061/Sections/0061.1825.html","","","","","false","false","false",""
"section","61.1826","","Fla. Stat. § 61.1826","Procurement of services for State Disbursement Unit and the non-Title IV-D component of the State Case Registry; contracts and cooperative agreements; penalties; withholding payment","not_yet_analyzed","Official text is cached, but no explicit analysis establishes offense coverage.","official_current_cache","2026-09-18T15:26:23.662Z","15a01a4a5cc08bc6ebeb1d88b8a1ca92b647b1b49eb21c6e6b0a3f60e2e2e7bb","https://www.leg.state.fl.us/statutes/index.cfm?App_mode=Display_Statute&URL=0000-0099/0061/Sections/0061.1826.html","","","","","false","false","false",""
"section","61.1827","","Fla. Stat. § 61.1827","Identifying information concerning applicants for and recipients of child support services","not_yet_analyzed","Official text is cached, but no explicit analysis establishes offense coverage.","official_current_cache","2026-09-18T15:26:23.662Z","2166ccd5961ad3758eeb8f3c8ebf487dd9bcd70668fb99b791bb065fd71311c0","https://www.leg.state.fl.us/statutes/index.cfm?App_mode=Display_Statute&URL=0000-0099/0061/Sections/0061.1827.html","","","","","false","false","false",""
"section","61.13001","","Fla. Stat. § 61.13001","Parental relocation with a child","not_yet_analyzed","Official text is cached, but no explicit analysis establishes offense coverage.","official_current_cache","2026-09-18T15:26:23.662Z","946d4761be7946b42fcfc02ed61589fdd08e096eadc28854b640273dae6bfa65","https://www.leg.state.fl.us/statutes/index.cfm?App_mode=Display_Statute&URL=0000-0099/0061/Sections/0061.13001.html","","","","","false","false","false",""
"section","61.13003","","Fla. Stat. § 61.13003","Court-ordered electronic communication between a parent and a child","not_yet_analyzed","Official text is cached, but no explicit analysis establishes offense coverage.","official_current_cache","2026-09-18T15:26:23.662Z","5e949c8a53523d04e81fbe2142240f0f08e7613b20fe4f85eb626133e2fe210c","https://www.leg.state.fl.us/statutes/index.cfm?App_mode=Display_Statute&URL=0000-0099/0061/Sections/0061.13003.html","","","","","false","false","false",""
"section","61.13015","","Fla. Stat. § 61.13015","Petition for suspension or denial of professional licenses and certificates","not_yet_analyzed","Official text is cached, but no explicit analysis establishes offense coverage.","official_current_cache","2026-09-18T15:26:23.662Z","349417b0d97f472aec26288d5c1249bd0357cc5749d910870d95637a658d3195","https://www.leg.state.fl.us/statutes/index.cfm?App_mode=Display_Statute&URL=0000-0099/0061/Sections/0061.13015.html","","","","","false","false","false",""
"section","61.13016","","Fla. Stat. § 61.13016","Suspension of driver licenses and motor vehicle registrations","not_yet_analyzed","Official text is cached, but no explicit analysis establishes offense coverage.","official_current_cache","2026-09-18T15:26:23.662Z","64cb771da300f8483abf95a02abdfe320ef0e55f499f1258f7ff2847a9b059f9","https://www.leg.state.fl.us/statutes/index.cfm?App_mode=Display_Statute&URL=0000-0099/0061/Sections/0061.13016.html","","","","","false","false","false",""
"section","104.091","","Fla. Stat. § 104.091","Aiding, abetting, advising, or conspiring in violation of the code","not_yet_analyzed","Official text is cached, but no explicit analysis establishes offense coverage.","official_current_cache","2026-09-18T15:56:29.566Z","da78538a5794c2676e83b6fe65959cda20328bf2dfbe86b1dced5aa760d319ce","https://www.leg.state.fl.us/statutes/index.cfm?App_mode=Display_Statute&URL=0100-0199/0104/Sections/0104.091.html","","","","","false","false","false",""
"section","112.191","","Fla. Stat. § 112.191","","blocked","Explicit analyst note identifies the available firefighter provision as historical-only evidence.","historical_only","","","","","","","","false","false","false",""
"section","212.15","","Fla. Stat. § 212.15","Taxes declared state funds; penalties for failure to remit taxes; due and delinquent dates; judicial review","not_yet_analyzed","Official text is cached, but no explicit analysis establishes offense coverage.","official_current_cache","2026-09-18T15:34:11.460Z","9e89ca7032527ae98e9dec12af8bad4adf0695b858a0ec32ea14b923864e8cf6","https://www.leg.state.fl.us/statutes/index.cfm?App_mode=Display_Statute&URL=0200-0299/0212/Sections/0212.15.html","","","","","false","false","false",""
"section","213.29","","Fla. Stat. § 213.29","","blocked","Explicit analyst hold: no current Florida Statutes 2026 document is in the reviewed cache.","known_absent","","","","","fl-section-213.29","held","fl-tax-fraud","false","false","false",""
"scope","213.29","","Fla. Stat. § 213.29","","blocked","Explicit analyst hold: no current Florida Statutes 2026 document is in the reviewed cache.","known_absent","","","","","fl-section-213.29","held","fl-tax-fraud","false","false","false",""
"section","316.001","","Fla. Stat. § 316.001","Short title","not_yet_analyzed","Official text is cached, but no explicit analysis establishes offense coverage.","official_current_cache","2026-09-18T15:26:17.364Z","32d993a666243e85958e09d651c9cb5b682458b360e85260b11cd15e83505096","https://www.leg.state.fl.us/statutes/index.cfm?App_mode=Display_Statute&URL=0300-0399/0316/Sections/0316.001.html","","","","","false","false","false",""
"section","316.002","","Fla. Stat. § 316.002","Purpose","not_yet_analyzed","Official text is cached, but no explicit analysis establishes offense coverage.","official_current_cache","2026-09-18T15:26:17.364Z","3d0ffee8530edaba82f645f47b38063b2e7c686e9b1fe32f7f212bb12bbce435","https://www.leg.state.fl.us/statutes/index.cfm?App_mode=Display_Statute&URL=0300-0399/0316/Sections/0316.002.html","","","","","false","false","false",""
"section","316.003","","Fla. Stat. § 316.003","Definitions","not_yet_analyzed","Official text is cached, but no explicit analysis establishes offense coverage.","official_current_cache","2026-09-18T15:26:17.364Z","ed21cdbac2dab33c24c500adcbaca8da909e8a691f6fc5919a12f9921bc3e6a5","https://www.leg.state.fl.us/statutes/index.cfm?App_mode=Display_Statute&URL=0300-0399/0316/Sections/0316.003.html","","","","","false","false","false",""
"section","316.006","","Fla. Stat. § 316.006","Jurisdiction","not_yet_analyzed","Official text is cached, but no explicit analysis establishes offense coverage.","official_current_cache","2026-09-18T15:26:17.364Z","eda33651e05fd62b0a2b0d34caeb457ef37e0ff706b2f4280d0c3877cc964918","https://www.leg.state.fl.us/statutes/index.cfm?App_mode=Display_Statute&URL=0300-0399/0316/Sections/0316.006.html","","","","","false","false","false",""
"section","316.007","","Fla. Stat. § 316.007","Provisions uniform throughout state","not_yet_analyzed","Official text is cached, but no explicit analysis establishes offense coverage.","official_current_cache","2026-09-18T15:26:17.364Z","e134968205e3efa8bf960523c9f3459040352fc76d210e33cd0b7dd159cb1757","https://www.leg.state.fl.us/statutes/index.cfm?App_mode=Display_Statute&URL=0300-0399/0316/Sections/0316.007.html","","","","","false","false","false",""
"section","316.008","","Fla. Stat. § 316.008","Powers of local authorities","not_yet_analyzed","Official text is cached, but no explicit analysis establishes offense coverage.","official_current_cache","2026-09-18T15:26:17.364Z","9dd315d70367c2a3cf6f3a8d054ab42022ffde39e5fb0cc9e7293865b7ae54de","https://www.leg.state.fl.us/statutes/index.cfm?App_mode=Display_Statute&URL=0300-0399/0316/Sections/0316.008.html","","","","","false","false","false",""
"section","316.08","","Fla. Stat. § 316.08","Requirements of flagpersons","not_yet_analyzed","Official text is cached, but no explicit analysis establishes offense coverage.","official_current_cache","2026-09-18T15:26:17.364Z","dd0175e8b6bab098c9a15b97546d31148ffd2118fe39d149acb48e23d5bd5ebc","https://www.leg.state.fl.us/statutes/index.cfm?App_mode=Display_Statute&URL=0300-0399/0316/Sections/0316.08.html","","","","","false","false","false",""
"section","316.027","","Fla. Stat. § 316.027","Crash involving death or personal injuries","not_yet_analyzed","Official text is cached, but no explicit analysis establishes offense coverage.","official_current_cache","2026-09-18T15:26:17.364Z","76a3b06a9bc04a59d08e44712d10fb7c4975be8be11258fcd6740592ef6d2ca9","https://www.leg.state.fl.us/statutes/index.cfm?App_mode=Display_Statute&URL=0300-0399/0316/Sections/0316.027.html","","","","","false","false","false",""
"section","316.46","","Fla. Stat. § 316.46","Equipment regulations for mopeds","not_yet_analyzed","Official text is cached, but no explicit analysis establishes offense coverage.","official_current_cache","2026-09-18T15:26:17.364Z","17f1af7f4193c10a209b852876b44a0a215192ba7540c6924fb9b379eb4dad44","https://www.leg.state.fl.us/statutes/index.cfm?App_mode=Display_Statute&URL=0300-0399/0316/Sections/0316.46.html","","","","","false","false","false",""
"section","316.061","","Fla. Stat. § 316.061","Crashes involving damage to vehicle or property","partially_covered","One or more cited scopes map to selectable records; no statewide offense denominator or complete branch analysis proves the entire section covered.","official_current_cache","2026-09-18T15:26:17.364Z","5738ff75d998af32ab1026a843e15292b98d19b5b5d0dd73ac3b03e61a4bdfa4","https://www.leg.state.fl.us/statutes/index.cfm?App_mode=Display_Statute&URL=0300-0399/0316/Sections/0316.061.html","fl-fs-316-061-1-crashes-involving-damage-to-vehicle-or-property","fl-fs-316-061-1-crashes-involving-damage-to-vehicle-or-property","eligible","fl-hit-and-run","false","false","false",""
"scope","316.061","","Fla. Stat. § 316.061","Crashes involving damage to vehicle or property","not_yet_analyzed","This legacy cleanup item has no explicit offense analysis and is not counted as a missing offense.","official_current_cache","2026-09-18T15:26:17.364Z","5738ff75d998af32ab1026a843e15292b98d19b5b5d0dd73ac3b03e61a4bdfa4","https://www.leg.state.fl.us/statutes/index.cfm?App_mode=Display_Statute&URL=0300-0399/0316/Sections/0316.061.html","","","","fl-hit-and-run","false","false","false",""
"scope","316.061","(1)","Fla. Stat. § 316.061(1)","Crashes involving damage to vehicle or property","covered","An explicit eligible analyst decision covers this cited scope; it does not establish unenumerated offenses.","official_current_cache","2026-09-18T15:26:17.364Z","5738ff75d998af32ab1026a843e15292b98d19b5b5d0dd73ac3b03e61a4bdfa4","https://www.leg.state.fl.us/statutes/index.cfm?App_mode=Display_Statute&URL=0300-0399/0316/Sections/0316.061.html","fl-fs-316-061-1-crashes-involving-damage-to-vehicle-or-property","fl-fs-316-061-1-crashes-involving-damage-to-vehicle-or-property","eligible","","false","false","false",""
"section","316.062","","Fla. Stat. § 316.062","Duty to give information and render aid","not_yet_analyzed","Official text is cached, but no explicit analysis establishes offense coverage.","official_current_cache","2026-09-18T15:26:17.364Z","3aba09ad1688305730bb8a35ff246e2ed0955f5ffdebf575899ce5fd6176e2fa","https://www.leg.state.fl.us/statutes/index.cfm?App_mode=Display_Statute&URL=0300-0399/0316/Sections/0316.062.html","","","","","false","false","false",""
"section","316.063","","Fla. Stat. § 316.063","Duty upon damaging unattended vehicle or other property","not_yet_analyzed","Official text is cached, but no explicit analysis establishes offense coverage.","official_current_cache","2026-09-18T15:26:17.364Z","3d49676f65603a20fc95e61ff14d3e25a0f3b3c5453d5198e91a51c658d11d4d","https://www.leg.state.fl.us/statutes/index.cfm?App_mode=Display_Statute&URL=0300-0399/0316/Sections/0316.063.html","","","","","false","false","false",""
"section","316.064","","Fla. Stat. § 316.064","When driver unable to report","not_yet_analyzed","Official text is cached, but no explicit analysis establishes offense coverage.","official_current_cache","2026-09-18T15:26:17.364Z","4844c541f4d383df883e53a5db027508f734c6f73060902179a6245c2b67f026","https://www.leg.state.fl.us/statutes/index.cfm?App_mode=Display_Statute&URL=0300-0399/0316/Sections/0316.064.html","","","","","false","false","false",""
"section","316.065","","Fla. Stat. § 316.065","Crashes; reports; penalties","not_yet_analyzed","Official text is cached, but no explicit analysis establishes offense coverage.","official_current_cache","2026-09-18T15:26:17.364Z","2b8ea1cd9ac860d5004694dafa2d06479261026bd1a3fd0afde45a466f722323","https://www.leg.state.fl.us/statutes/index.cfm?App_mode=Display_Statute&URL=0300-0399/0316/Sections/0316.065.html","","","","","false","false","false",""
"section","316.066","","Fla. Stat. § 316.066","Written reports of crashes","not_yet_analyzed","Official text is cached, but no explicit analysis establishes offense coverage.","official_current_cache","2026-09-18T15:26:17.364Z","0ef94fb700375b2e4d270d4336c721ccd4d5afdc95ef6bc1cafe59c7eb7eff57","https://www.leg.state.fl.us/statutes/index.cfm?App_mode=Display_Statute&URL=0300-0399/0316/Sections/0316.066.html","","","","","false","false","false",""
"section","316.067","","Fla. Stat. § 316.067","False reports","not_yet_analyzed","Official text is cached, but no explicit analysis establishes offense coverage.","official_current_cache","2026-09-18T15:26:17.364Z","4830c0bad2895dc9697d30e881da696ee3d77a825b72769b9c401f39eda6188a","https://www.leg.state.fl.us/statutes/index.cfm?App_mode=Display_Statute&URL=0300-0399/0316/Sections/0316.067.html","","","","","false","false","false",""
"section","316.068","","Fla. Stat. § 316.068","Crash report forms","not_yet_analyzed","Official text is cached, but no explicit analysis establishes offense coverage.","official_current_cache","2026-09-18T15:26:17.364Z","0b383812a0feea39733517e08e6789f94080783b5334d7cf956bea638ec979fb","https://www.leg.state.fl.us/statutes/index.cfm?App_mode=Display_Statute&URL=0300-0399/0316/Sections/0316.068.html","","","","","false","false","false",""
"section","316.069","","Fla. Stat. § 316.069","State to tabulate and analyze crash reports","not_yet_analyzed","Official text is cached, but no explicit analysis establishes offense coverage.","official_current_cache","2026-09-18T15:26:17.364Z","0b908b7b29a064b2c5f60e272d6aa11a8e0cf27c248953fc07216c958251d284","https://www.leg.state.fl.us/statutes/index.cfm?App_mode=Display_Statute&URL=0300-0399/0316/Sections/0316.069.html","","","","","false","false","false",""
"section","316.070","","Fla. Stat. § 316.070","Exchange of information at scene of crash","not_yet_analyzed","Official text is cached, but no explicit analysis establishes offense coverage.","official_current_cache","2026-09-18T15:26:17.364Z","efed97cdfc1f943046853e562ee76d61d6a19c86175e3e13c2871e32a72a3e90","https://www.leg.state.fl.us/statutes/index.cfm?App_mode=Display_Statute&URL=0300-0399/0316/Sections/0316.070.html","","","","","false","false","false",""
"section","316.70","","Fla. Stat. § 316.70","Nonpublic sector buses; safety rules","not_yet_analyzed","Official text is cached, but no explicit analysis establishes offense coverage.","official_current_cache","2026-09-18T15:26:17.364Z","2f72cfd82a90cd8b2e7bd6e5fa6a785f3a9bca8fe46e502e3542535221fbc6a1","https://www.leg.state.fl.us/statutes/index.cfm?App_mode=Display_Statute&URL=0300-0399/0316/Sections/0316.70.html","","","","","false","false","false",""
"section","316.071","","Fla. Stat. § 316.071","Disabled vehicles obstructing traffic","not_yet_analyzed","Official text is cached, but no explicit analysis establishes offense coverage.","official_current_cache","2026-09-18T15:26:17.364Z","85808ce17e2f949adbda5e317586fe6f43385818721660ddae980fb87e3d36e0","https://www.leg.state.fl.us/statutes/index.cfm?App_mode=Display_Statute&URL=0300-0399/0316/Sections/0316.071.html","","","","","false","false","false",""
"section","316.072","","Fla. Stat. § 316.072","Obedience to and effect of traffic laws","not_yet_analyzed","Official text is cached, but no explicit analysis establishes offense coverage.","official_current_cache","2026-09-18T15:26:17.364Z","abae253ecc5b4f5d1656e5cf9625a8d3a7fca9898e80166d4111d14ffb263456","https://www.leg.state.fl.us/statutes/index.cfm?App_mode=Display_Statute&URL=0300-0399/0316/Sections/0316.072.html","","","","","false","false","false",""
"section","316.72","","Fla. Stat. § 316.72","Buses simulating school buses in color and insignia; conditions of use","not_yet_analyzed","Official text is cached, but no explicit analysis establishes offense coverage.","official_current_cache","2026-09-18T15:26:17.364Z","f6167307dd81bb1abf057d94672cfa5dab8090cbf8bc3a46a0d68e76bc52adbd","https://www.leg.state.fl.us/statutes/index.cfm?App_mode=Display_Statute&URL=0300-0399/0316/Sections/0316.72.html","","","","","false","false","false",""
"section","316.073","","Fla. Stat. § 316.073","Applicability to animals and animal-drawn vehicles","not_yet_analyzed","Official text is cached, but no explicit analysis establishes offense coverage.","official_current_cache","2026-09-18T15:26:17.364Z","9af1daec9d788110566cb7124500d1fb4f63fde060c126bd8c2ad638102d725e","https://www.leg.state.fl.us/statutes/index.cfm?App_mode=Display_Statute&URL=0300-0399/0316/Sections/0316.073.html","","","","","false","false","false",""
"section","316.074","","Fla. Stat. § 316.074","Obedience to and required traffic control devices","not_yet_analyzed","Official text is cached, but no explicit analysis establishes offense coverage.","official_current_cache","2026-09-18T15:26:17.364Z","f28b20b54ace9993a9956e1e56b2eba4203f8d33fb0d05d230f2d3932e74f4f3","https://www.leg.state.fl.us/statutes/index.cfm?App_mode=Display_Statute&URL=0300-0399/0316/Sections/0316.074.html","","","","","false","false","false",""
"section","316.0075","","Fla. Stat. § 316.0075","Operator use of commercial mobile radio services and electronic communications devices","not_yet_analyzed","Official text is cached, but no explicit analysis establishes offense coverage.","official_current_cache","2026-09-18T15:26:17.364Z","6eedf977e80e5d48eff36ba65bae980a900c0b817f04ae10f410465bd18c5129","https://www.leg.state.fl.us/statutes/index.cfm?App_mode=Display_Statute&URL=0300-0399/0316/Sections/0316.0075.html","","","","","false","false","false",""
"section","316.075","","Fla. Stat. § 316.075","Traffic control signal devices","not_yet_analyzed","Official text is cached, but no explicit analysis establishes offense coverage.","official_current_cache","2026-09-18T15:26:17.364Z","bb397db7e8812511db1595f6b01e02e40a43e9e010f06c935c00d974a7797833","https://www.leg.state.fl.us/statutes/index.cfm?App_mode=Display_Statute&URL=0300-0399/0316/Sections/0316.075.html","","","","","false","false","false",""
"section","316.75","","Fla. Stat. § 316.75","School crossing guards","not_yet_analyzed","Official text is cached, but no explicit analysis establishes offense coverage.","official_current_cache","2026-09-18T15:26:17.364Z","30e1420eb799772f540a5f558fa238e90e13eff218e8945547b1401461ca1ae8","https://www.leg.state.fl.us/statutes/index.cfm?App_mode=Display_Statute&URL=0300-0399/0316/Sections/0316.75.html","","","","","false","false","false",""
"section","316.0076","","Fla. Stat. § 316.0076","Regulation and use of cameras","not_yet_analyzed","Official text is cached, but no explicit analysis establishes offense coverage.","official_current_cache","2026-09-18T15:26:17.364Z","2262016329f506e3181b342296c956669a5a2fe7ab06369749623f434085c2a0","https://www.leg.state.fl.us/statutes/index.cfm?App_mode=Display_Statute&URL=0300-0399/0316/Sections/0316.0076.html","","","","","false","false","false",""
"section","316.076","","Fla. Stat. § 316.076","Flashing signals","not_yet_analyzed","Official text is cached, but no explicit analysis establishes offense coverage.","official_current_cache","2026-09-18T15:26:17.364Z","fdd9d675a167001a3aa45f2a9075991caac79543a7e07deb551dfdd9e26b5466","https://www.leg.state.fl.us/statutes/index.cfm?App_mode=Display_Statute&URL=0300-0399/0316/Sections/0316.076.html","","","","","false","false","false",""
"section","316.0077","","Fla. Stat. § 316.0077","Camera systems; contract procurement","not_yet_analyzed","Official text is cached, but no explicit analysis establishes offense coverage.","official_current_cache","2026-09-18T15:26:17.364Z","c264e7e6e2f9ba67735f5c6ec7568560551d0eef5af47b0ed41de32fe88c435b","https://www.leg.state.fl.us/statutes/index.cfm?App_mode=Display_Statute&URL=0300-0399/0316/Sections/0316.0077.html","","","","","false","false","false",""
"section","316.077","","Fla. Stat. § 316.077","Display of unauthorized signs, signals or markings","not_yet_analyzed","Official text is cached, but no explicit analysis establishes offense coverage.","official_current_cache","2026-09-18T15:26:17.364Z","68cbb4c104e644e460cc73cf25200529ca415c64ab1b89800955c597ca6e770a","https://www.leg.state.fl.us/statutes/index.cfm?App_mode=Display_Statute&URL=0300-0399/0316/Sections/0316.077.html","","","","","false","false","false",""
"section","316.0078","","Fla. Stat. § 316.0078","Prohibition on contracting for camera systems of vendors of foreign countries of concern","not_yet_analyzed","Official text is cached, but no explicit analysis establishes offense coverage.","official_current_cache","2026-09-18T15:26:17.364Z","48a544c223a3a0f205ca1b822e7c8091b768f03202214f9ca413015cce39fb41","https://www.leg.state.fl.us/statutes/index.cfm?App_mode=Display_Statute&URL=0300-0399/0316/Sections/0316.0078.html","","","","","false","false","false",""
"section","316.078","","Fla. Stat. § 316.078","Detour signs to be respected","not_yet_analyzed","Official text is cached, but no explicit analysis establishes offense coverage.","official_current_cache","2026-09-18T15:26:17.364Z","3b72b53878f9c175ea022d7e5c4cd9a246649295dbfb7c4bc587b8b1a907f8ed","https://www.leg.state.fl.us/statutes/index.cfm?App_mode=Display_Statute&URL=0300-0399/0316/Sections/0316.078.html","","","","","false","false","false",""
"section","316.079","","Fla. Stat. § 316.079","Duty to yield to highway construction workers","not_yet_analyzed","Official text is cached, but no explicit analysis establishes offense coverage.","official_current_cache","2026-09-18T15:26:17.364Z","3af2017b815076db064d157012483b405e0091f0c78786a0a6655669fb76fe0d","https://www.leg.state.fl.us/statutes/index.cfm?App_mode=Display_Statute&URL=0300-0399/0316/Sections/0316.079.html","","","","","false","false","false",""
"section","316.80","","Fla. Stat. § 316.80","Unlawful conveyance of fuel; obtaining fuel fraudulently","not_yet_analyzed","Official text is cached, but no explicit analysis establishes offense coverage.","official_current_cache","2026-09-18T15:26:17.364Z","8ee99c9b2c75cf71a34771a945632b21b7da040fb570790d030ec3b1a4b08806","https://www.leg.state.fl.us/statutes/index.cfm?App_mode=Display_Statute&URL=0300-0399/0316/Sections/0316.80.html","","","","","false","false","false",""
"section","316.0081","","Fla. Stat. § 316.0081","Request regarding traffic signals or other traffic control devices","not_yet_analyzed","Official text is cached, but no explicit analysis establishes offense coverage.","official_current_cache","2026-09-18T15:26:17.364Z","eb800f037333bc827f20a520cb4a273c3e94171c0c50302f5dc31f875cd81415","https://www.leg.state.fl.us/statutes/index.cfm?App_mode=Display_Statute&URL=0300-0399/0316/Sections/0316.0081.html","","","","","false","false","false",""
"section","316.081","","Fla. Stat. § 316.081","Driving on right side of roadway; exceptions","not_yet_analyzed","Official text is cached, but no explicit analysis establishes offense coverage.","official_current_cache","2026-09-18T15:26:17.364Z","d64540c96a11ca2150cd7ea460077e3026244aba6c0665368f63b6c36a0a3bf7","https://www.leg.state.fl.us/statutes/index.cfm?App_mode=Display_Statute&URL=0300-0399/0316/Sections/0316.081.html","","","","","false","false","false",""
"section","316.082","","Fla. Stat. § 316.082","Passing vehicles proceeding in opposite directions","not_yet_analyzed","Official text is cached, but no explicit analysis establishes offense coverage.","official_current_cache","2026-09-18T15:26:17.364Z","b069d1509a129175a3bd824cdc4e5fd7d22cfd2d0b80de21167dc112df215342","https://www.leg.state.fl.us/statutes/index.cfm?App_mode=Display_Statute&URL=0300-0399/0316/Sections/0316.082.html","","","","","false","false","false",""
"section","316.0083","","Fla. Stat. § 316.0083","Mark Wandall Traffic Safety Program; administration; report","not_yet_analyzed","Official text is cached, but no explicit analysis establishes offense coverage.","official_current_cache","2026-09-18T15:26:17.364Z","18837c0e2084f85027b9f56127ebdc5e830c471dae824e34637c592e5d497c3d","https://www.leg.state.fl.us/statutes/index.cfm?App_mode=Display_Statute&URL=0300-0399/0316/Sections/0316.0083.html","","","","","false","false","false",""
"section","316.083","","Fla. Stat. § 316.083","Overtaking and passing a vehicle, a bicycle or other nonmotorized vehicle, or an electric bicycle","not_yet_analyzed","Official text is cached, but no explicit analysis establishes offense coverage.","official_current_cache","2026-09-18T15:26:17.364Z","ea15c65809582ad5b6d12be4a3431e8928edca785c203d4dabc6732cedf0c9b2","https://www.leg.state.fl.us/statutes/index.cfm?App_mode=Display_Statute&URL=0300-0399/0316/Sections/0316.083.html","","","","","false","false","false",""
"section","316.83","","Fla. Stat. § 316.83","Autonomous vehicle grading standards for roads on State Highway System","not_yet_analyzed","Official text is cached, but no explicit analysis establishes offense coverage.","official_current_cache","2026-09-18T15:26:17.364Z","433a86076d04335889ff9bf39aacabc122bb1c35863e161c34306b0cf877e65a","https://www.leg.state.fl.us/statutes/index.cfm?App_mode=Display_Statute&URL=0300-0399/0316/Sections/0316.83.html","","","","","false","false","false",""
"section","316.084","","Fla. Stat. § 316.084","When overtaking on the right is permitted","not_yet_analyzed","Official text is cached, but no explicit analysis establishes offense coverage.","official_current_cache","2026-09-18T15:26:17.364Z","6ad64726299278668609e28ca36dd6126cf3441c9b03d404690c2f83d8aef81e","https://www.leg.state.fl.us/statutes/index.cfm?App_mode=Display_Statute&URL=0300-0399/0316/Sections/0316.084.html","","","","","false","false","false",""
"section","316.0085","","Fla. Stat. § 316.0085","Skateboarding; inline skating; freestyle or mountain and off-road bicycling; paintball; definitions; liability","not_yet_analyzed","Official text is cached, but no explicit analysis establishes offense coverage.","official_current_cache","2026-09-18T15:26:17.364Z","65bc7119e2aaeeaab84d07811f3fc41302e16995bfba240eb0988a46208db100","https://www.leg.state.fl.us/statutes/index.cfm?App_mode=Display_Statute&URL=0300-0399/0316/Sections/0316.0085.html","","","","","false","false","false",""
"section","316.085","","Fla. Stat. § 316.085","Limitations on overtaking, passing, changing lanes and changing course","not_yet_analyzed","Official text is cached, but no explicit analysis establishes offense coverage.","official_current_cache","2026-09-18T15:26:17.364Z","e05eeae08e5401ccb2408c752edd93ca9afc36158c7298695f5fc3cd7f1dce14","https://www.leg.state.fl.us/statutes/index.cfm?App_mode=Display_Statute&URL=0300-0399/0316/Sections/0316.085.html","","","","","false","false","false",""
"section","316.85","","Fla. Stat. § 316.85","Autonomous vehicles; operation; compliance with traffic and motor vehicle laws; testing","not_yet_analyzed","Official text is cached, but no explicit analysis establishes offense coverage.","official_current_cache","2026-09-18T15:26:17.364Z","264e4f108b9a40ca7222223fcc0fe613426191fda3f8315987c4fe56fa4a16ad","https://www.leg.state.fl.us/statutes/index.cfm?App_mode=Display_Statute&URL=0300-0399/0316/Sections/0316.85.html","","","","","false","false","false",""
"section","316.86","","Fla. Stat. § 316.86","Exemption from liability for manufacturer when third party converts vehicle","not_yet_analyzed","Official text is cached, but no explicit analysis establishes offense coverage.","official_current_cache","2026-09-18T15:26:17.364Z","e669bb1a3f3393ae376674523fce9628ba27ec88d7cf5cdee92d8c8dec59ecbe","https://www.leg.state.fl.us/statutes/index.cfm?App_mode=Display_Statute&URL=0300-0399/0316/Sections/0316.86.html","","","","","false","false","false",""
"section","316.087","","Fla. Stat. § 316.087","Further limitations on driving to left of center of roadway","not_yet_analyzed","Official text is cached, but no explicit analysis establishes offense coverage.","official_current_cache","2026-09-18T15:26:17.364Z","fde98fdaf25064fcfc28a165159254d808ac934168a754ded1a4ef40d213eeca","https://www.leg.state.fl.us/statutes/index.cfm?App_mode=Display_Statute&URL=0300-0399/0316/Sections/0316.087.html","","","","","false","false","false",""
"section","316.87","","Fla. Stat. § 316.87","Nonemergency medical transportation services","not_yet_analyzed","Official text is cached, but no explicit analysis establishes offense coverage.","official_current_cache","2026-09-18T15:26:17.364Z","120be005ae68b369d026aaf7daf13f52ce2997846356568c7703db44588af27b","https://www.leg.state.fl.us/statutes/index.cfm?App_mode=Display_Statute&URL=0300-0399/0316/Sections/0316.87.html","","","","","false","false","false",""
"section","316.088","","Fla. Stat. § 316.088","One-way roadways and rotary traffic islands","not_yet_analyzed","Official text is cached, but no explicit analysis establishes offense coverage.","official_current_cache","2026-09-18T15:26:17.364Z","c91e654a18bd6a789cdd6b212ed8796c393489375383ba61b0c73c550ee62ca4","https://www.leg.state.fl.us/statutes/index.cfm?App_mode=Display_Statute&URL=0300-0399/0316/Sections/0316.088.html","","","","","false","false","false",""
"section","316.88","","Fla. Stat. § 316.88","Sale of appointments prohibited","not_yet_analyzed","Official text is cached, but no explicit analysis establishes offense coverage.","official_current_cache","2026-09-18T15:26:17.364Z","641373ffe316621314c1cb9c5362b39f6c3dfc714cd1e48b3284d687c12fbf4b","https://www.leg.state.fl.us/statutes/index.cfm?App_mode=Display_Statute&URL=0300-0399/0316/Sections/0316.88.html","","","","","false","false","false",""
"section","316.089","","Fla. Stat. § 316.089","Driving on roadways laned for traffic","not_yet_analyzed","Official text is cached, but no explicit analysis establishes offense coverage.","official_current_cache","2026-09-18T15:26:17.364Z","d2df54772c1f213b63d2565ea00f02a0f5610c93e29642b77c5ed17c8d47dcdf","https://www.leg.state.fl.us/statutes/index.cfm?App_mode=Display_Statute&URL=0300-0399/0316/Sections/0316.089.html","","","","","false","false","false",""
"section","316.89","","Fla. Stat. § 316.89","Creation of a wake on streets or highways","not_yet_analyzed","Official text is cached, but no explicit analysis establishes offense coverage.","official_current_cache","2026-09-18T15:26:17.364Z","9008158e211e6f746590e6d25fecdd49c2ea24753ed7b1b65ccb271de37ee23a","https://www.leg.state.fl.us/statutes/index.cfm?App_mode=Display_Statute&URL=0300-0399/0316/Sections/0316.89.html","","","","","false","false","false",""
"section","316.090","","Fla. Stat. § 316.090","Driving on divided highways","not_yet_analyzed","Official text is cached, but no explicit analysis establishes offense coverage.","official_current_cache","2026-09-18T15:26:17.364Z","a95cdeadec532f55afee65b1f622b253b94e7a6fe1c1ab438a166aa821427b44","https://www.leg.state.fl.us/statutes/index.cfm?App_mode=Display_Statute&URL=0300-0399/0316/Sections/0316.090.html","","","","","false","false","false",""
"section","316.091","","Fla. Stat. § 316.091","Limited access facilities; interstate highways; use restricted","not_yet_analyzed","Official text is cached, but no explicit analysis establishes offense coverage.","official_current_cache","2026-09-18T15:26:17.364Z","8327e8772b193f872e0c729b5e8728ea747d3549a0e0db9d642f2876d2962e3c","https://www.leg.state.fl.us/statutes/index.cfm?App_mode=Display_Statute&URL=0300-0399/0316/Sections/0316.091.html","","","","","false","false","false",""
"section","316.121","","Fla. Stat. § 316.121","Vehicles approaching or entering intersections","not_yet_analyzed","Official text is cached, but no explicit analysis establishes offense coverage.","official_current_cache","2026-09-18T15:26:17.364Z","12a850ec334ceea109222fd449aabe494dc8c9c73091d3351c36e38789634075","https://www.leg.state.fl.us/statutes/index.cfm?App_mode=Display_Statute&URL=0300-0399/0316/Sections/0316.121.html","","","","","false","false","false",""
"section","316.122","","Fla. Stat. § 316.122","Vehicle turning left","not_yet_analyzed","Official text is cached, but no explicit analysis establishes offense coverage.","official_current_cache","2026-09-18T15:26:17.364Z","f6a579e9bdca778b0e66b7ce4db6e29d5d548ec39873399c3944f1c30f0efe97","https://www.leg.state.fl.us/statutes/index.cfm?App_mode=Display_Statute&URL=0300-0399/0316/Sections/0316.122.html","","","","","false","false","false",""
"section","316.123","","Fla. Stat. § 316.123","Vehicle entering stop or yield intersection","not_yet_analyzed","Official text is cached, but no explicit analysis establishes offense coverage.","official_current_cache","2026-09-18T15:26:17.364Z","da422cebb3a3c94eac9f589c8056570abc3ecd2d84b9f804f5006fc686366b87","https://www.leg.state.fl.us/statutes/index.cfm?App_mode=Display_Statute&URL=0300-0399/0316/Sections/0316.123.html","","","","","false","false","false",""
"section","316.125","","Fla. Stat. § 316.125","Vehicle entering highway from private road or driveway or emerging from alley, driveway or building","not_yet_analyzed","Official text is cached, but no explicit analysis establishes offense coverage.","official_current_cache","2026-09-18T15:26:17.364Z","14771e5f797ce0e76474448c30dd33107d55a0fdb838d12ca0ec5987529cd10a","https://www.leg.state.fl.us/statutes/index.cfm?App_mode=Display_Statute&URL=0300-0399/0316/Sections/0316.125.html","","","","","false","false","false",""
"section","316.126","","Fla. Stat. § 316.126","Operation of vehicles and actions of pedestrians; approach of authorized emergency, sanitation, or utility service vehicle, wrecker, or road and bridge maintenance or construction vehicle; presence of disabled motor vehicle","not_yet_analyzed","Official text is cached, but no explicit analysis establishes offense coverage.","official_current_cache","2026-09-18T15:26:17.364Z","168c2483c153e567c1de62a61b55db0f0fef9e2038492b34ff1f6bd0fbfc2e36","https://www.leg.state.fl.us/statutes/index.cfm?App_mode=Display_Statute&URL=0300-0399/0316/Sections/0316.126.html","","","","","false","false","false",""
"section","316.130","","Fla. Stat. § 316.130","Pedestrians; traffic regulations","not_yet_analyzed","Official text is cached, but no explicit analysis establishes offense coverage.","official_current_cache","2026-09-18T15:26:17.364Z","f09f327ee5b251817480da25668c6898e147746111a75cfc082e4c371165320e","https://www.leg.state.fl.us/statutes/index.cfm?App_mode=Display_Statute&URL=0300-0399/0316/Sections/0316.130.html","","","","","false","false","false",""
"section","316.151","","Fla. Stat. § 316.151","Required position and method of turning at intersections","not_yet_analyzed","Official text is cached, but no explicit analysis establishes offense coverage.","official_current_cache","2026-09-18T15:26:17.364Z","e517c776cad7f770ea3cb235ce1b04d006f9240e71cceb2a5475a98bc84b6cc2","https://www.leg.state.fl.us/statutes/index.cfm?App_mode=Display_Statute&URL=0300-0399/0316/Sections/0316.151.html","","","","","false","false","false",""
"section","316.152","","Fla. Stat. § 316.152","Turning on curve or crest of grade prohibited","not_yet_analyzed","Official text is cached, but no explicit analysis establishes offense coverage.","official_current_cache","2026-09-18T15:26:17.364Z","a527f2a074675348174420b489ebb1faffa1f997872d336da5f40b41b71677c2","https://www.leg.state.fl.us/statutes/index.cfm?App_mode=Display_Statute&URL=0300-0399/0316/Sections/0316.152.html","","","","","false","false","false",""
"section","316.154","","Fla. Stat. § 316.154","Starting parked vehicle","not_yet_analyzed","Official text is cached, but no explicit analysis establishes offense coverage.","official_current_cache","2026-09-18T15:26:17.364Z","e400ce04ece6f8ca98e577fe4df21a57aed7eac9cff7fd803d7a645e412d4a97","https://www.leg.state.fl.us/statutes/index.cfm?App_mode=Display_Statute&URL=0300-0399/0316/Sections/0316.154.html","","","","","false","false","false",""
"section","316.155","","Fla. Stat. § 316.155","When signal required","not_yet_analyzed","Official text is cached, but no explicit analysis establishes offense coverage.","official_current_cache","2026-09-18T15:26:17.364Z","a8e6c2a2d9ff6daab3b70f7801373aa376c7e497ad3fa040a2a34d04b2b1af78","https://www.leg.state.fl.us/statutes/index.cfm?App_mode=Display_Statute&URL=0300-0399/0316/Sections/0316.155.html","","","","","false","false","false",""
"section","316.156","","Fla. Stat. § 316.156","Signals by hand and arm or signal lamps","not_yet_analyzed","Official text is cached, but no explicit analysis establishes offense coverage.","official_current_cache","2026-09-18T15:26:17.364Z","88cdffb3f1cf4c91847798280253bf209d4fd05556f69f86e409e47cb01a6d7c","https://www.leg.state.fl.us/statutes/index.cfm?App_mode=Display_Statute&URL=0300-0399/0316/Sections/0316.156.html","","","","","false","false","false",""
"section","316.157","","Fla. Stat. § 316.157","Method of giving hand and arm signals","not_yet_analyzed","Official text is cached, but no explicit analysis establishes offense coverage.","official_current_cache","2026-09-18T15:26:17.364Z","b75c4f733e43f54c4f21b9d28df42855618015b997022bfecab17e10fa636e8d","https://www.leg.state.fl.us/statutes/index.cfm?App_mode=Display_Statute&URL=0300-0399/0316/Sections/0316.157.html","","","","","false","false","false",""
"section","316.159","","Fla. Stat. § 316.159","Certain vehicles to stop or slow at all railroad grade crossings","not_yet_analyzed","Official text is cached, but no explicit analysis establishes offense coverage.","official_current_cache","2026-09-18T15:26:17.364Z","d0956fbeea13c5df09245f0062f50c616bff810fbee34fa3ce6c49576dd92a92","https://www.leg.state.fl.us/statutes/index.cfm?App_mode=Display_Statute&URL=0300-0399/0316/Sections/0316.159.html","","","","","false","false","false",""
"section","316.170","","Fla. Stat. § 316.170","Moving heavy equipment at railroad grade crossings","not_yet_analyzed","Official text is cached, but no explicit analysis establishes offense coverage.","official_current_cache","2026-09-18T15:26:17.364Z","6f1fde4799da1bb15b70dc98a42140f4e5396633a80ee1d89b3bb373b584ec00","https://www.leg.state.fl.us/statutes/index.cfm?App_mode=Display_Statute&URL=0300-0399/0316/Sections/0316.170.html","","","","","false","false","false",""
"section","316.171","","Fla. Stat. § 316.171","Traffic control devices at railroad-highway grade crossings","not_yet_analyzed","Official text is cached, but no explicit analysis establishes offense coverage.","official_current_cache","2026-09-18T15:26:17.364Z","e712a449f7e6a560112594682a31b53f31f9d1479bebcdebf2615e050942d48a","https://www.leg.state.fl.us/statutes/index.cfm?App_mode=Display_Statute&URL=0300-0399/0316/Sections/0316.171.html","","","","","false","false","false",""
"section","316.172","","Fla. Stat. § 316.172","Traffic to stop for school bus","not_yet_analyzed","Official text is cached, but no explicit analysis establishes offense coverage.","official_current_cache","2026-09-18T15:26:17.364Z","872d172b95aa430c04ef7d18d1510a6675ee7978ed56da14d1b3f5fc9a9c60a6","https://www.leg.state.fl.us/statutes/index.cfm?App_mode=Display_Statute&URL=0300-0399/0316/Sections/0316.172.html","","","","","false","false","false",""
"section","316.173","","Fla. Stat. § 316.173","School bus infraction detection systems","not_yet_analyzed","Official text is cached, but no explicit analysis establishes offense coverage.","official_current_cache","2026-09-18T15:26:17.364Z","65a87a12536185aaeabf398e8da74ed338946feae4e0889495039116b0596d66","https://www.leg.state.fl.us/statutes/index.cfm?App_mode=Display_Statute&URL=0300-0399/0316/Sections/0316.173.html","","","","","false","false","false",""
"section","316.183","","Fla. Stat. § 316.183","Unlawful speed","not_yet_analyzed","Official text is cached, but no explicit analysis establishes offense coverage.","official_current_cache","2026-09-18T15:26:17.364Z","96bb11d1356b6c7bd7529ec9f6704919647119dffa8eed4fef89ec6a3a029a58","https://www.leg.state.fl.us/statutes/index.cfm?App_mode=Display_Statute&URL=0300-0399/0316/Sections/0316.183.html","","","","","false","false","false",""
"section","316.185","","Fla. Stat. § 316.185","Special hazards","not_yet_analyzed","Official text is cached, but no explicit analysis establishes offense coverage.","official_current_cache","2026-09-18T15:26:17.364Z","c0bd268df89641f3a84f7e4d47e2fd81016f92e79a4b2846fbf8ad8530d55433","https://www.leg.state.fl.us/statutes/index.cfm?App_mode=Display_Statute&URL=0300-0399/0316/Sections/0316.185.html","","","","","false","false","false",""
"section","316.187","","Fla. Stat. § 316.187","Establishment of state speed zones","not_yet_analyzed","Official text is cached, but no explicit analysis establishes offense coverage.","official_current_cache","2026-09-18T15:26:17.364Z","622ccaacf44cb28ff0ce16e90eb20a80e291ad0748b9e0142bcb6336cdd68e82","https://www.leg.state.fl.us/statutes/index.cfm?App_mode=Display_Statute&URL=0300-0399/0316/Sections/0316.187.html","","","","","false","false","false",""
"section","316.189","","Fla. Stat. § 316.189","Establishment of municipal and county speed zones","not_yet_analyzed","Official text is cached, but no explicit analysis establishes offense coverage.","official_current_cache","2026-09-18T15:26:17.364Z","750b2cefa7dfa3fc28d867a9fc53e6718622a6ab4820f544755ed739d9ff1271","https://www.leg.state.fl.us/statutes/index.cfm?App_mode=Display_Statute&URL=0300-0399/0316/Sections/0316.189.html","","","","","false","false","false",""
"section","316.191","","Fla. Stat. § 316.191","Racing on highways, street takeovers, and stunt driving","not_yet_analyzed","Official text is cached, but no explicit analysis establishes offense coverage.","official_current_cache","2026-09-18T15:26:17.364Z","7e645de66756758a7ca04fb67a64e6f965545ebe44beecf6caffa0a64e13b210","https://www.leg.state.fl.us/statutes/index.cfm?App_mode=Display_Statute&URL=0300-0399/0316/Sections/0316.191.html","","","","","false","false","false",""
"section","316.192","","Fla. Stat. § 316.192","Reckless driving","partially_covered","One or more cited scopes map to selectable records; no statewide offense denominator or complete branch analysis proves the entire section covered.","official_current_cache","2026-09-18T15:26:17.364Z","c84c77491130fea15bd136aefe71861f3779a53fdfc3c3a4128b3dd0d7ea8a6f","https://www.leg.state.fl.us/statutes/index.cfm?App_mode=Display_Statute&URL=0300-0399/0316/Sections/0316.192.html","fl-reckless-driving","fl-section-316.192","duplicate","","false","false","false",""
"scope","316.192","","Fla. Stat. § 316.192","Reckless driving","partially_covered","The manifest retains fl-reckless-driving at the same section and scope; an additive record would duplicate that retained record. A duplicate disposition alone does not establish current coverage of this exact cited scope.","official_current_cache","2026-09-18T15:26:17.364Z","c84c77491130fea15bd136aefe71861f3779a53fdfc3c3a4128b3dd0d7ea8a6f","https://www.leg.state.fl.us/statutes/index.cfm?App_mode=Display_Statute&URL=0300-0399/0316/Sections/0316.192.html","fl-reckless-driving","fl-section-316.192","duplicate","","true","false","false",""
"section","316.193","","Fla. Stat. § 316.193","Driving under the influence; penalties","partially_covered","One or more cited scopes map to selectable records; no statewide offense denominator or complete branch analysis proves the entire section covered.","official_current_cache","2026-09-18T15:26:17.364Z","e8713b0e9f2415de8fae4d55178db0c2ba572df5f3a3ad1107072b5506c4701f","https://www.leg.state.fl.us/statutes/index.cfm?App_mode=Display_Statute&URL=0300-0399/0316/Sections/0316.193.html","fl-fs-316-193-1-driving-under-the-influence|fl-fs-316-193-3-c-3-dui-manslaughter","fl-fs-316-193-1-driving-under-the-influence|fl-fs-316-193-3-c-3-dui-manslaughter","eligible","fl-dui-first-offense|fl-dui-second-offense|fl-dui-third-offense","false","false","false",""
"scope","316.193","","Fla. Stat. § 316.193","Driving under the influence; penalties","not_yet_analyzed","This legacy cleanup item has no explicit offense analysis and is not counted as a missing offense.","official_current_cache","2026-09-18T15:26:17.364Z","e8713b0e9f2415de8fae4d55178db0c2ba572df5f3a3ad1107072b5506c4701f","https://www.leg.state.fl.us/statutes/index.cfm?App_mode=Display_Statute&URL=0300-0399/0316/Sections/0316.193.html","","","","fl-dui-first-offense","false","false","false",""
"scope","316.193","(1)","Fla. Stat. § 316.193(1)","Driving under the influence; penalties","covered","An explicit eligible analyst decision covers this cited scope; it does not establish unenumerated offenses.","official_current_cache","2026-09-18T15:26:17.364Z","e8713b0e9f2415de8fae4d55178db0c2ba572df5f3a3ad1107072b5506c4701f","https://www.leg.state.fl.us/statutes/index.cfm?App_mode=Display_Statute&URL=0300-0399/0316/Sections/0316.193.html","fl-fs-316-193-1-driving-under-the-influence","fl-fs-316-193-1-driving-under-the-influence","eligible","","false","false","false",""
"scope","316.193","(2)(a)","Fla. Stat. § 316.193(2)(a)","Driving under the influence; penalties","not_yet_analyzed","This legacy cleanup item has no explicit offense analysis and is not counted as a missing offense.","official_current_cache","2026-09-18T15:26:17.364Z","e8713b0e9f2415de8fae4d55178db0c2ba572df5f3a3ad1107072b5506c4701f","https://www.leg.state.fl.us/statutes/index.cfm?App_mode=Display_Statute&URL=0300-0399/0316/Sections/0316.193.html","","","","fl-dui-second-offense","false","false","false",""
"scope","316.193","(2)(b)1","Fla. Stat. § 316.193(2)(b)1","Driving under the influence; penalties","not_yet_analyzed","This legacy cleanup item has no explicit offense analysis and is not counted as a missing offense.","official_current_cache","2026-09-18T15:26:17.364Z","e8713b0e9f2415de8fae4d55178db0c2ba572df5f3a3ad1107072b5506c4701f","https://www.leg.state.fl.us/statutes/index.cfm?App_mode=Display_Statute&URL=0300-0399/0316/Sections/0316.193.html","","","","fl-dui-third-offense","false","false","false",""
"scope","316.193","(3)(c)3.","Fla. Stat. § 316.193(3)(c)3.","Driving under the influence; penalties","covered","An explicit eligible analyst decision covers this cited scope; it does not establish unenumerated offenses.","official_current_cache","2026-09-18T15:26:17.364Z","e8713b0e9f2415de8fae4d55178db0c2ba572df5f3a3ad1107072b5506c4701f","https://www.leg.state.fl.us/statutes/index.cfm?App_mode=Display_Statute&URL=0300-0399/0316/Sections/0316.193.html","fl-fs-316-193-3-c-3-dui-manslaughter","fl-fs-316-193-3-c-3-dui-manslaughter","eligible","","false","false","false",""
"section","316.194","","Fla. Stat. § 316.194","Stopping, standing or parking outside of municipalities","not_yet_analyzed","Official text is cached, but no explicit analysis establishes offense coverage.","official_current_cache","2026-09-18T15:26:17.364Z","6f6535f07d07d2e512fb5efe7b34d9427cd27186bf2160b9813fc92e53d2c6dd","https://www.leg.state.fl.us/statutes/index.cfm?App_mode=Display_Statute&URL=0300-0399/0316/Sections/0316.194.html","","","","","false","false","false",""
"section","316.195","","Fla. Stat. § 316.195","Additional parking regulations","not_yet_analyzed","Official text is cached, but no explicit analysis establishes offense coverage.","official_current_cache","2026-09-18T15:26:17.364Z","40d039f3358877283fd322302aca1493e3f319c348776d406fdc50099f7a631f","https://www.leg.state.fl.us/statutes/index.cfm?App_mode=Display_Statute&URL=0300-0399/0316/Sections/0316.195.html","","","","","false","false","false",""
"section","316.208","","Fla. Stat. § 316.208","Motorcycles and mopeds","not_yet_analyzed","Official text is cached, but no explicit analysis establishes offense coverage.","official_current_cache","2026-09-18T15:26:17.364Z","b70810895d265cbad2975f0da317e6d8d69eb9d8ba97b40f76fceb3b133e1d97","https://www.leg.state.fl.us/statutes/index.cfm?App_mode=Display_Statute&URL=0300-0399/0316/Sections/0316.208.html","","","","","false","false","false",""
"section","316.209","","Fla. Stat. § 316.209","Operating motorcycles on roadways laned for traffic","not_yet_analyzed","Official text is cached, but no explicit analysis establishes offense coverage.","official_current_cache","2026-09-18T15:26:17.364Z","bf90da70a60b51ddf652399002dfbabf2536f8cc436fcc4128e803b891dadb94","https://www.leg.state.fl.us/statutes/index.cfm?App_mode=Display_Statute&URL=0300-0399/0316/Sections/0316.209.html","","","","","false","false","false",""
"section","316.211","","Fla. Stat. § 316.211","Equipment for motorcycle and moped riders","not_yet_analyzed","Official text is cached, but no explicit analysis establishes offense coverage.","official_current_cache","2026-09-18T15:26:17.364Z","57e23cc3fde7ff718ec6b6768372258ebd0d0709a18986e3e88be44258d2bcfe","https://www.leg.state.fl.us/statutes/index.cfm?App_mode=Display_Statute&URL=0300-0399/0316/Sections/0316.211.html","","","","","false","false","false",""
"section","316.212","","Fla. Stat. § 316.212","Operation of golf carts on certain roadways","not_yet_analyzed","Official text is cached, but no explicit analysis establishes offense coverage.","official_current_cache","2026-09-18T15:26:17.364Z","540ff073f313514a1aa39a4f880ce97cfe6e28d0c856052819f45c7340979a2d","https://www.leg.state.fl.us/statutes/index.cfm?App_mode=Display_Statute&URL=0300-0399/0316/Sections/0316.212.html","","","","","false","false","false",""
"section","316.215","","Fla. Stat. § 316.215","Scope and effect of regulations","not_yet_analyzed","Official text is cached, but no explicit analysis establishes offense coverage.","official_current_cache","2026-09-18T15:26:17.364Z","46f5835c6eb7b91ad1b76e919e6b50e0c109c79367db1d5e61690922f9587b07","https://www.leg.state.fl.us/statutes/index.cfm?App_mode=Display_Statute&URL=0300-0399/0316/Sections/0316.215.html","","","","","false","false","false",""
"section","316.216","","Fla. Stat. § 316.216","Authority of department with reference to lighting devices","not_yet_analyzed","Official text is cached, but no explicit analysis establishes offense coverage.","official_current_cache","2026-09-18T15:26:17.364Z","3819040ad826aef84d116ad4bf907cbce12276081c2eed7641ced3ffe6f2dd3f","https://www.leg.state.fl.us/statutes/index.cfm?App_mode=Display_Statute&URL=0300-0399/0316/Sections/0316.216.html","","","","","false","false","false",""
"section","316.217","","Fla. Stat. § 316.217","When lighted lamps are required","not_yet_analyzed","Official text is cached, but no explicit analysis establishes offense coverage.","official_current_cache","2026-09-18T15:26:17.364Z","ca69f5e3da783c3e49c58041cc609139bbdc78ab6e0abf3b05c7dc02cc1b24ed","https://www.leg.state.fl.us/statutes/index.cfm?App_mode=Display_Statute&URL=0300-0399/0316/Sections/0316.217.html","","","","","false","false","false",""
"section","316.220","","Fla. Stat. § 316.220","Headlamps on motor vehicles","not_yet_analyzed","Official text is cached, but no explicit analysis establishes offense coverage.","official_current_cache","2026-09-18T15:26:17.364Z","a3dde7dbb75ca144f5d273bcee2bf6afd01da3350cf0a0cd9c776a4c183edfd0","https://www.leg.state.fl.us/statutes/index.cfm?App_mode=Display_Statute&URL=0300-0399/0316/Sections/0316.220.html","","","","","false","false","false",""
"section","316.221","","Fla. Stat. § 316.221","Taillamps","not_yet_analyzed","Official text is cached, but no explicit analysis establishes offense coverage.","official_current_cache","2026-09-18T15:26:17.364Z","e330563cca13f5313bedf6eb552eeb93c7b0a82e8a20fbba660c9c072c838c1c","https://www.leg.state.fl.us/statutes/index.cfm?App_mode=Display_Statute&URL=0300-0399/0316/Sections/0316.221.html","","","","","false","false","false",""
"section","316.222","","Fla. Stat. § 316.222","Stop lamps and turn signals","not_yet_analyzed","Official text is cached, but no explicit analysis establishes offense coverage.","official_current_cache","2026-09-18T15:26:17.364Z","9ad6e468354092a5b5bc77dea755a7f8f694f46b9175e12ed244f79ef0c62059","https://www.leg.state.fl.us/statutes/index.cfm?App_mode=Display_Statute&URL=0300-0399/0316/Sections/0316.222.html","","","","","false","false","false",""
"section","316.224","","Fla. Stat. § 316.224","Color of clearance lamps, identification lamps, side marker lamps, backup lamps, reflectors, and deceleration lights","not_yet_analyzed","Official text is cached, but no explicit analysis establishes offense coverage.","official_current_cache","2026-09-18T15:26:17.364Z","6e7fe4e58df282a012f62c356bc468d0b6be1e436b100132c71c2a0ae253a4a1","https://www.leg.state.fl.us/statutes/index.cfm?App_mode=Display_Statute&URL=0300-0399/0316/Sections/0316.224.html","","","","","false","false","false",""
"section","316.225","","Fla. Stat. § 316.225","Mounting of reflectors, clearance lamps and side marker lamps","not_yet_analyzed","Official text is cached, but no explicit analysis establishes offense coverage.","official_current_cache","2026-09-18T15:26:17.364Z","e5c348631cf706452020ff48913d76861a58b814b8a829a9e6f87d3877b8509d","https://www.leg.state.fl.us/statutes/index.cfm?App_mode=Display_Statute&URL=0300-0399/0316/Sections/0316.225.html","","","","","false","false","false",""
"section","316.226","","Fla. Stat. § 316.226","Visibility requirements for reflectors, clearance lamps, identification lamps and marker lamps","not_yet_analyzed","Official text is cached, but no explicit analysis establishes offense coverage.","official_current_cache","2026-09-18T15:26:17.364Z","2a402657f243a19c6769b0112cdb9b20b044e561e9fdba1a9dbe163aafacfffa","https://www.leg.state.fl.us/statutes/index.cfm?App_mode=Display_Statute&URL=0300-0399/0316/Sections/0316.226.html","","","","","false","false","false",""
"section","316.227","","Fla. Stat. § 316.227","Obstructed lights not required","not_yet_analyzed","Official text is cached, but no explicit analysis establishes offense coverage.","official_current_cache","2026-09-18T15:26:17.364Z","8841cf2909e9d4f7e15d0cbf22973937f5ef1f1c4f77e4bde78e124f03bf7124","https://www.leg.state.fl.us/statutes/index.cfm?App_mode=Display_Statute&URL=0300-0399/0316/Sections/0316.227.html","","","","","false","false","false",""
"section","316.228","","Fla. Stat. § 316.228","Lamps or flags on projecting load","not_yet_analyzed","Official text is cached, but no explicit analysis establishes offense coverage.","official_current_cache","2026-09-18T15:26:17.364Z","a7ebbc50ab2a3b16a4ebe26f61a6edba6fcf4f35f12b79f6310f70368462eac3","https://www.leg.state.fl.us/statutes/index.cfm?App_mode=Display_Statute&URL=0300-0399/0316/Sections/0316.228.html","","","","","false","false","false",""
"section","316.229","","Fla. Stat. § 316.229","Lamps on parked vehicles","not_yet_analyzed","Official text is cached, but no explicit analysis establishes offense coverage.","official_current_cache","2026-09-18T15:26:17.364Z","49eca130f840cbce90c05dc22dc5b92a31d3f3661cf60632b17de18da85989e8","https://www.leg.state.fl.us/statutes/index.cfm?App_mode=Display_Statute&URL=0300-0399/0316/Sections/0316.229.html","","","","","false","false","false",""
"section","316.231","","Fla. Stat. § 316.231","Lamps on other vehicles and equipment","not_yet_analyzed","Official text is cached, but no explicit analysis establishes offense coverage.","official_current_cache","2026-09-18T15:26:17.364Z","22f08b6e2d456c85f4252f9cbcb2115c468229ea62346c58fb423c3610cb72a3","https://www.leg.state.fl.us/statutes/index.cfm?App_mode=Display_Statute&URL=0300-0399/0316/Sections/0316.231.html","","","","","false","false","false",""
"section","316.233","","Fla. Stat. § 316.233","Spot lamps and auxiliary lamps","not_yet_analyzed","Official text is cached, but no explicit analysis establishes offense coverage.","official_current_cache","2026-09-18T15:26:17.364Z","3a7b57d3011a38003d944032fb03b669bdb6bb91898f797fdc4d8d382a69e4f8","https://www.leg.state.fl.us/statutes/index.cfm?App_mode=Display_Statute&URL=0300-0399/0316/Sections/0316.233.html","","","","","false","false","false",""
"section","316.234","","Fla. Stat. § 316.234","Signal lamps and signal devices","blocked","The section has analysis decisions, but no scope in this section is a current runtime selection.","official_current_cache","2026-09-18T15:26:17.364Z","0d38ee95a9c6ae49e2530e7c2ec5e0a29f506cc988eb0f83069a391028b8154a","https://www.leg.state.fl.us/statutes/index.cfm?App_mode=Display_Statute&URL=0300-0399/0316/Sections/0316.234.html","","fl-section-316.234","held","fl-defective-vehicle-equipment","false","false","false",""
"scope","316.234","","Fla. Stat. § 316.234","Signal lamps and signal devices","blocked","This equipment section does not itself supply a misdemeanor or felony grade, and the broad legacy defective-equipment label does not identify an exact criminal subdivision.","official_current_cache","2026-09-18T15:26:17.364Z","0d38ee95a9c6ae49e2530e7c2ec5e0a29f506cc988eb0f83069a391028b8154a","https://www.leg.state.fl.us/statutes/index.cfm?App_mode=Display_Statute&URL=0300-0399/0316/Sections/0316.234.html","","fl-section-316.234","held","fl-defective-vehicle-equipment","false","false","false",""
"section","316.235","","Fla. Stat. § 316.235","Additional lighting equipment","not_yet_analyzed","Official text is cached, but no explicit analysis establishes offense coverage.","official_current_cache","2026-09-18T15:26:17.364Z","bd18e20651f7b0799d009ce5925cc8b88e9afe0e31ff9932d08f6b79dcb4b863","https://www.leg.state.fl.us/statutes/index.cfm?App_mode=Display_Statute&URL=0300-0399/0316/Sections/0316.235.html","","","","","false","false","false",""
"section","316.237","","Fla. Stat. § 316.237","Multiple-beam road-lighting equipment","not_yet_analyzed","Official text is cached, but no explicit analysis establishes offense coverage.","official_current_cache","2026-09-18T15:26:17.364Z","2204eba875956f3704fdbfa1eee2a9c193960052960c8183ac9c78ed41a0d369","https://www.leg.state.fl.us/statutes/index.cfm?App_mode=Display_Statute&URL=0300-0399/0316/Sections/0316.237.html","","","","","false","false","false",""
"section","316.238","","Fla. Stat. § 316.238","Use of multiple-beam road-lighting equipment","not_yet_analyzed","Official text is cached, but no explicit analysis establishes offense coverage.","official_current_cache","2026-09-18T15:26:17.364Z","dd2c9a4908c02628e2437f2ff3550c367ee808e282c421c799731ca1642f9ced","https://www.leg.state.fl.us/statutes/index.cfm?App_mode=Display_Statute&URL=0300-0399/0316/Sections/0316.238.html","","","","","false","false","false",""
"section","316.239","","Fla. Stat. § 316.239","Single-beam road-lighting equipment","not_yet_analyzed","Official text is cached, but no explicit analysis establishes offense coverage.","official_current_cache","2026-09-18T15:26:17.364Z","5a14ae96a8af3285ba0a7ef4ef566651c302120048b826e58e192177a8c3212f","https://www.leg.state.fl.us/statutes/index.cfm?App_mode=Display_Statute&URL=0300-0399/0316/Sections/0316.239.html","","","","","false","false","false",""
"section","316.240","","Fla. Stat. § 316.240","Standards for lights on highway maintenance and service equipment","not_yet_analyzed","Official text is cached, but no explicit analysis establishes offense coverage.","official_current_cache","2026-09-18T15:26:17.364Z","7d126df9df078b36cc15e230fd65d698da461fce014fed1191813605ee161afa","https://www.leg.state.fl.us/statutes/index.cfm?App_mode=Display_Statute&URL=0300-0399/0316/Sections/0316.240.html","","","","","false","false","false",""
"section","316.241","","Fla. Stat. § 316.241","Selling or using lamps or equipment","not_yet_analyzed","Official text is cached, but no explicit analysis establishes offense coverage.","official_current_cache","2026-09-18T15:26:17.364Z","8a8e0db6ca966a7c1d8ba081203ed3f19931bc70b97c201bb168ecdb80f5a9e8","https://www.leg.state.fl.us/statutes/index.cfm?App_mode=Display_Statute&URL=0300-0399/0316/Sections/0316.241.html","","","","","false","false","false",""
"section","316.242","","Fla. Stat. § 316.242","Revocation of certificate of approval on lighting devices","not_yet_analyzed","Official text is cached, but no explicit analysis establishes offense coverage.","official_current_cache","2026-09-18T15:26:17.364Z","ec54ce8bf05ac4f2b4d8fcbd541b2aea14d9c82db25a0a027c7dc197b7e52fde","https://www.leg.state.fl.us/statutes/index.cfm?App_mode=Display_Statute&URL=0300-0399/0316/Sections/0316.242.html","","","","","false","false","false",""
"section","316.251","","Fla. Stat. § 316.251","Maximum bumper heights","not_yet_analyzed","Official text is cached, but no explicit analysis establishes offense coverage.","official_current_cache","2026-09-18T15:26:17.364Z","cac0fb327ca28cfd60b61ff1efe8aada339a0d54587fe77fbf36cb27968e55f5","https://www.leg.state.fl.us/statutes/index.cfm?App_mode=Display_Statute&URL=0300-0399/0316/Sections/0316.251.html","","","","","false","false","false",""
"section","316.252","","Fla. Stat. § 316.252","Splash and spray suppressant devices","not_yet_analyzed","Official text is cached, but no explicit analysis establishes offense coverage.","official_current_cache","2026-09-18T15:26:17.364Z","ecf52bf8098e9ffa0234455389621d2748003c9eb460c3279c722df38ebd03b9","https://www.leg.state.fl.us/statutes/index.cfm?App_mode=Display_Statute&URL=0300-0399/0316/Sections/0316.252.html","","","","","false","false","false",""
"section","316.253","","Fla. Stat. § 316.253","Vehicles used to sell ice cream and other confections; display of warnings required","not_yet_analyzed","Official text is cached, but no explicit analysis establishes offense coverage.","official_current_cache","2026-09-18T15:26:17.364Z","8a65cb4b864dea960b3f3920476ab003a7c7d0dd8362b4e2595e33099c8016f5","https://www.leg.state.fl.us/statutes/index.cfm?App_mode=Display_Statute&URL=0300-0399/0316/Sections/0316.253.html","","","","","false","false","false",""
"section","316.261","","Fla. Stat. § 316.261","Brake equipment required","not_yet_analyzed","Official text is cached, but no explicit analysis establishes offense coverage.","official_current_cache","2026-09-18T15:26:17.364Z","f5ae1f849b2890c8cf1386922b69226b32b21f74cf86743aed339a39c42ddf1f","https://www.leg.state.fl.us/statutes/index.cfm?App_mode=Display_Statute&URL=0300-0399/0316/Sections/0316.261.html","","","","","false","false","false",""
"section","316.262","","Fla. Stat. § 316.262","Performance ability of motor vehicle brakes","not_yet_analyzed","Official text is cached, but no explicit analysis establishes offense coverage.","official_current_cache","2026-09-18T15:26:17.364Z","4051d28ca8465db3dfaebbbe1a012989e952db2c33afbcdf3d8e5dee1e998784","https://www.leg.state.fl.us/statutes/index.cfm?App_mode=Display_Statute&URL=0300-0399/0316/Sections/0316.262.html","","","","","false","false","false",""
"section","316.263","","Fla. Stat. § 316.263","Maintenance of brakes","not_yet_analyzed","Official text is cached, but no explicit analysis establishes offense coverage.","official_current_cache","2026-09-18T15:26:17.364Z","f732832afc5d94afc28d0a1d4fd6ce1c81c3c23aeedcc3e787397ceb6071c364","https://www.leg.state.fl.us/statutes/index.cfm?App_mode=Display_Statute&URL=0300-0399/0316/Sections/0316.263.html","","","","","false","false","false",""
"section","316.267","","Fla. Stat. § 316.267","Brakes on electric-powered vehicles","not_yet_analyzed","Official text is cached, but no explicit analysis establishes offense coverage.","official_current_cache","2026-09-18T15:26:17.364Z","97dee20415f2f735b9e344e1bee969f89705c0bd3a56df251de1d8a6bdf5619d","https://www.leg.state.fl.us/statutes/index.cfm?App_mode=Display_Statute&URL=0300-0399/0316/Sections/0316.267.html","","","","","false","false","false",""
"section","316.0271","","Fla. Stat. § 316.0271","Yellow dot critical motorist medical information program; yellow dot decal, folder, and information form","not_yet_analyzed","Official text is cached, but no explicit analysis establishes offense coverage.","official_current_cache","2026-09-18T15:26:17.364Z","772da5355790dc1c01b5825869284c5ef94bc50c76019fccccc605d1ad2ce2ca","https://www.leg.state.fl.us/statutes/index.cfm?App_mode=Display_Statute&URL=0300-0399/0316/Sections/0316.0271.html","","","","","false","false","false",""
"section","316.271","","Fla. Stat. § 316.271","Horns and warning devices","not_yet_analyzed","Official text is cached, but no explicit analysis establishes offense coverage.","official_current_cache","2026-09-18T15:26:17.364Z","ffd3addf77f2cee0c16d919b173dc88619c2a8c0d0b016bb41b35c68eb1eb0da","https://www.leg.state.fl.us/statutes/index.cfm?App_mode=Display_Statute&URL=0300-0399/0316/Sections/0316.271.html","","","","","false","false","false",""
"section","316.272","","Fla. Stat. § 316.272","Exhaust systems, prevention of noise","not_yet_analyzed","Official text is cached, but no explicit analysis establishes offense coverage.","official_current_cache","2026-09-18T15:26:17.364Z","113e267a0f475e0ff732db12963905812e7890af00a865046da19a0d0c2b05e2","https://www.leg.state.fl.us/statutes/index.cfm?App_mode=Display_Statute&URL=0300-0399/0316/Sections/0316.272.html","","","","","false","false","false",""
"section","316.293","","Fla. Stat. § 316.293","Motor vehicle noise","not_yet_analyzed","Official text is cached, but no explicit analysis establishes offense coverage.","official_current_cache","2026-09-18T15:26:17.364Z","39b954de27c099d0e7e9f68e2ba131f8cf94387531db4018c194a846941b66d9","https://www.leg.state.fl.us/statutes/index.cfm?App_mode=Display_Statute&URL=0300-0399/0316/Sections/0316.293.html","","","","","false","false","false",""
"section","316.294","","Fla. Stat. § 316.294","Mirrors","not_yet_analyzed","Official text is cached, but no explicit analysis establishes offense coverage.","official_current_cache","2026-09-18T15:26:17.364Z","bd933f67b822845a1c43c9b3b739feb4f8840c4790591ed907ddc282aa740060","https://www.leg.state.fl.us/statutes/index.cfm?App_mode=Display_Statute&URL=0300-0399/0316/Sections/0316.294.html","","","","","false","false","false",""
"section","316.299","","Fla. Stat. § 316.299","Rough surfaced wheels prohibited","not_yet_analyzed","Official text is cached, but no explicit analysis establishes offense coverage.","official_current_cache","2026-09-18T15:26:17.364Z","fc474385e5e895946b74140a322cdbf35ac367c563c50e72572ec0709fc9d891","https://www.leg.state.fl.us/statutes/index.cfm?App_mode=Display_Statute&URL=0300-0399/0316/Sections/0316.299.html","","","","","false","false","false",""
"section","316.300","","Fla. Stat. § 316.300","Certain vehicles to carry flares or other devices","not_yet_analyzed","Official text is cached, but no explicit analysis establishes offense coverage.","official_current_cache","2026-09-18T15:26:17.364Z","543a5182c1085ae0e5698ecf55de09cc84b662ea92d45ece2c75b3d57173ecda","https://www.leg.state.fl.us/statutes/index.cfm?App_mode=Display_Statute&URL=0300-0399/0316/Sections/0316.300.html","","","","","false","false","false",""
"section","316.301","","Fla. Stat. § 316.301","Display of warning lights and devices when vehicle is stopped or disabled","not_yet_analyzed","Official text is cached, but no explicit analysis establishes offense coverage.","official_current_cache","2026-09-18T15:26:17.364Z","231fb31fe857d6a7bc6470ca793516e3e9036c63aa12d33cc911c589106ad8c1","https://www.leg.state.fl.us/statutes/index.cfm?App_mode=Display_Statute&URL=0300-0399/0316/Sections/0316.301.html","","","","","false","false","false",""
"section","316.302","","Fla. Stat. § 316.302","Commercial motor vehicles; safety regulations; transporters and shippers of hazardous materials; enforcement","not_yet_analyzed","Official text is cached, but no explicit analysis establishes offense coverage.","official_current_cache","2026-09-18T15:26:17.364Z","2b8fed9b9b2b0bc6f6b96f48b4cd438bb1c25218508eae50db12907f5c8c2c41","https://www.leg.state.fl.us/statutes/index.cfm?App_mode=Display_Statute&URL=0300-0399/0316/Sections/0316.302.html","","","","","false","false","false",""
"section","316.303","","Fla. Stat. § 316.303","Television receivers","not_yet_analyzed","Official text is cached, but no explicit analysis establishes offense coverage.","official_current_cache","2026-09-18T15:26:17.364Z","b99168df45512cc5d0da79198f000ca4b93e47e51e579afb9f20e1129899485a","https://www.leg.state.fl.us/statutes/index.cfm?App_mode=Display_Statute&URL=0300-0399/0316/Sections/0316.303.html","","","","","false","false","false",""
"section","316.304","","Fla. Stat. § 316.304","Wearing of headsets","not_yet_analyzed","Official text is cached, but no explicit analysis establishes offense coverage.","official_current_cache","2026-09-18T15:26:17.364Z","93847106c98854ff6d82c7472e16fa77c8d41a05fa909b6800e7ffad8130d18a","https://www.leg.state.fl.us/statutes/index.cfm?App_mode=Display_Statute&URL=0300-0399/0316/Sections/0316.304.html","","","","","false","false","false",""
"section","316.305","","Fla. Stat. § 316.305","Wireless communications devices; prohibition","not_yet_analyzed","Official text is cached, but no explicit analysis establishes offense coverage.","official_current_cache","2026-09-18T15:26:17.364Z","4fd8cbcb2d2c18e78f109c59923c9ac739bf51c69552689168592151ba306ad6","https://www.leg.state.fl.us/statutes/index.cfm?App_mode=Display_Statute&URL=0300-0399/0316/Sections/0316.305.html","","","","","false","false","false",""
"section","316.306","","Fla. Stat. § 316.306","School and work zones; prohibition on the use of a wireless communications device in a handheld manner","not_yet_analyzed","Official text is cached, but no explicit analysis establishes offense coverage.","official_current_cache","2026-09-18T15:26:17.364Z","04513d5365d5f39ae501ccfa80c12e2f1f7dccac43ba91c6cfb347304993102d","https://www.leg.state.fl.us/statutes/index.cfm?App_mode=Display_Statute&URL=0300-0399/0316/Sections/0316.306.html","","","","","false","false","false",""
"section","316.400","","Fla. Stat. § 316.400","Headlamps","not_yet_analyzed","Official text is cached, but no explicit analysis establishes offense coverage.","official_current_cache","2026-09-18T15:26:17.364Z","5fbc672911d4b859083c831140f3c6b9f902bba63963aac942f537bdc649f910","https://www.leg.state.fl.us/statutes/index.cfm?App_mode=Display_Statute&URL=0300-0399/0316/Sections/0316.400.html","","","","","false","false","false",""
"section","316.405","","Fla. Stat. § 316.405","Motorcycle headlights to be turned on","not_yet_analyzed","Official text is cached, but no explicit analysis establishes offense coverage.","official_current_cache","2026-09-18T15:26:17.364Z","9ade92edfdc9ebb9ca60e606b3c1c2bcf2bc347a7ab0d137a6dc9eee5712dd0a","https://www.leg.state.fl.us/statutes/index.cfm?App_mode=Display_Statute&URL=0300-0399/0316/Sections/0316.405.html","","","","","false","false","false",""
"section","316.410","","Fla. Stat. § 316.410","Taillamps","not_yet_analyzed","Official text is cached, but no explicit analysis establishes offense coverage.","official_current_cache","2026-09-18T15:26:17.364Z","bea71dd3c2fc7df8c9a7f601a09971a2ea26076cbb3146913732940b76294228","https://www.leg.state.fl.us/statutes/index.cfm?App_mode=Display_Statute&URL=0300-0399/0316/Sections/0316.410.html","","","","","false","false","false",""
"section","316.415","","Fla. Stat. § 316.415","Reflectors","not_yet_analyzed","Official text is cached, but no explicit analysis establishes offense coverage.","official_current_cache","2026-09-18T15:26:17.364Z","1f1ba6891767ddbbe39225063f8c50b824452aee0ed6abc1fa4aef8e68bd5b50","https://www.leg.state.fl.us/statutes/index.cfm?App_mode=Display_Statute&URL=0300-0399/0316/Sections/0316.415.html","","","","","false","false","false",""
"section","316.420","","Fla. Stat. § 316.420","Stop lamps","not_yet_analyzed","Official text is cached, but no explicit analysis establishes offense coverage.","official_current_cache","2026-09-18T15:26:17.364Z","b9a4225660aab6563037cadfce8aca99c0c98812df400e44f4521fb23eaddd92","https://www.leg.state.fl.us/statutes/index.cfm?App_mode=Display_Statute&URL=0300-0399/0316/Sections/0316.420.html","","","","","false","false","false",""
"section","316.425","","Fla. Stat. § 316.425","Lamps on parked motorcycles","not_yet_analyzed","Official text is cached, but no explicit analysis establishes offense coverage.","official_current_cache","2026-09-18T15:26:17.364Z","08738088a2a1892bc5156d8c7d52fc3cf4653b3989e0180ca5bc4feb34b00681","https://www.leg.state.fl.us/statutes/index.cfm?App_mode=Display_Statute&URL=0300-0399/0316/Sections/0316.425.html","","","","","false","false","false",""
"section","316.430","","Fla. Stat. § 316.430","Multiple-beam road-lighting equipment","not_yet_analyzed","Official text is cached, but no explicit analysis establishes offense coverage.","official_current_cache","2026-09-18T15:26:17.364Z","046179706411d5589fe17541ada570f52cae2e2ecf15017b26ac438098240443","https://www.leg.state.fl.us/statutes/index.cfm?App_mode=Display_Statute&URL=0300-0399/0316/Sections/0316.430.html","","","","","false","false","false",""
"section","316.435","","Fla. Stat. § 316.435","Lighting equipment for motor-driven cycles","not_yet_analyzed","Official text is cached, but no explicit analysis establishes offense coverage.","official_current_cache","2026-09-18T15:26:17.364Z","8d9db5c0eaf251c9c00fc6739e2de1924daf0860375de56e3073aabc32a223e5","https://www.leg.state.fl.us/statutes/index.cfm?App_mode=Display_Statute&URL=0300-0399/0316/Sections/0316.435.html","","","","","false","false","false",""
"section","316.440","","Fla. Stat. § 316.440","Brake equipment required","not_yet_analyzed","Official text is cached, but no explicit analysis establishes offense coverage.","official_current_cache","2026-09-18T15:26:17.364Z","6ba8f0de4cba38e48de18daef9d2a5b0260ec57d4d99eb4ab36ec2bf79031e5c","https://www.leg.state.fl.us/statutes/index.cfm?App_mode=Display_Statute&URL=0300-0399/0316/Sections/0316.440.html","","","","","false","false","false",""
"section","316.445","","Fla. Stat. § 316.445","Performance ability of motorcycle brakes","not_yet_analyzed","Official text is cached, but no explicit analysis establishes offense coverage.","official_current_cache","2026-09-18T15:26:17.364Z","1b2066e89a291bdbfaf8dffc57c0ee47e3be6a898c8794b931e96578c703be87","https://www.leg.state.fl.us/statutes/index.cfm?App_mode=Display_Statute&URL=0300-0399/0316/Sections/0316.445.html","","","","","false","false","false",""
"section","316.450","","Fla. Stat. § 316.450","Brakes on motor-driven cycles","not_yet_analyzed","Official text is cached, but no explicit analysis establishes offense coverage.","official_current_cache","2026-09-18T15:26:17.364Z","38b9bfce567b705a7d1b9510857220ffd593614c24af2d890afd49715551fe6c","https://www.leg.state.fl.us/statutes/index.cfm?App_mode=Display_Statute&URL=0300-0399/0316/Sections/0316.450.html","","","","","false","false","false",""
"section","316.455","","Fla. Stat. § 316.455","Other equipment","not_yet_analyzed","Official text is cached, but no explicit analysis establishes offense coverage.","official_current_cache","2026-09-18T15:26:17.364Z","2c40d0eef981ca14d476ee710ac041e44a0c60d8421a119b0e28c891e6660068","https://www.leg.state.fl.us/statutes/index.cfm?App_mode=Display_Statute&URL=0300-0399/0316/Sections/0316.455.html","","","","","false","false","false",""
"section","316.500","","Fla. Stat. § 316.500","Exceeding weight and length; penalties","not_yet_analyzed","Official text is cached, but no explicit analysis establishes offense coverage.","official_current_cache","2026-09-18T15:26:17.364Z","403015583f9f6bcbbf0a83dda5d2a965c05a85e040f89d14c98eec46529407f8","https://www.leg.state.fl.us/statutes/index.cfm?App_mode=Display_Statute&URL=0300-0399/0316/Sections/0316.500.html","","","","","false","false","false",""
"section","316.510","","Fla. Stat. § 316.510","Projecting loads on passenger vehicles","not_yet_analyzed","Official text is cached, but no explicit analysis establishes offense coverage.","official_current_cache","2026-09-18T15:26:17.364Z","df8bec4eb46614dfcf8bad3addb3a3a5d44c2e60ce6ff46d07ec97ae96468a50","https://www.leg.state.fl.us/statutes/index.cfm?App_mode=Display_Statute&URL=0300-0399/0316/Sections/0316.510.html","","","","","false","false","false",""
"section","316.515","","Fla. Stat. § 316.515","Maximum width, height, length","not_yet_analyzed","Official text is cached, but no explicit analysis establishes offense coverage.","official_current_cache","2026-09-18T15:26:17.364Z","986cd7299160d7f3bbaad0e4559ec2b80944d2f391836b7695ce6351d20bc10b","https://www.leg.state.fl.us/statutes/index.cfm?App_mode=Display_Statute&URL=0300-0399/0316/Sections/0316.515.html","","","","","false","false","false",""
"section","316.516","","Fla. Stat. § 316.516","Width, height, and length; inspection; penalties","not_yet_analyzed","Official text is cached, but no explicit analysis establishes offense coverage.","official_current_cache","2026-09-18T15:26:17.364Z","6a58805a7f49fdf111fc83a0cdd295da741a7368f15a8989684041b611257514","https://www.leg.state.fl.us/statutes/index.cfm?App_mode=Display_Statute&URL=0300-0399/0316/Sections/0316.516.html","","","","","false","false","false",""
"section","316.520","","Fla. Stat. § 316.520","Loads on vehicles","not_yet_analyzed","Official text is cached, but no explicit analysis establishes offense coverage.","official_current_cache","2026-09-18T15:26:17.364Z","8749d5215173ec04cde972c0a6fcf596d3ae07cbe47f3531e86c25dca486e7a1","https://www.leg.state.fl.us/statutes/index.cfm?App_mode=Display_Statute&URL=0300-0399/0316/Sections/0316.520.html","","","","","false","false","false",""
"section","316.525","","Fla. Stat. § 316.525","Requirements for vehicles hauling loads","not_yet_analyzed","Official text is cached, but no explicit analysis establishes offense coverage.","official_current_cache","2026-09-18T15:26:17.364Z","f23fa594d42afc792b5f06bb0971e8c93a629cb1147498306b22e1843123a2a1","https://www.leg.state.fl.us/statutes/index.cfm?App_mode=Display_Statute&URL=0300-0399/0316/Sections/0316.525.html","","","","","false","false","false",""
"section","316.530","","Fla. Stat. § 316.530","Towing requirements","not_yet_analyzed","Official text is cached, but no explicit analysis establishes offense coverage.","official_current_cache","2026-09-18T15:26:17.364Z","eacbbe005e8b101cdbcab8222c76094231d6ceb54e4efadf96bb2c387fb1f62d","https://www.leg.state.fl.us/statutes/index.cfm?App_mode=Display_Statute&URL=0300-0399/0316/Sections/0316.530.html","","","","","false","false","false",""
"section","316.535","","Fla. Stat. § 316.535","Maximum weights","not_yet_analyzed","Official text is cached, but no explicit analysis establishes offense coverage.","official_current_cache","2026-09-18T15:26:17.364Z","e2914159280ad3efbe38ce5916cb028de47f85d025a1a44028ee1d92c9ba6e13","https://www.leg.state.fl.us/statutes/index.cfm?App_mode=Display_Statute&URL=0300-0399/0316/Sections/0316.535.html","","","","","false","false","false",""
"section","316.545","","Fla. Stat. § 316.545","Weight and load unlawful; special fuel and motor fuel tax enforcement; inspection; penalty; review","not_yet_analyzed","Official text is cached, but no explicit analysis establishes offense coverage.","official_current_cache","2026-09-18T15:26:17.364Z","36a1a845c4910d0b4ae706fe6592d25e566db2511876cc6be203e325b53933dd","https://www.leg.state.fl.us/statutes/index.cfm?App_mode=Display_Statute&URL=0300-0399/0316/Sections/0316.545.html","","","","","false","false","false",""
"section","316.550","","Fla. Stat. § 316.550","Operations not in conformity with law; special permits","not_yet_analyzed","Official text is cached, but no explicit analysis establishes offense coverage.","official_current_cache","2026-09-18T15:26:17.364Z","2ebb0058bf4ba9ccfb79e3ee47a73dd5549395ea3c768522c6e4bdd868d9b8d1","https://www.leg.state.fl.us/statutes/index.cfm?App_mode=Display_Statute&URL=0300-0399/0316/Sections/0316.550.html","","","","","false","false","false",""
"section","316.555","","Fla. Stat. § 316.555","Weight, load, speed limits may be lowered; condition precedent","not_yet_analyzed","Official text is cached, but no explicit analysis establishes offense coverage.","official_current_cache","2026-09-18T15:26:17.364Z","145841d4d6bf986d690269c62b6f41ee1955d3dd1a12aed0f255af52c6f2d99e","https://www.leg.state.fl.us/statutes/index.cfm?App_mode=Display_Statute&URL=0300-0399/0316/Sections/0316.555.html","","","","","false","false","false",""
"section","316.560","","Fla. Stat. § 316.560","Damage to highways; liability of driver and owner","not_yet_analyzed","Official text is cached, but no explicit analysis establishes offense coverage.","official_current_cache","2026-09-18T15:26:17.364Z","7c905bf471012efe215edad923477b6b4754314e2ab8d3908fdfca7357c1d557","https://www.leg.state.fl.us/statutes/index.cfm?App_mode=Display_Statute&URL=0300-0399/0316/Sections/0316.560.html","","","","","false","false","false",""
"section","316.565","","Fla. Stat. § 316.565","Emergency transportation, agricultural products; establishment of weight loads, etc","not_yet_analyzed","Official text is cached, but no explicit analysis establishes offense coverage.","official_current_cache","2026-09-18T15:26:17.364Z","1fd71b9674e1973a3a35f022dc5eac95ced9287558b212a3408bd88218921307","https://www.leg.state.fl.us/statutes/index.cfm?App_mode=Display_Statute&URL=0300-0399/0316/Sections/0316.565.html","","","","","false","false","false",""
"section","316.600","","Fla. Stat. § 316.600","Health and sanitation hazards","not_yet_analyzed","Official text is cached, but no explicit analysis establishes offense coverage.","official_current_cache","2026-09-18T15:26:17.364Z","b5133cc3630a968beb48f36064300ad80e7b561540891cb86422f26a405fd4df","https://www.leg.state.fl.us/statutes/index.cfm?App_mode=Display_Statute&URL=0300-0399/0316/Sections/0316.600.html","","","","","false","false","false",""
"section","316.605","","Fla. Stat. § 316.605","Licensing of vehicles","not_yet_analyzed","Official text is cached, but no explicit analysis establishes offense coverage.","official_current_cache","2026-09-18T15:26:17.364Z","74dde97e8c87ea241ecfb479df7392021d7602cdaa67e9fb2c5c1421a33cab64","https://www.leg.state.fl.us/statutes/index.cfm?App_mode=Display_Statute&URL=0300-0399/0316/Sections/0316.605.html","","","","","false","false","false",""
"section","316.610","","Fla. Stat. § 316.610","Safety of vehicle; inspection","blocked","The section has analysis decisions, but no scope in this section is a current runtime selection.","official_current_cache","2026-09-18T15:26:17.364Z","28b911fe02de71adf5ed413a7e4f3c2569a38642d199de945ba97810557d264a","https://www.leg.state.fl.us/statutes/index.cfm?App_mode=Display_Statute&URL=0300-0399/0316/Sections/0316.610.html","","fl-section-316.610","held","fl-expired-inspection","false","false","false",""
"scope","316.610","","Fla. Stat. § 316.610","Safety of vehicle; inspection","blocked","The current text concerns unsafe vehicle condition and inspection authority but does not establish the legacy 'expired/no inspection' criminal identity or a standalone misdemeanor/felony grade.","official_current_cache","2026-09-18T15:26:17.364Z","28b911fe02de71adf5ed413a7e4f3c2569a38642d199de945ba97810557d264a","https://www.leg.state.fl.us/statutes/index.cfm?App_mode=Display_Statute&URL=0300-0399/0316/Sections/0316.610.html","","fl-section-316.610","held","fl-expired-inspection","false","false","false",""
"section","316.613","","Fla. Stat. § 316.613","Child restraint requirements","not_yet_analyzed","Official text is cached, but no explicit analysis establishes offense coverage.","official_current_cache","2026-09-18T15:26:17.364Z","6b90b33ae1c708c3eddf583e4b9792e4205781f1ec74440008cf7fb0cc5515f1","https://www.leg.state.fl.us/statutes/index.cfm?App_mode=Display_Statute&URL=0300-0399/0316/Sections/0316.613.html","","","","","false","false","false",""
"section","316.614","","Fla. Stat. § 316.614","Safety belt usage","not_yet_analyzed","Official text is cached, but no explicit analysis establishes offense coverage.","official_current_cache","2026-09-18T15:26:17.364Z","a7f22a9cc6210f4b9278e7786103b3b40e81c78303519420d29091113e92c87f","https://www.leg.state.fl.us/statutes/index.cfm?App_mode=Display_Statute&URL=0300-0399/0316/Sections/0316.614.html","","","","","false","false","false",""
"section","316.615","","Fla. Stat. § 316.615","School buses; physical requirements of drivers","not_yet_analyzed","Official text is cached, but no explicit analysis establishes offense coverage.","official_current_cache","2026-09-18T15:26:17.364Z","8c84ffb141f0232d6109a05a4d0f6249ba18c9f9d8ad56b3a51b04c62462f7e2","https://www.leg.state.fl.us/statutes/index.cfm?App_mode=Display_Statute&URL=0300-0399/0316/Sections/0316.615.html","","","","","false","false","false",""
"section","316.622","","Fla. Stat. § 316.622","Farm labor vehicles","not_yet_analyzed","Official text is cached, but no explicit analysis establishes offense coverage.","official_current_cache","2026-09-18T15:26:17.364Z","12b3e58c4c1cfa581b17420de9161c5ec2f6f77e7ea2142401730c69f6955cdb","https://www.leg.state.fl.us/statutes/index.cfm?App_mode=Display_Statute&URL=0300-0399/0316/Sections/0316.622.html","","","","","false","false","false",""
"section","316.635","","Fla. Stat. § 316.635","Courts having jurisdiction over traffic violations; powers relating to custody and detention of minors","not_yet_analyzed","Official text is cached, but no explicit analysis establishes offense coverage.","official_current_cache","2026-09-18T15:26:17.364Z","a030b614bcf25473434db0cff29138407ad6ae08b8ed0a56a2ba19f2a00fbbaa","https://www.leg.state.fl.us/statutes/index.cfm?App_mode=Display_Statute&URL=0300-0399/0316/Sections/0316.635.html","","","","","false","false","false",""
"section","316.640","","Fla. Stat. § 316.640","Enforcement","not_yet_analyzed","Official text is cached, but no explicit analysis establishes offense coverage.","official_current_cache","2026-09-18T15:26:17.364Z","ba9f80ed175127bdc7f0877173927e7abaf9e02ed05f1a012318ae76462f0d72","https://www.leg.state.fl.us/statutes/index.cfm?App_mode=Display_Statute&URL=0300-0399/0316/Sections/0316.640.html","","","","","false","false","false",""
"section","316.645","","Fla. Stat. § 316.645","Arrest authority of officer at scene of a traffic crash","not_yet_analyzed","Official text is cached, but no explicit analysis establishes offense coverage.","official_current_cache","2026-09-18T15:26:17.364Z","fc3c8252350d17c742040b3b13d966e10a84f9379aee9f0c0130595153e3c9bc","https://www.leg.state.fl.us/statutes/index.cfm?App_mode=Display_Statute&URL=0300-0399/0316/Sections/0316.645.html","","","","","false","false","false",""
"section","316.646","","Fla. Stat. § 316.646","Security required; proof of security and display thereof","blocked","The section has analysis decisions, but no scope in this section is a current runtime selection.","official_current_cache","2026-09-18T15:26:17.364Z","885e2748b9ece7eb0add5f210aedc4b7be6001442c074e1908ab253c97570164","https://www.leg.state.fl.us/statutes/index.cfm?App_mode=Display_Statute&URL=0300-0399/0316/Sections/0316.646.html","","fl-section-316.646","held","fl-driving-without-insurance","false","false","false",""
"scope","316.646","","Fla. Stat. § 316.646","Security required; proof of security and display thereof","blocked","Failure to possess or display proof of required security is graded as a nonmoving traffic infraction; the section does not support the legacy misdemeanor label.","official_current_cache","2026-09-18T15:26:17.364Z","885e2748b9ece7eb0add5f210aedc4b7be6001442c074e1908ab253c97570164","https://www.leg.state.fl.us/statutes/index.cfm?App_mode=Display_Statute&URL=0300-0399/0316/Sections/0316.646.html","","fl-section-316.646","held","fl-driving-without-insurance","false","false","false",""
"section","316.650","","Fla. Stat. § 316.650","Traffic citations","not_yet_analyzed","Official text is cached, but no explicit analysis establishes offense coverage.","official_current_cache","2026-09-18T15:26:17.364Z","a43dafd23db1ae8e8dbaaa723085d1d3b7d1d4f5fd910cff43653e7b44a2426d","https://www.leg.state.fl.us/statutes/index.cfm?App_mode=Display_Statute&URL=0300-0399/0316/Sections/0316.650.html","","","","","false","false","false",""
"section","316.655","","Fla. Stat. § 316.655","Penalties","not_yet_analyzed","Official text is cached, but no explicit analysis establishes offense coverage.","official_current_cache","2026-09-18T15:26:17.364Z","2de69d629edc80040cbcc41320808f24ddb691c409b4e5adbf2a8d3e2e7058ff","https://www.leg.state.fl.us/statutes/index.cfm?App_mode=Display_Statute&URL=0300-0399/0316/Sections/0316.655.html","","","","","false","false","false",""
"section","316.656","","Fla. Stat. § 316.656","Mandatory adjudication; prohibition against accepting plea to lesser included offense","not_yet_analyzed","Official text is cached, but no explicit analysis establishes offense coverage.","official_current_cache","2026-09-18T15:26:17.364Z","b9c0ed083161b4a6b875afbd213cc75d39ae123bf44bafc2167a6fe6a3de4344","https://www.leg.state.fl.us/statutes/index.cfm?App_mode=Display_Statute&URL=0300-0399/0316/Sections/0316.656.html","","","","","false","false","false",""
"section","316.660","","Fla. Stat. § 316.660","Disposition of fines and forfeitures collected for violations; reporting requirement","not_yet_analyzed","Official text is cached, but no explicit analysis establishes offense coverage.","official_current_cache","2026-09-18T15:26:17.364Z","eea025027fb0fdd7bc8be2ce7554f08eb2043ab7185acb12e19e639b75abc580","https://www.leg.state.fl.us/statutes/index.cfm?App_mode=Display_Statute&URL=0300-0399/0316/Sections/0316.660.html","","","","","false","false","false",""
"section","316.0745","","Fla. Stat. § 316.0745","Uniform signals and devices","not_yet_analyzed","Official text is cached, but no explicit analysis establishes offense coverage.","official_current_cache","2026-09-18T15:26:17.364Z","68708f7ce36ace33b47508fed649adb90683c3e4d43fe81df57095c0b21813a8","https://www.leg.state.fl.us/statutes/index.cfm?App_mode=Display_Statute&URL=0300-0399/0316/Sections/0316.0745.html","","","","","false","false","false",""
"section","316.0747","","Fla. Stat. § 316.0747","Sale or purchase of traffic control devices by nongovernmental entities; prohibitions","not_yet_analyzed","Official text is cached, but no explicit analysis establishes offense coverage.","official_current_cache","2026-09-18T15:26:17.364Z","a033bcf7276ed5efd93d19863a9f002eebaf450673051e9a33196154d0183b44","https://www.leg.state.fl.us/statutes/index.cfm?App_mode=Display_Statute&URL=0300-0399/0316/Sections/0316.0747.html","","","","","false","false","false",""
"section","316.0755","","Fla. Stat. § 316.0755","Pedestrian control signals","not_yet_analyzed","Official text is cached, but no explicit analysis establishes offense coverage.","official_current_cache","2026-09-18T15:26:17.364Z","13289bd1096c3faa30941275dad968fc67cfe6edf201eb51cc71d1ec48584262","https://www.leg.state.fl.us/statutes/index.cfm?App_mode=Display_Statute&URL=0300-0399/0316/Sections/0316.0755.html","","","","","false","false","false",""
"section","316.0765","","Fla. Stat. § 316.0765","Lane direction control signals","not_yet_analyzed","Official text is cached, but no explicit analysis establishes offense coverage.","official_current_cache","2026-09-18T15:26:17.364Z","289d81af3f37fac0189e9fdfc5524b294b6f27d36726f01454f632395b7066cf","https://www.leg.state.fl.us/statutes/index.cfm?App_mode=Display_Statute&URL=0300-0399/0316/Sections/0316.0765.html","","","","","false","false","false",""
"section","316.0775","","Fla. Stat. § 316.0775","Interference with official traffic control devices or railroad signs or signals","not_yet_analyzed","Official text is cached, but no explicit analysis establishes offense coverage.","official_current_cache","2026-09-18T15:26:17.364Z","4c64628bd6fa3bc49f52fa3e6f64f0236102f4274852ee5e549be420ce796b4d","https://www.leg.state.fl.us/statutes/index.cfm?App_mode=Display_Statute&URL=0300-0399/0316/Sections/0316.0775.html","","","","","false","false","false",""
"section","316.0776","","Fla. Stat. § 316.0776","Traffic infraction detectors; speed detection systems; placement and installation","not_yet_analyzed","Official text is cached, but no explicit analysis establishes offense coverage.","official_current_cache","2026-09-18T15:26:17.364Z","67c3b2098cd03136505bcfbde4db98d08d6b348fe6d65d9356e6c92956e97b32","https://www.leg.state.fl.us/statutes/index.cfm?App_mode=Display_Statute&URL=0300-0399/0316/Sections/0316.0776.html","","","","","false","false","false",""
"section","316.0777","","Fla. Stat. § 316.0777","Automated license plate recognition systems; installation within rights-of-way of State Highway System; public records exemption","not_yet_analyzed","Official text is cached, but no explicit analysis establishes offense coverage.","official_current_cache","2026-09-18T15:26:17.364Z","12c3060f627283d0cffcae798fd2afbbe8f81da3fbba86989992ac043345ca8f","https://www.leg.state.fl.us/statutes/index.cfm?App_mode=Display_Statute&URL=0300-0399/0316/Sections/0316.0777.html","","","","","false","false","false",""
"section","316.0778","","Fla. Stat. § 316.0778","Automated license plate recognition systems; records retention","not_yet_analyzed","Official text is cached, but no explicit analysis establishes offense coverage.","official_current_cache","2026-09-18T15:26:17.364Z","1ee541240cb41e1b7390d4ae84d0f1c457e6c09d23808a2ba3e16fe63850995f","https://www.leg.state.fl.us/statutes/index.cfm?App_mode=Display_Statute&URL=0300-0399/0316/Sections/0316.0778.html","","","","","false","false","false",""
"section","316.0815","","Fla. Stat. § 316.0815","Duty to yield to public transit vehicles","not_yet_analyzed","Official text is cached, but no explicit analysis establishes offense coverage.","official_current_cache","2026-09-18T15:26:17.364Z","f67415fa21e5ca96828d7382cbe882d08f73b2ce781401d0c1a80bfd9eea5ee6","https://www.leg.state.fl.us/statutes/index.cfm?App_mode=Display_Statute&URL=0300-0399/0316/Sections/0316.0815.html","","","","","false","false","false",""
"section","316.0817","","Fla. Stat. § 316.0817","Loading and unloading of bus passengers","not_yet_analyzed","Official text is cached, but no explicit analysis establishes offense coverage.","official_current_cache","2026-09-18T15:26:17.364Z","3773adabe7abfadafc3a2d5336ba58525ff92667ead0b536d15ce815864e82da","https://www.leg.state.fl.us/statutes/index.cfm?App_mode=Display_Statute&URL=0300-0399/0316/Sections/0316.0817.html","","","","","false","false","false",""
"section","316.0825","","Fla. Stat. § 316.0825","Vehicle approaching an animal","not_yet_analyzed","Official text is cached, but no explicit analysis establishes offense coverage.","official_current_cache","2026-09-18T15:26:17.364Z","547f8c8151cfeb6431178dc5269d5fe0ffa66d172bc1fde77a74d9b123f825cd","https://www.leg.state.fl.us/statutes/index.cfm?App_mode=Display_Statute&URL=0300-0399/0316/Sections/0316.0825.html","","","","","false","false","false",""
"section","316.00831","","Fla. Stat. § 316.00831","Distribution of penalties collected under s. 316.0083(1)(b)","not_yet_analyzed","Official text is cached, but no explicit analysis establishes offense coverage.","official_current_cache","2026-09-18T15:26:17.364Z","3e38e46eb2c16d1a0b8f70174d1888999d7211dccb432ddb366b5ab65d2928a4","https://www.leg.state.fl.us/statutes/index.cfm?App_mode=Display_Statute&URL=0300-0399/0316/Sections/0316.00831.html","","","","","false","false","false",""
"section","316.0875","","Fla. Stat. § 316.0875","No-passing zones","not_yet_analyzed","Official text is cached, but no explicit analysis establishes offense coverage.","official_current_cache","2026-09-18T15:26:17.364Z","816ffdf430992fe0d9efb034a6c007ab1a1991b50e4ba00ca9a8203ff2f324ab","https://www.leg.state.fl.us/statutes/index.cfm?App_mode=Display_Statute&URL=0300-0399/0316/Sections/0316.0875.html","","","","","false","false","false",""
"section","316.0895","","Fla. Stat. § 316.0895","Following too closely","not_yet_analyzed","Official text is cached, but no explicit analysis establishes offense coverage.","official_current_cache","2026-09-18T15:26:17.364Z","a6bb477c65ed6d5b562f33836e6afc7c785b88ce8f1e3a523607b70be0d89c39","https://www.leg.state.fl.us/statutes/index.cfm?App_mode=Display_Statute&URL=0300-0399/0316/Sections/0316.0895.html","","","","","false","false","false",""
"section","316.1001","","Fla. Stat. § 316.1001","Payment of toll on toll facilities required; penalties","not_yet_analyzed","Official text is cached, but no explicit analysis establishes offense coverage.","official_current_cache","2026-09-18T15:26:17.364Z","d77d7e0658a2ae23631ac884421b5d0c1c5d169ccc9cafed3a1106f28615ee6e","https://www.leg.state.fl.us/statutes/index.cfm?App_mode=Display_Statute&URL=0300-0399/0316/Sections/0316.1001.html","","","","","false","false","false",""
"section","316.1235","","Fla. Stat. § 316.1235","Vehicle approaching intersection in which traffic lights are inoperative","not_yet_analyzed","Official text is cached, but no explicit analysis establishes offense coverage.","official_current_cache","2026-09-18T15:26:17.364Z","ecdd842a0453342d574664de6b989cffa796df8d373f1f5be37f0e26aaa739f7","https://www.leg.state.fl.us/statutes/index.cfm?App_mode=Display_Statute&URL=0300-0399/0316/Sections/0316.1235.html","","","","","false","false","false",""
"section","316.1301","","Fla. Stat. § 316.1301","Traffic regulations to assist blind persons","not_yet_analyzed","Official text is cached, but no explicit analysis establishes offense coverage.","official_current_cache","2026-09-18T15:26:17.364Z","433622cbdc33356fe8b62a9ce9de21dd3e8f48c599b869529a824af2e6c3ba1e","https://www.leg.state.fl.us/statutes/index.cfm?App_mode=Display_Statute&URL=0300-0399/0316/Sections/0316.1301.html","","","","","false","false","false",""
"section","316.1303","","Fla. Stat. § 316.1303","Traffic regulations to assist mobility-impaired persons","not_yet_analyzed","Official text is cached, but no explicit analysis establishes offense coverage.","official_current_cache","2026-09-18T15:26:17.364Z","e1bd87323c656dae95cec91e5ec16ac84d2a7abfd8dd6850dc7dcf505b06f1a1","https://www.leg.state.fl.us/statutes/index.cfm?App_mode=Display_Statute&URL=0300-0399/0316/Sections/0316.1303.html","","","","","false","false","false",""
"section","316.1305","","Fla. Stat. § 316.1305","Fishing from state road bridges","not_yet_analyzed","Official text is cached, but no explicit analysis establishes offense coverage.","official_current_cache","2026-09-18T15:26:17.364Z","2f9d40c23468684c55f743bd76551879ee7cad1d00932a3309446a64d7c597e1","https://www.leg.state.fl.us/statutes/index.cfm?App_mode=Display_Statute&URL=0300-0399/0316/Sections/0316.1305.html","","","","","false","false","false",""
"section","316.1355","","Fla. Stat. § 316.1355","Driving through safety zone prohibited","not_yet_analyzed","Official text is cached, but no explicit analysis establishes offense coverage.","official_current_cache","2026-09-18T15:26:17.364Z","fb17c32a7ebb6b3992c92c2be597d6bc3388e2beb33cb48779ab9856fcca00c3","https://www.leg.state.fl.us/statutes/index.cfm?App_mode=Display_Statute&URL=0300-0399/0316/Sections/0316.1355.html","","","","","false","false","false",""
"section","316.1515","","Fla. Stat. § 316.1515","Limitations on turning around","not_yet_analyzed","Official text is cached, but no explicit analysis establishes offense coverage.","official_current_cache","2026-09-18T15:26:17.364Z","9f605ce37335705d61dbda535957a2f49f0850a2e8f5cc63b5d524ab4ee83dbc","https://www.leg.state.fl.us/statutes/index.cfm?App_mode=Display_Statute&URL=0300-0399/0316/Sections/0316.1515.html","","","","","false","false","false",""
"section","316.1575","","Fla. Stat. § 316.1575","Obedience to traffic control devices at railroad-highway grade crossings","not_yet_analyzed","Official text is cached, but no explicit analysis establishes offense coverage.","official_current_cache","2026-09-18T15:26:17.364Z","fd02834bddeeba595ee4b198aaf6daedf9194f01ad55b778e3d7ff7f559fbaf2","https://www.leg.state.fl.us/statutes/index.cfm?App_mode=Display_Statute&URL=0300-0399/0316/Sections/0316.1575.html","","","","","false","false","false",""
"section","316.1576","","Fla. Stat. § 316.1576","Insufficient clearance at a railroad-highway grade crossing","not_yet_analyzed","Official text is cached, but no explicit analysis establishes offense coverage.","official_current_cache","2026-09-18T15:26:17.364Z","cf62fa921f326ab9d7ebbc0f000e8f9ba9b31af726ef85a24c8a8cae4f555d2c","https://www.leg.state.fl.us/statutes/index.cfm?App_mode=Display_Statute&URL=0300-0399/0316/Sections/0316.1576.html","","","","","false","false","false",""
"section","316.1577","","Fla. Stat. § 316.1577","Employer responsibility for violations pertaining to railroad-highway grade crossings","not_yet_analyzed","Official text is cached, but no explicit analysis establishes offense coverage.","official_current_cache","2026-09-18T15:26:17.364Z","b0921528c504a67eb9e00dfc2061dceee78093373aa8f406b69f2ea07489fecc","https://www.leg.state.fl.us/statutes/index.cfm?App_mode=Display_Statute&URL=0300-0399/0316/Sections/0316.1577.html","","","","","false","false","false",""
"section","316.1891","","Fla. Stat. § 316.1891","Designation of special event zones; definitions; enhanced penalties; vehicle impoundment","not_yet_analyzed","Official text is cached, but no explicit analysis establishes offense coverage.","official_current_cache","2026-09-18T15:26:17.364Z","721fcd394cfb7ed493ac4bc929cef680ae92a53a5f66fa983e446c2ef67bed2e","https://www.leg.state.fl.us/statutes/index.cfm?App_mode=Display_Statute&URL=0300-0399/0316/Sections/0316.1891.html","","","","","false","false","false",""
"section","316.1893","","Fla. Stat. § 316.1893","Establishment of enhanced penalty zones; designation","not_yet_analyzed","Official text is cached, but no explicit analysis establishes offense coverage.","official_current_cache","2026-09-18T15:26:17.364Z","63b196221db13d0eb07e3f9f6b177b249cab87e80d045aad3f9f342c4c48a9a1","https://www.leg.state.fl.us/statutes/index.cfm?App_mode=Display_Statute&URL=0300-0399/0316/Sections/0316.1893.html","","","","","false","false","false",""
"section","316.1894","","Fla. Stat. § 316.1894","School Crossing Guard Recruitment and Retention Program","not_yet_analyzed","Official text is cached, but no explicit analysis establishes offense coverage.","official_current_cache","2026-09-18T15:26:17.364Z","8b04477e1e3c510c338eae702f956d4304a0445901712b41f894a62e8e19445a","https://www.leg.state.fl.us/statutes/index.cfm?App_mode=Display_Statute&URL=0300-0399/0316/Sections/0316.1894.html","","","","","false","false","false",""
"section","316.1895","","Fla. Stat. § 316.1895","Establishment of school speed zones, enforcement; designation","not_yet_analyzed","Official text is cached, but no explicit analysis establishes offense coverage.","official_current_cache","2026-09-18T15:26:17.364Z","659c7fbbbca22f4d9cab8c705eb334a1ea1fa4063b67beb58bcb017e50540619","https://www.leg.state.fl.us/statutes/index.cfm?App_mode=Display_Statute&URL=0300-0399/0316/Sections/0316.1895.html","","","","","false","false","false",""
"section","316.1896","","Fla. Stat. § 316.1896","Roadways maintained as school zones; speed detection system enforcement; penalties; appeal procedure; privacy; reports","not_yet_analyzed","Official text is cached, but no explicit analysis establishes offense coverage.","official_current_cache","2026-09-18T15:26:17.364Z","0825a493d7d7745373e6703ff328e2c7d71a686c80649c9238b72df3aae57b4b","https://www.leg.state.fl.us/statutes/index.cfm?App_mode=Display_Statute&URL=0300-0399/0316/Sections/0316.1896.html","","","","","false","false","false",""
"section","316.1905","","Fla. Stat. § 316.1905","Electrical, mechanical, or other speed calculating devices; power of arrest; evidence","not_yet_analyzed","Official text is cached, but no explicit analysis establishes offense coverage.","official_current_cache","2026-09-18T15:26:17.364Z","fc67d9c26eef130b204864435736207689cb86fa695d287e448f014dbcb85a3f","https://www.leg.state.fl.us/statutes/index.cfm?App_mode=Display_Statute&URL=0300-0399/0316/Sections/0316.1905.html","","","","","false","false","false",""
"section","316.1906","","Fla. Stat. § 316.1906","Radar speed-measuring devices; speed detection systems; evidence, admissibility","not_yet_analyzed","Official text is cached, but no explicit analysis establishes offense coverage.","official_current_cache","2026-09-18T15:26:17.364Z","8c165e4ad8edc81a312f99117a1bb8c1150dd3f621c48debb426c216dce54786","https://www.leg.state.fl.us/statutes/index.cfm?App_mode=Display_Statute&URL=0300-0399/0316/Sections/0316.1906.html","","","","","false","false","false",""
"section","316.1922","","Fla. Stat. § 316.1922","Dangerous excessive speeding","not_yet_analyzed","Official text is cached, but no explicit analysis establishes offense coverage.","official_current_cache","2026-09-18T15:26:17.364Z","a984f30d3ebaaaf4aa21e381f462e86d14b90951e22704393863200963bd6b9e","https://www.leg.state.fl.us/statutes/index.cfm?App_mode=Display_Statute&URL=0300-0399/0316/Sections/0316.1922.html","","","","","false","false","false",""
"section","316.1923","","Fla. Stat. § 316.1923","Aggressive careless driving","not_yet_analyzed","Official text is cached, but no explicit analysis establishes offense coverage.","official_current_cache","2026-09-18T15:26:17.364Z","58926bf0566e35caf94389d40255641eed0606b9053a890a70026b1a836a6e85","https://www.leg.state.fl.us/statutes/index.cfm?App_mode=Display_Statute&URL=0300-0399/0316/Sections/0316.1923.html","","","","","false","false","false",""
"section","316.1925","","Fla. Stat. § 316.1925","Careless driving","not_yet_analyzed","Official text is cached, but no explicit analysis establishes offense coverage.","official_current_cache","2026-09-18T15:26:17.364Z","cdf1ccb454c05bfe6ece33cc9bbd5c99fbf64f8e7d3067e48000d5d658b251db","https://www.leg.state.fl.us/statutes/index.cfm?App_mode=Display_Statute&URL=0300-0399/0316/Sections/0316.1925.html","","","","","false","false","false",""
"section","316.1926","","Fla. Stat. § 316.1926","Additional offenses","not_yet_analyzed","Official text is cached, but no explicit analysis establishes offense coverage.","official_current_cache","2026-09-18T15:26:17.364Z","eb4cd33d730d03bb045f9773995029445df462cb1c8bc164f5402abc3266bad4","https://www.leg.state.fl.us/statutes/index.cfm?App_mode=Display_Statute&URL=0300-0399/0316/Sections/0316.1926.html","","","","","false","false","false",""
"section","316.1932","","Fla. Stat. § 316.1932","Tests for alcohol, chemical substances, or controlled substances; implied consent; refusal","not_yet_analyzed","Official text is cached, but no explicit analysis establishes offense coverage.","official_current_cache","2026-09-18T15:26:17.364Z","4a2caed7ec4103b54e3d90af0d26c5fe870c41350e9696719b4a8f8984c207fd","https://www.leg.state.fl.us/statutes/index.cfm?App_mode=Display_Statute&URL=0300-0399/0316/Sections/0316.1932.html","","","","","false","false","false",""
"section","316.1933","","Fla. Stat. § 316.1933","Blood test for impairment or intoxication in cases of death or serious bodily injury; right to use reasonable force","not_yet_analyzed","Official text is cached, but no explicit analysis establishes offense coverage.","official_current_cache","2026-09-18T15:26:17.364Z","fac3316c44fecab1a0b4e151d4dbd1e515c37a43fdb36df758e8bdc2808b73eb","https://www.leg.state.fl.us/statutes/index.cfm?App_mode=Display_Statute&URL=0300-0399/0316/Sections/0316.1933.html","","","","","false","false","false",""
"section","316.1934","","Fla. Stat. § 316.1934","Presumption of impairment; testing methods","not_yet_analyzed","Official text is cached, but no explicit analysis establishes offense coverage.","official_current_cache","2026-09-18T15:26:17.364Z","af7830495aa70da1575785d05bed909786ee6d5357678410d9439287961aa485","https://www.leg.state.fl.us/statutes/index.cfm?App_mode=Display_Statute&URL=0300-0399/0316/Sections/0316.1934.html","","","","","false","false","false",""
"section","316.1935","","Fla. Stat. § 316.1935","Fleeing or attempting to elude a law enforcement officer; aggravated fleeing or eluding","not_yet_analyzed","Official text is cached, but no explicit analysis establishes offense coverage.","official_current_cache","2026-09-18T15:26:17.364Z","cdbe6e8db70603e041a9adeb2ee75b46c0d0989b4d482622a3d458fb0f12216c","https://www.leg.state.fl.us/statutes/index.cfm?App_mode=Display_Statute&URL=0300-0399/0316/Sections/0316.1935.html","","","","","false","false","false",""
"section","316.1936","","Fla. Stat. § 316.1936","Possession of open containers of alcoholic beverages in vehicles prohibited; penalties","blocked","The section has analysis decisions, but no scope in this section is a current runtime selection.","official_current_cache","2026-09-18T15:26:17.364Z","9df742d1d07a54b0fb430b09e6de2305c5a44569eb4f9c86b76d135c02df1b58","https://www.leg.state.fl.us/statutes/index.cfm?App_mode=Display_Statute&URL=0300-0399/0316/Sections/0316.1936.html","","fl-section-316.1936","held","fl-open-container","false","false","false",""
"scope","316.1936","","Fla. Stat. § 316.1936","Possession of open containers of alcoholic beverages in vehicles prohibited; penalties","blocked","The section creates noncriminal moving and nonmoving violations, not a misdemeanor or felony charge; the legacy misdemeanor characterization is not supported by the current text.","official_current_cache","2026-09-18T15:26:17.364Z","9df742d1d07a54b0fb430b09e6de2305c5a44569eb4f9c86b76d135c02df1b58","https://www.leg.state.fl.us/statutes/index.cfm?App_mode=Display_Statute&URL=0300-0399/0316/Sections/0316.1936.html","","fl-section-316.1936","held","fl-open-container","false","false","false",""
"section","316.1937","","Fla. Stat. § 316.1937","Ignition interlock devices, requiring; unlawful acts","not_yet_analyzed","Official text is cached, but no explicit analysis establishes offense coverage.","official_current_cache","2026-09-18T15:26:17.364Z","eca00309419c17514a0240a7688d3a4677ac556472427d520083402eca81278e","https://www.leg.state.fl.us/statutes/index.cfm?App_mode=Display_Statute&URL=0300-0399/0316/Sections/0316.1937.html","","","","","false","false","false",""
"section","316.1938","","Fla. Stat. § 316.1938","Ignition interlock devices, certification; warning label","not_yet_analyzed","Official text is cached, but no explicit analysis establishes offense coverage.","official_current_cache","2026-09-18T15:26:17.364Z","3aa422af4a3b14a37ab75f871dda0bce0a9364b41e189c9d30839aac34d9e3bb","https://www.leg.state.fl.us/statutes/index.cfm?App_mode=Display_Statute&URL=0300-0399/0316/Sections/0316.1938.html","","","","","false","false","false",""
"section","316.1939","","Fla. Stat. § 316.1939","Refusal to submit to testing; penalties","not_yet_analyzed","Official text is cached, but no explicit analysis establishes offense coverage.","official_current_cache","2026-09-18T15:26:17.364Z","11cd78d29bdf879bf6a32df3a0413b59683ad2a680ae424b18484d09133c6367","https://www.leg.state.fl.us/statutes/index.cfm?App_mode=Display_Statute&URL=0300-0399/0316/Sections/0316.1939.html","","","","","false","false","false",""
"section","316.1945","","Fla. Stat. § 316.1945","Stopping, standing, or parking prohibited in specified places","not_yet_analyzed","Official text is cached, but no explicit analysis establishes offense coverage.","official_current_cache","2026-09-18T15:26:17.364Z","9b95a9d399762a261ed212e94698d0a773f209479f6796c58b52cd92f7a2e98c","https://www.leg.state.fl.us/statutes/index.cfm?App_mode=Display_Statute&URL=0300-0399/0316/Sections/0316.1945.html","","","","","false","false","false",""
"section","316.1951","","Fla. Stat. § 316.1951","Parking for certain purposes prohibited; sale of motor vehicles; prohibited acts","not_yet_analyzed","Official text is cached, but no explicit analysis establishes offense coverage.","official_current_cache","2026-09-18T15:26:17.364Z","1d8c5815e437c8c9d8355ed7ed24eea54e8a475a954ea9704ff7df5ead29e54c","https://www.leg.state.fl.us/statutes/index.cfm?App_mode=Display_Statute&URL=0300-0399/0316/Sections/0316.1951.html","","","","","false","false","false",""
"section","316.1955","","Fla. Stat. § 316.1955","Enforcement of parking requirements for persons who have disabilities","not_yet_analyzed","Official text is cached, but no explicit analysis establishes offense coverage.","official_current_cache","2026-09-18T15:26:17.364Z","c4ca0a5acf956e7825ca7f193d0d9820e853946c13ff71eecac87b588af63e12","https://www.leg.state.fl.us/statutes/index.cfm?App_mode=Display_Statute&URL=0300-0399/0316/Sections/0316.1955.html","","","","","false","false","false",""
"section","316.1957","","Fla. Stat. § 316.1957","Parking violations; designated parking spaces for persons who have disabilities","not_yet_analyzed","Official text is cached, but no explicit analysis establishes offense coverage.","official_current_cache","2026-09-18T15:26:17.364Z","eaa673b273fcf6927300e1f1de0644d9b0ccc53d2403a2ed9c6f18ac0680f914","https://www.leg.state.fl.us/statutes/index.cfm?App_mode=Display_Statute&URL=0300-0399/0316/Sections/0316.1957.html","","","","","false","false","false",""
"section","316.1958","","Fla. Stat. § 316.1958","Out-of-state vehicles bearing identification of issuance to persons who have disabilities","not_yet_analyzed","Official text is cached, but no explicit analysis establishes offense coverage.","official_current_cache","2026-09-18T15:26:17.364Z","02905e2a6a9ed264e8d640191cb5ba1a61998af45a993c816a1798d9c5a8c61c","https://www.leg.state.fl.us/statutes/index.cfm?App_mode=Display_Statute&URL=0300-0399/0316/Sections/0316.1958.html","","","","","false","false","false",""
"section","316.1959","","Fla. Stat. § 316.1959","Handicapped parking enforcement","not_yet_analyzed","Official text is cached, but no explicit analysis establishes offense coverage.","official_current_cache","2026-09-18T15:26:17.364Z","2cadfc14e091ff4e1cd3022c55d04396146e5d3ecc2653181c32fda7277a537f","https://www.leg.state.fl.us/statutes/index.cfm?App_mode=Display_Statute&URL=0300-0399/0316/Sections/0316.1959.html","","","","","false","false","false",""
"section","316.1964","","Fla. Stat. § 316.1964","Exemption of vehicles transporting certain persons who have disabilities from payment of parking fees and penalties","not_yet_analyzed","Official text is cached, but no explicit analysis establishes offense coverage.","official_current_cache","2026-09-18T15:26:17.364Z","001468ec9ecc3585b8f463499878423e3016725d55edbf643d75891f49d5e2f8","https://www.leg.state.fl.us/statutes/index.cfm?App_mode=Display_Statute&URL=0300-0399/0316/Sections/0316.1964.html","","","","","false","false","false",""
"section","316.1965","","Fla. Stat. § 316.1965","Parking near rural mailbox during certain hours; penalties","not_yet_analyzed","Official text is cached, but no explicit analysis establishes offense coverage.","official_current_cache","2026-09-18T15:26:17.364Z","042afcbb0bf94c99f75e6331fd9c6bd25fdcc9b3ebfc2eb41e58e44768997f7c","https://www.leg.state.fl.us/statutes/index.cfm?App_mode=Display_Statute&URL=0300-0399/0316/Sections/0316.1965.html","","","","","false","false","false",""
"section","316.1967","","Fla. Stat. § 316.1967","Liability for payment of parking ticket violations and other parking violations","not_yet_analyzed","Official text is cached, but no explicit analysis establishes offense coverage.","official_current_cache","2026-09-18T15:26:17.364Z","df2da3d47a620e0bb309a8bef7b15af2b0432c8598de79375dea6bd0a10ed660","https://www.leg.state.fl.us/statutes/index.cfm?App_mode=Display_Statute&URL=0300-0399/0316/Sections/0316.1967.html","","","","","false","false","false",""
"section","316.1974","","Fla. Stat. § 316.1974","Funeral procession right-of-way and liability","not_yet_analyzed","Official text is cached, but no explicit analysis establishes offense coverage.","official_current_cache","2026-09-18T15:26:17.364Z","56ce7d266bb1c1eefc5aa98f1256f24ede0f6a8fdc02f3e395e0f0822febc2ab","https://www.leg.state.fl.us/statutes/index.cfm?App_mode=Display_Statute&URL=0300-0399/0316/Sections/0316.1974.html","","","","","false","false","false",""
"section","316.1975","","Fla. Stat. § 316.1975","Unattended motor vehicle","not_yet_analyzed","Official text is cached, but no explicit analysis establishes offense coverage.","official_current_cache","2026-09-18T15:26:17.364Z","1a10004661e6dcbeade1aa64703ef8c5bca597f002fbecb4f8a96f4f84d4a7fc","https://www.leg.state.fl.us/statutes/index.cfm?App_mode=Display_Statute&URL=0300-0399/0316/Sections/0316.1975.html","","","","","false","false","false",""
"section","316.1985","","Fla. Stat. § 316.1985","Limitations on backing","not_yet_analyzed","Official text is cached, but no explicit analysis establishes offense coverage.","official_current_cache","2026-09-18T15:26:17.364Z","a4c2b50734037a5a2db7426be16866e420f3ba4e1bd6da4b5ef7b4d0286bd67a","https://www.leg.state.fl.us/statutes/index.cfm?App_mode=Display_Statute&URL=0300-0399/0316/Sections/0316.1985.html","","","","","false","false","false",""
"section","316.1995","","Fla. Stat. § 316.1995","Driving upon sidewalk or bicycle path","not_yet_analyzed","Official text is cached, but no explicit analysis establishes offense coverage.","official_current_cache","2026-09-18T15:26:17.364Z","769307a0213d624ae6aa64c66d5be76a247c8e3ad91ab306a910fe1f78ce953b","https://www.leg.state.fl.us/statutes/index.cfm?App_mode=Display_Statute&URL=0300-0399/0316/Sections/0316.1995.html","","","","","false","false","false",""
"section","316.2004","","Fla. Stat. § 316.2004","Obstruction to driver’s view or driving mechanism","not_yet_analyzed","Official text is cached, but no explicit analysis establishes offense coverage.","official_current_cache","2026-09-18T15:26:17.364Z","5cfaa3158bf3684f5e6de84223cd0e2d63239c11eb0a6d9ecb3eaf2a3bcef033","https://www.leg.state.fl.us/statutes/index.cfm?App_mode=Display_Statute&URL=0300-0399/0316/Sections/0316.2004.html","","","","","false","false","false",""
"section","316.2005","","Fla. Stat. § 316.2005","Opening and closing vehicle doors","not_yet_analyzed","Official text is cached, but no explicit analysis establishes offense coverage.","official_current_cache","2026-09-18T15:26:17.364Z","287a864fa8d49dee7bf1b3ff4df9f2ffefbd90d223ff0f0f8cfeb0c528ef0dd0","https://www.leg.state.fl.us/statutes/index.cfm?App_mode=Display_Statute&URL=0300-0399/0316/Sections/0316.2005.html","","","","","false","false","false",""
"section","316.2014","","Fla. Stat. § 316.2014","Riding in house trailers","not_yet_analyzed","Official text is cached, but no explicit analysis establishes offense coverage.","official_current_cache","2026-09-18T15:26:17.364Z","bcbc23f3133eac3a2b4a1a201c6fa3c7a20081dafb363e2ebeb6035014e7db12","https://www.leg.state.fl.us/statutes/index.cfm?App_mode=Display_Statute&URL=0300-0399/0316/Sections/0316.2014.html","","","","","false","false","false",""
"section","316.2015","","Fla. Stat. § 316.2015","Unlawful for person to ride on exterior of vehicle","not_yet_analyzed","Official text is cached, but no explicit analysis establishes offense coverage.","official_current_cache","2026-09-18T15:26:17.364Z","baea46b0557ed53b864e77899899016a12d5b5007c723417b9d4cb4f24303e9f","https://www.leg.state.fl.us/statutes/index.cfm?App_mode=Display_Statute&URL=0300-0399/0316/Sections/0316.2015.html","","","","","false","false","false",""
"section","316.2021","","Fla. Stat. § 316.2021","Unlawful impersonation of transportation network company driver","not_yet_analyzed","Official text is cached, but no explicit analysis establishes offense coverage.","official_current_cache","2026-09-18T15:26:17.364Z","1f9b13837469efea7a4e2ebff4e0a95d4ce185971e16212ae14ac24c73a85aec","https://www.leg.state.fl.us/statutes/index.cfm?App_mode=Display_Statute&URL=0300-0399/0316/Sections/0316.2021.html","","","","","false","false","false",""
"section","316.2025","","Fla. Stat. § 316.2025","Following fire apparatus prohibited","not_yet_analyzed","Official text is cached, but no explicit analysis establishes offense coverage.","official_current_cache","2026-09-18T15:26:17.364Z","d190906fba9d6001835a9663343863b776c374f7041aff96d052b3805d6b3a08","https://www.leg.state.fl.us/statutes/index.cfm?App_mode=Display_Statute&URL=0300-0399/0316/Sections/0316.2025.html","","","","","false","false","false",""
"section","316.2034","","Fla. Stat. § 316.2034","Crossing fire hose","not_yet_analyzed","Official text is cached, but no explicit analysis establishes offense coverage.","official_current_cache","2026-09-18T15:26:17.364Z","cd91af5f2975947b249a46248d7ccfc4080b08474f332b073395a37850150806","https://www.leg.state.fl.us/statutes/index.cfm?App_mode=Display_Statute&URL=0300-0399/0316/Sections/0316.2034.html","","","","","false","false","false",""
"section","316.2035","","Fla. Stat. § 316.2035","Injurious substances prohibited; dragging vehicle or load; obstructing, digging, etc","not_yet_analyzed","Official text is cached, but no explicit analysis establishes offense coverage.","official_current_cache","2026-09-18T15:26:17.364Z","abc5fc833fe6fd7ce5d8026479a86253b99e0c5c5df86973753223e2ef2a7e48","https://www.leg.state.fl.us/statutes/index.cfm?App_mode=Display_Statute&URL=0300-0399/0316/Sections/0316.2035.html","","","","","false","false","false",""
"section","316.2044","","Fla. Stat. § 316.2044","Removal of injurious substances","not_yet_analyzed","Official text is cached, but no explicit analysis establishes offense coverage.","official_current_cache","2026-09-18T15:26:17.364Z","add21be9276bde7ea472ca16544a111827cc98e2e095c3b3516d751319424b21","https://www.leg.state.fl.us/statutes/index.cfm?App_mode=Display_Statute&URL=0300-0399/0316/Sections/0316.2044.html","","","","","false","false","false",""
"section","316.2045","","Fla. Stat. § 316.2045","Obstruction of public streets, highways, and roads","not_yet_analyzed","Official text is cached, but no explicit analysis establishes offense coverage.","official_current_cache","2026-09-18T15:26:17.364Z","0cb6e4663cd41e478ddb33888bd72406e38f1dcbc5df491f1f13a41c58497ed3","https://www.leg.state.fl.us/statutes/index.cfm?App_mode=Display_Statute&URL=0300-0399/0316/Sections/0316.2045.html","","","","","false","false","false",""
"section","316.2051","","Fla. Stat. § 316.2051","Certain vehicles prohibited on hard-surfaced roads","not_yet_analyzed","Official text is cached, but no explicit analysis establishes offense coverage.","official_current_cache","2026-09-18T15:26:17.364Z","6d98fe6b5472e9fd0a5b4e0e363ea6a4f35d7f9d6af5d07e7a07289eaf6fd4c8","https://www.leg.state.fl.us/statutes/index.cfm?App_mode=Display_Statute&URL=0300-0399/0316/Sections/0316.2051.html","","","","","false","false","false",""
"section","316.2055","","Fla. Stat. § 316.2055","Motor vehicles, throwing advertising materials in","not_yet_analyzed","Official text is cached, but no explicit analysis establishes offense coverage.","official_current_cache","2026-09-18T15:26:17.364Z","5326a3995c14cae85d4a14d6d51ad8e218f43ab680fcf85dee871ed263314035","https://www.leg.state.fl.us/statutes/index.cfm?App_mode=Display_Statute&URL=0300-0399/0316/Sections/0316.2055.html","","","","","false","false","false",""
"section","316.2061","","Fla. Stat. § 316.2061","Stop when traffic obstructed","not_yet_analyzed","Official text is cached, but no explicit analysis establishes offense coverage.","official_current_cache","2026-09-18T15:26:17.364Z","8b47e3a05022593c200c2e3b15db48efcd5b4012069fd83d784f9f4eaf0c4d02","https://www.leg.state.fl.us/statutes/index.cfm?App_mode=Display_Statute&URL=0300-0399/0316/Sections/0316.2061.html","","","","","false","false","false",""
"section","316.2065","","Fla. Stat. § 316.2065","Bicycle regulations","not_yet_analyzed","Official text is cached, but no explicit analysis establishes offense coverage.","official_current_cache","2026-09-18T15:26:17.364Z","2303175caf6c9c7f35a1570b7d3594176cac6ed57060135b5ba308563690364a","https://www.leg.state.fl.us/statutes/index.cfm?App_mode=Display_Statute&URL=0300-0399/0316/Sections/0316.2065.html","","","","","false","false","false",""
"section","316.2068","","Fla. Stat. § 316.2068","Electric personal assistive mobility devices; regulations","not_yet_analyzed","Official text is cached, but no explicit analysis establishes offense coverage.","official_current_cache","2026-09-18T15:26:17.364Z","add77ee02f1c701cf27c7a3ab78e6356724ae816965c519875b0e1109c7ee1f7","https://www.leg.state.fl.us/statutes/index.cfm?App_mode=Display_Statute&URL=0300-0399/0316/Sections/0316.2068.html","","","","","false","false","false",""
"section","316.2069","","Fla. Stat. § 316.2069","Commercial megacycles","not_yet_analyzed","Official text is cached, but no explicit analysis establishes offense coverage.","official_current_cache","2026-09-18T15:26:17.364Z","7f8e86a02ed76cab9c6a1bdd8d321120aea566a35d35c4176d10bbde40469579","https://www.leg.state.fl.us/statutes/index.cfm?App_mode=Display_Statute&URL=0300-0399/0316/Sections/0316.2069.html","","","","","false","false","false",""
"section","316.2071","","Fla. Stat. § 316.2071","Personal delivery devices and mobile carriers","not_yet_analyzed","Official text is cached, but no explicit analysis establishes offense coverage.","official_current_cache","2026-09-18T15:26:17.364Z","ecd13f1c01f39915a0c3bcb970c2431a2d5355d1867479ea94181ea5431dcce5","https://www.leg.state.fl.us/statutes/index.cfm?App_mode=Display_Statute&URL=0300-0399/0316/Sections/0316.2071.html","","","","","false","false","false",""
"section","316.2074","","Fla. Stat. § 316.2074","All-terrain vehicles","not_yet_analyzed","Official text is cached, but no explicit analysis establishes offense coverage.","official_current_cache","2026-09-18T15:26:17.364Z","b810536bb4f461e82f78d3c357bc270ff2297e8cd1670273c324b653cd545168","https://www.leg.state.fl.us/statutes/index.cfm?App_mode=Display_Statute&URL=0300-0399/0316/Sections/0316.2074.html","","","","","false","false","false",""
"section","316.2085","","Fla. Stat. § 316.2085","Riding on motorcycles or mopeds","not_yet_analyzed","Official text is cached, but no explicit analysis establishes offense coverage.","official_current_cache","2026-09-18T15:26:17.364Z","7d09dc4c06145e0fe809e0a11ff24b77b7c2412ec14ef42bec8f2edb5b3dd202","https://www.leg.state.fl.us/statutes/index.cfm?App_mode=Display_Statute&URL=0300-0399/0316/Sections/0316.2085.html","","","","","false","false","false",""
"section","316.2095","","Fla. Stat. § 316.2095","Footrests, handholds, and handlebars","not_yet_analyzed","Official text is cached, but no explicit analysis establishes offense coverage.","official_current_cache","2026-09-18T15:26:17.364Z","a83ce45e384beae918262d91a2567b27f161c757c42d699e8d61e5575569ecf8","https://www.leg.state.fl.us/statutes/index.cfm?App_mode=Display_Statute&URL=0300-0399/0316/Sections/0316.2095.html","","","","","false","false","false",""
"section","316.2122","","Fla. Stat. § 316.2122","Operation of a low-speed vehicle, mini truck, or low-speed autonomous delivery vehicle on certain roadways","not_yet_analyzed","Official text is cached, but no explicit analysis establishes offense coverage.","official_current_cache","2026-09-18T15:26:17.364Z","ade415826623364a6286691e0e00e5ae4ca03fd16d72cce261ee3fad82fdfe68","https://www.leg.state.fl.us/statutes/index.cfm?App_mode=Display_Statute&URL=0300-0399/0316/Sections/0316.2122.html","","","","","false","false","false",""
"section","316.2123","","Fla. Stat. § 316.2123","Operation of an ATV on certain roadways","not_yet_analyzed","Official text is cached, but no explicit analysis establishes offense coverage.","official_current_cache","2026-09-18T15:26:17.364Z","828602d34fb16f2512cf632609919c51c170054d32ba5fe05709793e26777280","https://www.leg.state.fl.us/statutes/index.cfm?App_mode=Display_Statute&URL=0300-0399/0316/Sections/0316.2123.html","","","","","false","false","false",""
"section","316.2124","","Fla. Stat. § 316.2124","Motorized disability access vehicles","not_yet_analyzed","Official text is cached, but no explicit analysis establishes offense coverage.","official_current_cache","2026-09-18T15:26:17.364Z","2e07149238b7f781bf49fc65d0e4023e3625458883476c191f6c904d506e6188","https://www.leg.state.fl.us/statutes/index.cfm?App_mode=Display_Statute&URL=0300-0399/0316/Sections/0316.2124.html","","","","","false","false","false",""
"section","316.2125","","Fla. Stat. § 316.2125","Operation of golf carts within a retirement community","not_yet_analyzed","Official text is cached, but no explicit analysis establishes offense coverage.","official_current_cache","2026-09-18T15:26:17.364Z","8d1d2cbfe39d883e0a8bfc7f003845174b652e56108480eeb57289951d766ce1","https://www.leg.state.fl.us/statutes/index.cfm?App_mode=Display_Statute&URL=0300-0399/0316/Sections/0316.2125.html","","","","","false","false","false",""
"section","316.2126","","Fla. Stat. § 316.2126","Authorized use of golf carts, low-speed vehicles, and utility vehicles","not_yet_analyzed","Official text is cached, but no explicit analysis establishes offense coverage.","official_current_cache","2026-09-18T15:26:17.364Z","463da8d8618dc565f3bdbff50e89b03889bc7274e1ba30873ffb0b3628a0c921","https://www.leg.state.fl.us/statutes/index.cfm?App_mode=Display_Statute&URL=0300-0399/0316/Sections/0316.2126.html","","","","","false","false","false",""
"section","316.2127","","Fla. Stat. § 316.2127","Operation of utility vehicles on certain roadways by homeowners’ associations","not_yet_analyzed","Official text is cached, but no explicit analysis establishes offense coverage.","official_current_cache","2026-09-18T15:26:17.364Z","c1d7c9552f9d4f2ce6af81be41b837fbfca47984453ab1bdb5093e3031f3504c","https://www.leg.state.fl.us/statutes/index.cfm?App_mode=Display_Statute&URL=0300-0399/0316/Sections/0316.2127.html","","","","","false","false","false",""
"section","316.2128","","Fla. Stat. § 316.2128","Micromobility devices, motorized scooters, and miniature motorcycles; requirements","not_yet_analyzed","Official text is cached, but no explicit analysis establishes offense coverage.","official_current_cache","2026-09-18T15:26:17.364Z","7c8646687a4619f1333edb8cebc04ed565ac3aabc45ca1a013df3f4c4bcae7cc","https://www.leg.state.fl.us/statutes/index.cfm?App_mode=Display_Statute&URL=0300-0399/0316/Sections/0316.2128.html","","","","","false","false","false",""
"section","316.2129","","Fla. Stat. § 316.2129","Operation of swamp buggies on public roads, streets, or highways authorized","not_yet_analyzed","Official text is cached, but no explicit analysis establishes offense coverage.","official_current_cache","2026-09-18T15:26:17.364Z","c4f483fe6b5b51fc074114c8795d2b9adbc47e09ae0f9d16b8d723ac1af51597","https://www.leg.state.fl.us/statutes/index.cfm?App_mode=Display_Statute&URL=0300-0399/0316/Sections/0316.2129.html","","","","","false","false","false",""
"section","316.2225","","Fla. Stat. § 316.2225","Additional equipment required on certain vehicles","not_yet_analyzed","Official text is cached, but no explicit analysis establishes offense coverage.","official_current_cache","2026-09-18T15:26:17.364Z","b4df7ee3a459c478d8a5a9d8cd88e0c74fce397d2deb34d2ee823d6fee4d5463","https://www.leg.state.fl.us/statutes/index.cfm?App_mode=Display_Statute&URL=0300-0399/0316/Sections/0316.2225.html","","","","","false","false","false",""
"section","316.2295","","Fla. Stat. § 316.2295","Lamps, reflectors and emblems on farm tractors, farm equipment and implements of husbandry","not_yet_analyzed","Official text is cached, but no explicit analysis establishes offense coverage.","official_current_cache","2026-09-18T15:26:17.364Z","f31e2921909d8ff2eb592424e9685be8c1a324cd7e3cc02a93e419548937c4ce","https://www.leg.state.fl.us/statutes/index.cfm?App_mode=Display_Statute&URL=0300-0399/0316/Sections/0316.2295.html","","","","","false","false","false",""
"section","316.2385","","Fla. Stat. § 316.2385","Requirements for use of lower beam","not_yet_analyzed","Official text is cached, but no explicit analysis establishes offense coverage.","official_current_cache","2026-09-18T15:26:17.364Z","1bea2401ee80ca9098a5a2f9c51efb485c163de39d58318bdef60cc1c850d60e","https://www.leg.state.fl.us/statutes/index.cfm?App_mode=Display_Statute&URL=0300-0399/0316/Sections/0316.2385.html","","","","","false","false","false",""
"section","316.2395","","Fla. Stat. § 316.2395","Motor vehicles; minimum headlamp requirement","not_yet_analyzed","Official text is cached, but no explicit analysis establishes offense coverage.","official_current_cache","2026-09-18T15:26:17.364Z","74e4e00dbef428a49cb4c3df6ee9af3dabc282bb1870d06b3cf8b28b8bb7c98e","https://www.leg.state.fl.us/statutes/index.cfm?App_mode=Display_Statute&URL=0300-0399/0316/Sections/0316.2395.html","","","","","false","false","false",""
"section","316.2396","","Fla. Stat. § 316.2396","Number of driving lamps required or permitted","not_yet_analyzed","Official text is cached, but no explicit analysis establishes offense coverage.","official_current_cache","2026-09-18T15:26:17.364Z","a8671b46fa5d77c9612b6d79ccd0e807b11e07d51a6ef6d1c85ab9b0a92fda24","https://www.leg.state.fl.us/statutes/index.cfm?App_mode=Display_Statute&URL=0300-0399/0316/Sections/0316.2396.html","","","","","false","false","false",""
"section","316.2397","","Fla. Stat. § 316.2397","Certain lights prohibited; exceptions","not_yet_analyzed","Official text is cached, but no explicit analysis establishes offense coverage.","official_current_cache","2026-09-18T15:26:17.364Z","dd558d16fd4ef5ea546a81a6f36ea4487e8e75a5920c3985f67fd7a92f188509","https://www.leg.state.fl.us/statutes/index.cfm?App_mode=Display_Statute&URL=0300-0399/0316/Sections/0316.2397.html","","","","","false","false","false",""
"section","316.2398","","Fla. Stat. § 316.2398","Display or use of red or red and white warning signals; motor vehicles of volunteer firefighters or medical staff","not_yet_analyzed","Official text is cached, but no explicit analysis establishes offense coverage.","official_current_cache","2026-09-18T15:26:17.364Z","57b8ab1bcb0e8dc7ae5fe4fdda21cc2fc453bb95b14e500d547c3b103c3c8209","https://www.leg.state.fl.us/statutes/index.cfm?App_mode=Display_Statute&URL=0300-0399/0316/Sections/0316.2398.html","","","","","false","false","false",""
"section","316.2399","","Fla. Stat. § 316.2399","Special warning lights for buses or taxicabs","not_yet_analyzed","Official text is cached, but no explicit analysis establishes offense coverage.","official_current_cache","2026-09-18T15:26:17.364Z","21c0cd167355715e02f544b57f6a018e05c168624653ebf62860d1918ce4fd1e","https://www.leg.state.fl.us/statutes/index.cfm?App_mode=Display_Statute&URL=0300-0399/0316/Sections/0316.2399.html","","","","","false","false","false",""
"section","316.2675","","Fla. Stat. § 316.2675","Vehicle kill switches; prohibited uses","not_yet_analyzed","Official text is cached, but no explicit analysis establishes offense coverage.","official_current_cache","2026-09-18T15:26:17.364Z","1d24afab943ccdbd6ecfdc137ffc5794d5f8bdac394d00fff402cfedb34f60b2","https://www.leg.state.fl.us/statutes/index.cfm?App_mode=Display_Statute&URL=0300-0399/0316/Sections/0316.2675.html","","","","","false","false","false",""
"section","316.2935","","Fla. Stat. § 316.2935","Air pollution control equipment; tampering prohibited; penalty","not_yet_analyzed","Official text is cached, but no explicit analysis establishes offense coverage.","official_current_cache","2026-09-18T15:26:17.364Z","49ccc54e38ef62851a74e666fb2943406cc77cbdc69c4b4479f2ffcb828d55a9","https://www.leg.state.fl.us/statutes/index.cfm?App_mode=Display_Statute&URL=0300-0399/0316/Sections/0316.2935.html","","","","","false","false","false",""
"section","316.2937","","Fla. Stat. § 316.2937","Motor vehicle emissions standards","not_yet_analyzed","Official text is cached, but no explicit analysis establishes offense coverage.","official_current_cache","2026-09-18T15:26:17.364Z","ae08848a82af77242fd21a3857086b5974f7d134f6aef2fd6091fbaa0116f85e","https://www.leg.state.fl.us/statutes/index.cfm?App_mode=Display_Statute&URL=0300-0399/0316/Sections/0316.2937.html","","","","","false","false","false",""
"section","316.2951","","Fla. Stat. § 316.2951","Motor vehicle windows; definitions","not_yet_analyzed","Official text is cached, but no explicit analysis establishes offense coverage.","official_current_cache","2026-09-18T15:26:17.364Z","49a2571f1b14892184257291dcd510f7aee2399d7528c09306b372ad38ad7570","https://www.leg.state.fl.us/statutes/index.cfm?App_mode=Display_Statute&URL=0300-0399/0316/Sections/0316.2951.html","","","","","false","false","false",""
"section","316.2952","","Fla. Stat. § 316.2952","Windshields; requirements; restrictions","not_yet_analyzed","Official text is cached, but no explicit analysis establishes offense coverage.","official_current_cache","2026-09-18T15:26:17.364Z","b8020ace2ced8d404af46ba3ddcd77dbc26e20e5011a2b420af2e71e078d815d","https://www.leg.state.fl.us/statutes/index.cfm?App_mode=Display_Statute&URL=0300-0399/0316/Sections/0316.2952.html","","","","","false","false","false",""
"section","316.2953","","Fla. Stat. § 316.2953","Side windows; restrictions on sunscreening material","not_yet_analyzed","Official text is cached, but no explicit analysis establishes offense coverage.","official_current_cache","2026-09-18T15:26:17.364Z","61f18f6a3795d4ef2ee76c1d74edc1616fb7f45e63306f1b69a39bb95aaafa10","https://www.leg.state.fl.us/statutes/index.cfm?App_mode=Display_Statute&URL=0300-0399/0316/Sections/0316.2953.html","","","","","false","false","false",""
"section","316.2954","","Fla. Stat. § 316.2954","Windows behind the driver; restrictions on sunscreening material","not_yet_analyzed","Official text is cached, but no explicit analysis establishes offense coverage.","official_current_cache","2026-09-18T15:26:17.364Z","ae95a81eab760db15a8b835dfd48394324b6d014505f5e42747ebc22afe1ce45","https://www.leg.state.fl.us/statutes/index.cfm?App_mode=Display_Statute&URL=0300-0399/0316/Sections/0316.2954.html","","","","","false","false","false",""
"section","316.2955","","Fla. Stat. § 316.2955","Window sunscreening material; compliance labeling; tolerances","not_yet_analyzed","Official text is cached, but no explicit analysis establishes offense coverage.","official_current_cache","2026-09-18T15:26:17.364Z","1c0196660506c05f166d793ed995994a7a612a1e0010a9f215567b6801455813","https://www.leg.state.fl.us/statutes/index.cfm?App_mode=Display_Statute&URL=0300-0399/0316/Sections/0316.2955.html","","","","","false","false","false",""
"section","316.2956","","Fla. Stat. § 316.2956","Violation of provisions relating to windshields, windows, and sunscreening material; penalties","not_yet_analyzed","Official text is cached, but no explicit analysis establishes offense coverage.","official_current_cache","2026-09-18T15:26:17.364Z","f8f7f44d3dc0f5c81029fc30dbd8bd51b785e33f5576bdaf1f55324020ff5b56","https://www.leg.state.fl.us/statutes/index.cfm?App_mode=Display_Statute&URL=0300-0399/0316/Sections/0316.2956.html","","","","","false","false","false",""
"section","316.2957","","Fla. Stat. § 316.2957","Exemption for motor vehicle manufacturers","not_yet_analyzed","Official text is cached, but no explicit analysis establishes offense coverage.","official_current_cache","2026-09-18T15:26:17.364Z","4aa20cb79daf4388cda8529dfd0e701c3ee608780398fef9634860117f09789b","https://www.leg.state.fl.us/statutes/index.cfm?App_mode=Display_Statute&URL=0300-0399/0316/Sections/0316.2957.html","","","","","false","false","false",""
"section","316.3025","","Fla. Stat. § 316.3025","Penalties","not_yet_analyzed","Official text is cached, but no explicit analysis establishes offense coverage.","official_current_cache","2026-09-18T15:26:17.364Z","39ccd5d74f77fae739d067c92e1a5bd050e82888e33a47cbf66792c3a2a3b11c","https://www.leg.state.fl.us/statutes/index.cfm?App_mode=Display_Statute&URL=0300-0399/0316/Sections/0316.3025.html","","","","","false","false","false",""
"section","316.3026","","Fla. Stat. § 316.3026","Unlawful operation of motor carriers","not_yet_analyzed","Official text is cached, but no explicit analysis establishes offense coverage.","official_current_cache","2026-09-18T15:26:17.364Z","be33a1dcd08951804c6a37f30745768c6ae6ee69eee5a467653a0f4c1a02c4db","https://www.leg.state.fl.us/statutes/index.cfm?App_mode=Display_Statute&URL=0300-0399/0316/Sections/0316.3026.html","","","","","false","false","false",""
"section","316.3045","","Fla. Stat. § 316.3045","Operation of radios or other mechanical or electronic soundmaking devices or instruments in vehicles; exemptions","not_yet_analyzed","Official text is cached, but no explicit analysis establishes offense coverage.","official_current_cache","2026-09-18T15:26:17.364Z","9f2171a1d1c1135bb1bdf0aa8e4951cadeaacef9bbd9f4fc495b782d89678d2a","https://www.leg.state.fl.us/statutes/index.cfm?App_mode=Display_Statute&URL=0300-0399/0316/Sections/0316.3045.html","","","","","false","false","false",""
"section","316.6105","","Fla. Stat. § 316.6105","Violations involving operation of motor vehicle in unsafe condition or without required equipment; procedure for disposition","not_yet_analyzed","Official text is cached, but no explicit analysis establishes offense coverage.","official_current_cache","2026-09-18T15:26:17.364Z","503ff073977827f665305aa9ece896c1ed50211832b3b2ef52056451a722bae4","https://www.leg.state.fl.us/statutes/index.cfm?App_mode=Display_Statute&URL=0300-0399/0316/Sections/0316.6105.html","","","","","false","false","false",""
"section","316.6131","","Fla. Stat. § 316.6131","Educational expenditures","not_yet_analyzed","Official text is cached, but no explicit analysis establishes offense coverage.","official_current_cache","2026-09-18T15:26:17.364Z","a7ac27eb830899766f241cbe0f77f21c5d51b2bc3b90063f87f12d92162372f2","https://www.leg.state.fl.us/statutes/index.cfm?App_mode=Display_Statute&URL=0300-0399/0316/Sections/0316.6131.html","","","","","false","false","false",""
"section","316.6135","","Fla. Stat. § 316.6135","Leaving children unattended or unsupervised in motor vehicles; penalty; authority of law enforcement officer","not_yet_analyzed","Official text is cached, but no explicit analysis establishes offense coverage.","official_current_cache","2026-09-18T15:26:17.364Z","07e1c0e3c89fe7375ed54d44276087f2967aad67a2033be76f42481f9c2e5b37","https://www.leg.state.fl.us/statutes/index.cfm?App_mode=Display_Statute&URL=0300-0399/0316/Sections/0316.6135.html","","","","","false","false","false",""
"section","316.6145","","Fla. Stat. § 316.6145","School buses; safety belts or other restraint systems required","not_yet_analyzed","Official text is cached, but no explicit analysis establishes offense coverage.","official_current_cache","2026-09-18T15:26:17.364Z","a479ff9c82396343b1b2138f9b8c649c48db61f345639826f617a7f93b29c09f","https://www.leg.state.fl.us/statutes/index.cfm?App_mode=Display_Statute&URL=0300-0399/0316/Sections/0316.6145.html","","","","","false","false","false",""
"section","316.6146","","Fla. Stat. § 316.6146","Transportation of private school students on public school buses and public school students on private school buses; agreement","not_yet_analyzed","Official text is cached, but no explicit analysis establishes offense coverage.","official_current_cache","2026-09-18T15:26:17.364Z","dfc39e01d8834e415dfab982fded426ee6a308de75f2adbb5260aca001c99278","https://www.leg.state.fl.us/statutes/index.cfm?App_mode=Display_Statute&URL=0300-0399/0316/Sections/0316.6146.html","","","","","false","false","false",""
"section","316.07456","","Fla. Stat. § 316.07456","Transitional implementation","not_yet_analyzed","Official text is cached, but no explicit analysis establishes offense coverage.","official_current_cache","2026-09-18T15:26:17.364Z","9d2a3a3d83cd32da4f94c45cda653c54ddf72546db22014d511373ee4ba251ea","https://www.leg.state.fl.us/statutes/index.cfm?App_mode=Display_Statute&URL=0300-0399/0316/Sections/0316.07456.html","","","","","false","false","false",""
"section","316.20655","","Fla. Stat. § 316.20655","Electric bicycle regulations","not_yet_analyzed","Official text is cached, but no explicit analysis establishes offense coverage.","official_current_cache","2026-09-18T15:26:17.364Z","20fb3788ae8cefb1fffe83f57816b42d6d739e50a05b91cb9aa58a272aac274a","https://www.leg.state.fl.us/statutes/index.cfm?App_mode=Display_Statute&URL=0300-0399/0316/Sections/0316.20655.html","","","","","false","false","false",""
"section","316.21265","","Fla. Stat. § 316.21265","Use of all-terrain vehicles, golf carts, low-speed vehicles, or utility vehicles by law enforcement agencies","not_yet_analyzed","Official text is cached, but no explicit analysis establishes offense coverage.","official_current_cache","2026-09-18T15:26:17.364Z","802d54387cdef6af46fe576b09f37558b39992e07356422135f439ec448e1704","https://www.leg.state.fl.us/statutes/index.cfm?App_mode=Display_Statute&URL=0300-0399/0316/Sections/0316.21265.html","","","","","false","false","false",""
"section","316.29545","","Fla. Stat. § 316.29545","Window sunscreening exclusions; medical exemption; certain law enforcement vehicles, process server vehicles, and private investigative service vehicles exempt","not_yet_analyzed","Official text is cached, but no explicit analysis establishes offense coverage.","official_current_cache","2026-09-18T15:26:17.364Z","723965c7778c90f872dea1a6cd9ba438f7e9b74cdd79b4886dd74e1219e82966","https://www.leg.state.fl.us/statutes/index.cfm?App_mode=Display_Statute&URL=0300-0399/0316/Sections/0316.29545.html","","","","","false","false","false",""
"section","320.02","","Fla. Stat. § 320.02","Registration required; application for registration; forms","blocked","The section has analysis decisions, but no scope in this section is a current runtime selection.","official_current_cache","2026-09-18T15:33:25.200Z","5bc24b280611ec2a72ddd6277bdf86e313141c9c5c625efe4c2cc2d5f7871006","https://www.leg.state.fl.us/statutes/index.cfm?App_mode=Display_Statute&URL=0300-0399/0320/Sections/0320.02.html","","fl-section-320.02","held","fl-unregistered-vehicle","false","false","false",""
"scope","320.02","","Fla. Stat. § 320.02","Registration required; application for registration; forms","blocked","The section contains several differently scoped registration crimes, including false insurance proof and fraudulent registration representations, but no literal offense name identifies a single public charge; the broad legacy unregistered-vehicle label also omits the exact penalty source.","official_current_cache","2026-09-18T15:33:25.200Z","5bc24b280611ec2a72ddd6277bdf86e313141c9c5c625efe4c2cc2d5f7871006","https://www.leg.state.fl.us/statutes/index.cfm?App_mode=Display_Statute&URL=0300-0399/0320/Sections/0320.02.html","","fl-section-320.02","held","fl-unregistered-vehicle","false","false","false",""
"section","320.07","","Fla. Stat. § 320.07","Expiration of registration; renewal required; penalties","partially_covered","One or more cited scopes map to selectable records; no statewide offense denominator or complete branch analysis proves the entire section covered.","official_current_cache","2026-09-18T15:33:27.657Z","2c7ee3607c70a574be9d6f5e607919a251d653e481e55713a99ca1f1d405680d","https://www.leg.state.fl.us/statutes/index.cfm?App_mode=Display_Statute&URL=0300-0399/0320/Sections/0320.07.html","fl-fs-320-07-3-c-expiration-of-registration-renewal-required-penalties","fl-fs-320-07-3-c-expiration-of-registration-renewal-required-penalties","eligible","fl-expired-registration","false","false","false",""
"scope","320.07","","Fla. Stat. § 320.07","Expiration of registration; renewal required; penalties","not_yet_analyzed","This legacy cleanup item has no explicit offense analysis and is not counted as a missing offense.","official_current_cache","2026-09-18T15:33:27.657Z","2c7ee3607c70a574be9d6f5e607919a251d653e481e55713a99ca1f1d405680d","https://www.leg.state.fl.us/statutes/index.cfm?App_mode=Display_Statute&URL=0300-0399/0320/Sections/0320.07.html","","","","fl-expired-registration","false","false","false",""
"scope","320.07","(3)(c)","Fla. Stat. § 320.07(3)(c)","Expiration of registration; renewal required; penalties","covered","An explicit eligible analyst decision covers this cited scope; it does not establish unenumerated offenses.","official_current_cache","2026-09-18T15:33:27.657Z","2c7ee3607c70a574be9d6f5e607919a251d653e481e55713a99ca1f1d405680d","https://www.leg.state.fl.us/statutes/index.cfm?App_mode=Display_Statute&URL=0300-0399/0320/Sections/0320.07.html","fl-fs-320-07-3-c-expiration-of-registration-renewal-required-penalties","fl-fs-320-07-3-c-expiration-of-registration-renewal-required-penalties","eligible","","false","false","false",""
"section","322.01","","Fla. Stat. § 322.01","Definitions","not_yet_analyzed","Official text is cached, but no explicit analysis establishes offense coverage.","official_current_cache","2026-09-18T15:26:18.796Z","c407705ecbc5c0eb5e044d38781f8612155ed9ca9c4147b2a6031763e4c5fa88","https://www.leg.state.fl.us/statutes/index.cfm?App_mode=Display_Statute&URL=0300-0399/0322/Sections/0322.01.html","","","","","false","false","false",""
"section","322.02","","Fla. Stat. § 322.02","Legislative intent; administration","not_yet_analyzed","Official text is cached, but no explicit analysis establishes offense coverage.","official_current_cache","2026-09-18T15:26:18.796Z","32a560754b799fe11ba9a729f673dbcb7d780fbb8c9660f67da37f61d3b61238","https://www.leg.state.fl.us/statutes/index.cfm?App_mode=Display_Statute&URL=0300-0399/0322/Sections/0322.02.html","","","","","false","false","false",""
"section","322.03","","Fla. Stat. § 322.03","Drivers must be licensed; penalties","not_yet_analyzed","Official text is cached, but no explicit analysis establishes offense coverage.","official_current_cache","2026-09-18T15:26:18.796Z","090c767d468c2a41a221e1f8250f23c4186c13a23d17ce219e8f4180e49c6ac1","https://www.leg.state.fl.us/statutes/index.cfm?App_mode=Display_Statute&URL=0300-0399/0322/Sections/0322.03.html","","","","","false","false","false",""
"section","322.04","","Fla. Stat. § 322.04","Persons exempt from obtaining driver license","not_yet_analyzed","Official text is cached, but no explicit analysis establishes offense coverage.","official_current_cache","2026-09-18T15:26:18.796Z","6de968500f3f765262536a872a16152e2087975cfd497b143125f9d6b31c0428","https://www.leg.state.fl.us/statutes/index.cfm?App_mode=Display_Statute&URL=0300-0399/0322/Sections/0322.04.html","","","","","false","false","false",""
"section","322.05","","Fla. Stat. § 322.05","Persons not to be licensed","not_yet_analyzed","Official text is cached, but no explicit analysis establishes offense coverage.","official_current_cache","2026-09-18T15:26:18.796Z","7b4ed2ee9bde34366c477a06ba00e5278d060a8b9de326d9c839eaf938545ad3","https://www.leg.state.fl.us/statutes/index.cfm?App_mode=Display_Statute&URL=0300-0399/0322/Sections/0322.05.html","","","","","false","false","false",""
"section","322.07","","Fla. Stat. § 322.07","Instruction permits and temporary licenses","not_yet_analyzed","Official text is cached, but no explicit analysis establishes offense coverage.","official_current_cache","2026-09-18T15:26:18.796Z","b36c5ad71dfc5d9ca8654fec4cf8b1bd257efcc3d1deda6f51a0571a0afd16ad","https://www.leg.state.fl.us/statutes/index.cfm?App_mode=Display_Statute&URL=0300-0399/0322/Sections/0322.07.html","","","","","false","false","false",""
"section","322.08","","Fla. Stat. § 322.08","Application for license; requirements for license and identification card forms","not_yet_analyzed","Official text is cached, but no explicit analysis establishes offense coverage.","official_current_cache","2026-09-18T15:26:18.796Z","a56f353510a3396cfc363c7315e4195b00b78abe056e8a524f2c098e02e99070","https://www.leg.state.fl.us/statutes/index.cfm?App_mode=Display_Statute&URL=0300-0399/0322/Sections/0322.08.html","","","","","false","false","false",""
"section","322.09","","Fla. Stat. § 322.09","Application of minors; responsibility for negligence or misconduct of minor","not_yet_analyzed","Official text is cached, but no explicit analysis establishes offense coverage.","official_current_cache","2026-09-18T15:26:18.796Z","9464cee8e3b6f934e26894c73908a1768d629fa5ce9ad9629458adca77f8b2f0","https://www.leg.state.fl.us/statutes/index.cfm?App_mode=Display_Statute&URL=0300-0399/0322/Sections/0322.09.html","","","","","false","false","false",""
"section","322.10","","Fla. Stat. § 322.10","Release from liability","not_yet_analyzed","Official text is cached, but no explicit analysis establishes offense coverage.","official_current_cache","2026-09-18T15:26:18.796Z","62af5ee88e4d8b2fd517e7c19ff14cbd96f6dd1dba8bb8930ce256b9315ab8c7","https://www.leg.state.fl.us/statutes/index.cfm?App_mode=Display_Statute&URL=0300-0399/0322/Sections/0322.10.html","","","","","false","false","false",""
"section","322.11","","Fla. Stat. § 322.11","Revocation of license upon death of person signing minor’s application","not_yet_analyzed","Official text is cached, but no explicit analysis establishes offense coverage.","official_current_cache","2026-09-18T15:26:18.796Z","10b614f54dbdeaeec99325f658b7ffc9c03dfaaf0412fbe6c62593a9b31cc225","https://www.leg.state.fl.us/statutes/index.cfm?App_mode=Display_Statute&URL=0300-0399/0322/Sections/0322.11.html","","","","","false","false","false",""
"section","322.12","","Fla. Stat. § 322.12","Examination of applicants","not_yet_analyzed","Official text is cached, but no explicit analysis establishes offense coverage.","official_current_cache","2026-09-18T15:26:18.796Z","fcfcd0ed200331ce22d2b75545db169b5b672f9507584342db552128ec7f60ee","https://www.leg.state.fl.us/statutes/index.cfm?App_mode=Display_Statute&URL=0300-0399/0322/Sections/0322.12.html","","","","","false","false","false",""
"section","322.13","","Fla. Stat. § 322.13","Driver license examiners","not_yet_analyzed","Official text is cached, but no explicit analysis establishes offense coverage.","official_current_cache","2026-09-18T15:26:18.796Z","2bc9044945f4be8f98b50190570d73ec50dda213d2424fc4841a9f81d18c2819","https://www.leg.state.fl.us/statutes/index.cfm?App_mode=Display_Statute&URL=0300-0399/0322/Sections/0322.13.html","","","","","false","false","false",""
"section","322.14","","Fla. Stat. § 322.14","Licenses issued to drivers","not_yet_analyzed","Official text is cached, but no explicit analysis establishes offense coverage.","official_current_cache","2026-09-18T15:26:18.796Z","27ab5445cfe3ae96de70adb738633180e3a94a6cb4e45f66847b4ed8a188d75c","https://www.leg.state.fl.us/statutes/index.cfm?App_mode=Display_Statute&URL=0300-0399/0322/Sections/0322.14.html","","","","","false","false","false",""
"section","322.015","","Fla. Stat. § 322.015","Exemption","not_yet_analyzed","Official text is cached, but no explicit analysis establishes offense coverage.","official_current_cache","2026-09-18T15:26:18.796Z","05bb4c36773ca4f5492b77ce46c3ac2ebe8559f6c1a245c7ac9b5491723e24c2","https://www.leg.state.fl.us/statutes/index.cfm?App_mode=Display_Statute&URL=0300-0399/0322/Sections/0322.015.html","","","","","false","false","false",""
"section","322.15","","Fla. Stat. § 322.15","License to be carried and exhibited on demand; fingerprint to be imprinted upon a citation","not_yet_analyzed","Official text is cached, but no explicit analysis establishes offense coverage.","official_current_cache","2026-09-18T15:26:18.796Z","6d7b7bd4701b598534b26a2dbd66ff593084c51708370e951c8f19353b6be780","https://www.leg.state.fl.us/statutes/index.cfm?App_mode=Display_Statute&URL=0300-0399/0322/Sections/0322.15.html","","","","","false","false","false",""
"section","322.16","","Fla. Stat. § 322.16","License restrictions","not_yet_analyzed","Official text is cached, but no explicit analysis establishes offense coverage.","official_current_cache","2026-09-18T15:26:18.796Z","261cb156ecf04e503cd3bfe7e52d15531f0fde10f83555ba60fc9bc2b5b161d9","https://www.leg.state.fl.us/statutes/index.cfm?App_mode=Display_Statute&URL=0300-0399/0322/Sections/0322.16.html","","","","","false","false","false",""
"section","322.17","","Fla. Stat. § 322.17","Replacement licenses and permits","not_yet_analyzed","Official text is cached, but no explicit analysis establishes offense coverage.","official_current_cache","2026-09-18T15:26:18.796Z","dc2cbf15eb9af6d6d468d45a4f77af661722c9dc01ff0f413dd22e8aafbbb5d7","https://www.leg.state.fl.us/statutes/index.cfm?App_mode=Display_Statute&URL=0300-0399/0322/Sections/0322.17.html","","","","","false","false","false",""
"section","322.18","","Fla. Stat. § 322.18","Original applications, licenses, and renewals; expiration of licenses; delinquent licenses","not_yet_analyzed","Official text is cached, but no explicit analysis establishes offense coverage.","official_current_cache","2026-09-18T15:26:18.796Z","d069b3e8014060fe75de7160786c44dcbbf29da8b917fd0c34d0b50457e7fc31","https://www.leg.state.fl.us/statutes/index.cfm?App_mode=Display_Statute&URL=0300-0399/0322/Sections/0322.18.html","","","","","false","false","false",""
"section","322.19","","Fla. Stat. § 322.19","Change of address, name, or citizenship status","not_yet_analyzed","Official text is cached, but no explicit analysis establishes offense coverage.","official_current_cache","2026-09-18T15:26:18.796Z","669faaaf14ac41d4c8253a771411cb81252a6b356510794f55173d912a6f116d","https://www.leg.state.fl.us/statutes/index.cfm?App_mode=Display_Statute&URL=0300-0399/0322/Sections/0322.19.html","","","","","false","false","false",""
"section","322.20","","Fla. Stat. § 322.20","Records of the department; fees; destruction of records","not_yet_analyzed","Official text is cached, but no explicit analysis establishes offense coverage.","official_current_cache","2026-09-18T15:26:18.796Z","c5ec7f4bb7790cc016747dfa6347fa8de4c11b2dcb88eaf8133c2dcd7c2b02fd","https://www.leg.state.fl.us/statutes/index.cfm?App_mode=Display_Statute&URL=0300-0399/0322/Sections/0322.20.html","","","","","false","false","false",""
"section","322.21","","Fla. Stat. § 322.21","License fees; procedure for handling and collecting fees","not_yet_analyzed","Official text is cached, but no explicit analysis establishes offense coverage.","official_current_cache","2026-09-18T15:26:18.796Z","2a54d736f1ce02842edd9757c609bc3e50818d3b775a338977b106c6ccb3f4f0","https://www.leg.state.fl.us/statutes/index.cfm?App_mode=Display_Statute&URL=0300-0399/0322/Sections/0322.21.html","","","","","false","false","false",""
"section","322.22","","Fla. Stat. § 322.22","Authority of department to cancel or refuse to issue or renew license","not_yet_analyzed","Official text is cached, but no explicit analysis establishes offense coverage.","official_current_cache","2026-09-18T15:26:18.796Z","7b9085a3d35beda6f44f134cf20df69b3ce9c0d3ea591af40a6d2eac6e45bfc7","https://www.leg.state.fl.us/statutes/index.cfm?App_mode=Display_Statute&URL=0300-0399/0322/Sections/0322.22.html","","","","","false","false","false",""
"section","322.23","","Fla. Stat. § 322.23","Suspending privileges of nonresidents and reporting convictions","not_yet_analyzed","Official text is cached, but no explicit analysis establishes offense coverage.","official_current_cache","2026-09-18T15:26:18.796Z","41551d94239e91d097ebce061604a038be69096244643214901ddb61848a11a6","https://www.leg.state.fl.us/statutes/index.cfm?App_mode=Display_Statute&URL=0300-0399/0322/Sections/0322.23.html","","","","","false","false","false",""
"section","322.24","","Fla. Stat. § 322.24","Suspending resident’s license upon conviction in another state","not_yet_analyzed","Official text is cached, but no explicit analysis establishes offense coverage.","official_current_cache","2026-09-18T15:26:18.796Z","9f1d42cbae94c30d33ec2d8b4a81d9ee8598d3e28ccb35310b0eb19af941c415","https://www.leg.state.fl.us/statutes/index.cfm?App_mode=Display_Statute&URL=0300-0399/0322/Sections/0322.24.html","","","","","false","false","false",""
"section","322.025","","Fla. Stat. § 322.025","Driver improvement","not_yet_analyzed","Official text is cached, but no explicit analysis establishes offense coverage.","official_current_cache","2026-09-18T15:26:18.796Z","561e02f1d767dc7751327c0779cda7103f63b7323bc4cef11b2d03cb3a111fce","https://www.leg.state.fl.us/statutes/index.cfm?App_mode=Display_Statute&URL=0300-0399/0322/Sections/0322.025.html","","","","","false","false","false",""
"section","322.25","","Fla. Stat. § 322.25","When court to forward license to department and report convictions","not_yet_analyzed","Official text is cached, but no explicit analysis establishes offense coverage.","official_current_cache","2026-09-18T15:26:18.796Z","2a6c8b7b3ac2759573bfc0a104311d3677806ab3b8fe39a60f24ff1117d559c8","https://www.leg.state.fl.us/statutes/index.cfm?App_mode=Display_Statute&URL=0300-0399/0322/Sections/0322.25.html","","","","","false","false","false",""
"section","322.26","","Fla. Stat. § 322.26","Mandatory revocation of license by department","not_yet_analyzed","Official text is cached, but no explicit analysis establishes offense coverage.","official_current_cache","2026-09-18T15:26:18.796Z","9c69fdb5991c34c6871249719b163f6e738a45721945fd6d3f49ae4eb7c70125","https://www.leg.state.fl.us/statutes/index.cfm?App_mode=Display_Statute&URL=0300-0399/0322/Sections/0322.26.html","","","","","false","false","false",""
"section","322.27","","Fla. Stat. § 322.27","Authority of department to suspend or revoke driver license or identification card","not_yet_analyzed","Official text is cached, but no explicit analysis establishes offense coverage.","official_current_cache","2026-09-18T15:26:18.796Z","43504af7673c9d24e93954d9a4ae673ea2a002f1ab8ed0f5f4c877fd3ba54e19","https://www.leg.state.fl.us/statutes/index.cfm?App_mode=Display_Statute&URL=0300-0399/0322/Sections/0322.27.html","","","","","false","false","false",""
"section","322.28","","Fla. Stat. § 322.28","Period of suspension or revocation","not_yet_analyzed","Official text is cached, but no explicit analysis establishes offense coverage.","official_current_cache","2026-09-18T15:26:18.796Z","f8fb7a86a02d4a9f7c258078f9167763a7257c3a1312a484fa0ec904d1e99c04","https://www.leg.state.fl.us/statutes/index.cfm?App_mode=Display_Statute&URL=0300-0399/0322/Sections/0322.28.html","","","","","false","false","false",""
"section","322.29","","Fla. Stat. § 322.29","Surrender and return of license","not_yet_analyzed","Official text is cached, but no explicit analysis establishes offense coverage.","official_current_cache","2026-09-18T15:26:18.796Z","2b5798b0c5a5be99c62fedbd32635cba6e1fccbaa079913b4700d7738efb2152","https://www.leg.state.fl.us/statutes/index.cfm?App_mode=Display_Statute&URL=0300-0399/0322/Sections/0322.29.html","","","","","false","false","false",""
"section","322.30","","Fla. Stat. § 322.30","No operation under foreign license during suspension, revocation, or disqualification in this state","not_yet_analyzed","Official text is cached, but no explicit analysis establishes offense coverage.","official_current_cache","2026-09-18T15:26:18.796Z","f7d0bbdf0791f890739abf587cb6f48745fd2764b17bc8bbff7da9e123b6f21b","https://www.leg.state.fl.us/statutes/index.cfm?App_mode=Display_Statute&URL=0300-0399/0322/Sections/0322.30.html","","","","","false","false","false",""
"section","322.031","","Fla. Stat. § 322.031","Nonresident; when license required","not_yet_analyzed","Official text is cached, but no explicit analysis establishes offense coverage.","official_current_cache","2026-09-18T15:26:18.796Z","490838b07f81d3e3cb197e766cb53cc47066fd96f2f6db6098d235e287c4f194","https://www.leg.state.fl.us/statutes/index.cfm?App_mode=Display_Statute&URL=0300-0399/0322/Sections/0322.031.html","","","","","false","false","false",""
"section","322.31","","Fla. Stat. § 322.31","Right of review","not_yet_analyzed","Official text is cached, but no explicit analysis establishes offense coverage.","official_current_cache","2026-09-18T15:26:18.796Z","23cfa2f409a3073b5cd8a5ae4f272dffc9586409e3f9f31801a75081e68d9f2f","https://www.leg.state.fl.us/statutes/index.cfm?App_mode=Display_Statute&URL=0300-0399/0322/Sections/0322.31.html","","","","","false","false","false",""
"section","322.032","","Fla. Stat. § 322.032","Digital proof of driver license or identification card","not_yet_analyzed","Official text is cached, but no explicit analysis establishes offense coverage.","official_current_cache","2026-09-18T15:26:18.796Z","30012e0ff8cbaffe6984b4d067856a3213050941d61e0a9fd166db181b6c245f","https://www.leg.state.fl.us/statutes/index.cfm?App_mode=Display_Statute&URL=0300-0399/0322/Sections/0322.032.html","","","","","false","false","false",""
"section","322.32","","Fla. Stat. § 322.32","Unlawful use of license","not_yet_analyzed","Official text is cached, but no explicit analysis establishes offense coverage.","official_current_cache","2026-09-18T15:26:18.796Z","eae036854d197433bf85642400bcbb2d3f0ef94061928368bfa6ff9eaac43891","https://www.leg.state.fl.us/statutes/index.cfm?App_mode=Display_Statute&URL=0300-0399/0322/Sections/0322.32.html","","","","","false","false","false",""
"section","322.033","","Fla. Stat. § 322.033","Unauthorized aliens and undocumented immigrants; invalid out-of-state driver licenses","not_yet_analyzed","Official text is cached, but no explicit analysis establishes offense coverage.","official_current_cache","2026-09-18T15:26:18.796Z","7737f6ebf60d087a8506afbf2100161d52c8cb6514e367c2909f92424550c8b5","https://www.leg.state.fl.us/statutes/index.cfm?App_mode=Display_Statute&URL=0300-0399/0322/Sections/0322.033.html","","","","","false","false","false",""
"section","322.33","","Fla. Stat. § 322.33","Making false affidavit perjury","not_yet_analyzed","Official text is cached, but no explicit analysis establishes offense coverage.","official_current_cache","2026-09-18T15:26:18.796Z","e35c3feb0dd89b03d5fce9360b18f43148f7e61b8da2e5366090860d58de72c1","https://www.leg.state.fl.us/statutes/index.cfm?App_mode=Display_Statute&URL=0300-0399/0322/Sections/0322.33.html","","","","","false","false","false",""
"section","322.034","","Fla. Stat. § 322.034","Legal status designation on state-issued driver licenses and identification cards","not_yet_analyzed","Official text is cached, but no explicit analysis establishes offense coverage.","official_current_cache","2026-09-18T15:26:18.796Z","11bc6dcfb293b5614dcf4fee338d9a3ab73a037d1b8bd44d2baa398bf67abc53","https://www.leg.state.fl.us/statutes/index.cfm?App_mode=Display_Statute&URL=0300-0399/0322/Sections/0322.034.html","","","","","false","false","false",""
"section","322.34","","Fla. Stat. § 322.34","Driving while license suspended, revoked, canceled, or disqualified","partially_covered","One or more cited scopes map to selectable records; no statewide offense denominator or complete branch analysis proves the entire section covered.","official_current_cache","2026-09-18T15:26:18.796Z","9983473af9d386f96fb91611db1a1f4d235173a736b9376129b473da4e97612b","https://www.leg.state.fl.us/statutes/index.cfm?App_mode=Display_Statute&URL=0300-0399/0322/Sections/0322.34.html","fl-fs-322-34-2-driving-while-license-suspended-revoked-canceled-or-disqualified","fl-fs-322-34-2-driving-while-license-suspended-revoked-canceled-or-disqualified","eligible","fl-driving-with-suspended-license","false","false","false",""
"scope","322.34","","Fla. Stat. § 322.34","Driving while license suspended, revoked, canceled, or disqualified","not_yet_analyzed","This legacy cleanup item has no explicit offense analysis and is not counted as a missing offense.","official_current_cache","2026-09-18T15:26:18.796Z","9983473af9d386f96fb91611db1a1f4d235173a736b9376129b473da4e97612b","https://www.leg.state.fl.us/statutes/index.cfm?App_mode=Display_Statute&URL=0300-0399/0322/Sections/0322.34.html","","","","fl-driving-with-suspended-license","false","false","false",""
"scope","322.34","(2)","Fla. Stat. § 322.34(2)","Driving while license suspended, revoked, canceled, or disqualified","covered","An explicit eligible analyst decision covers this cited scope; it does not establish unenumerated offenses.","official_current_cache","2026-09-18T15:26:18.796Z","9983473af9d386f96fb91611db1a1f4d235173a736b9376129b473da4e97612b","https://www.leg.state.fl.us/statutes/index.cfm?App_mode=Display_Statute&URL=0300-0399/0322/Sections/0322.34.html","fl-fs-322-34-2-driving-while-license-suspended-revoked-canceled-or-disqualified","fl-fs-322-34-2-driving-while-license-suspended-revoked-canceled-or-disqualified","eligible","","false","false","false",""
"section","322.35","","Fla. Stat. § 322.35","Permitting unauthorized minor to drive","not_yet_analyzed","Official text is cached, but no explicit analysis establishes offense coverage.","official_current_cache","2026-09-18T15:26:18.796Z","8758b70eb483c03be81e10497aa5eb18c78c39791d2830403a1ff1e7679a2c77","https://www.leg.state.fl.us/statutes/index.cfm?App_mode=Display_Statute&URL=0300-0399/0322/Sections/0322.35.html","","","","","false","false","false",""
"section","322.36","","Fla. Stat. § 322.36","Permitting unauthorized operator to drive","not_yet_analyzed","Official text is cached, but no explicit analysis establishes offense coverage.","official_current_cache","2026-09-18T15:26:18.796Z","6e9aa89b1d29877d1ae93177773b7225be4733aaa26fbbae73ca0a78fed7165b","https://www.leg.state.fl.us/statutes/index.cfm?App_mode=Display_Statute&URL=0300-0399/0322/Sections/0322.36.html","","","","","false","false","false",""
"section","322.37","","Fla. Stat. § 322.37","Employing unlicensed driver","not_yet_analyzed","Official text is cached, but no explicit analysis establishes offense coverage.","official_current_cache","2026-09-18T15:26:18.796Z","f13cadc617e2b0e0c98eeaebecb778bb1a5ded23fa622022f5ad3903e513499c","https://www.leg.state.fl.us/statutes/index.cfm?App_mode=Display_Statute&URL=0300-0399/0322/Sections/0322.37.html","","","","","false","false","false",""
"section","322.38","","Fla. Stat. § 322.38","Renting motor vehicle to another","not_yet_analyzed","Official text is cached, but no explicit analysis establishes offense coverage.","official_current_cache","2026-09-18T15:26:18.796Z","9faab087c869af4ba25b82153e43511091600d51dfeb0f5bda36a1ead187bc71","https://www.leg.state.fl.us/statutes/index.cfm?App_mode=Display_Statute&URL=0300-0399/0322/Sections/0322.38.html","","","","","false","false","false",""
"section","322.39","","Fla. Stat. § 322.39","Penalties","not_yet_analyzed","Official text is cached, but no explicit analysis establishes offense coverage.","official_current_cache","2026-09-18T15:26:18.796Z","4b51b970fe3a3f82321eaa35df358665e22ed88d46306c551148185a8bc53fd5","https://www.leg.state.fl.us/statutes/index.cfm?App_mode=Display_Statute&URL=0300-0399/0322/Sections/0322.39.html","","","","","false","false","false",""
"section","322.41","","Fla. Stat. § 322.41","Local issuance of driver licenses prohibited","not_yet_analyzed","Official text is cached, but no explicit analysis establishes offense coverage.","official_current_cache","2026-09-18T15:26:18.796Z","79688bb3814d84de28eb63df5fc126bac6129cce2e8adf123d5e4b6294762d89","https://www.leg.state.fl.us/statutes/index.cfm?App_mode=Display_Statute&URL=0300-0399/0322/Sections/0322.41.html","","","","","false","false","false",""
"section","322.42","","Fla. Stat. § 322.42","Construction of chapter","not_yet_analyzed","Official text is cached, but no explicit analysis establishes offense coverage.","official_current_cache","2026-09-18T15:26:18.796Z","3ef7dfc6f3f641efd0d312115a5d7a30b1bd28778bd314e2ad781cbc08cc091a","https://www.leg.state.fl.us/statutes/index.cfm?App_mode=Display_Statute&URL=0300-0399/0322/Sections/0322.42.html","","","","","false","false","false",""
"section","322.43","","Fla. Stat. § 322.43","Short title","not_yet_analyzed","Official text is cached, but no explicit analysis establishes offense coverage.","official_current_cache","2026-09-18T15:26:18.796Z","2c6bae8872da3586ee7104aa2120211657b97efb590a78163458267c66547ea0","https://www.leg.state.fl.us/statutes/index.cfm?App_mode=Display_Statute&URL=0300-0399/0322/Sections/0322.43.html","","","","","false","false","false",""
"section","322.44","","Fla. Stat. § 322.44","Driver License Compact","not_yet_analyzed","Official text is cached, but no explicit analysis establishes offense coverage.","official_current_cache","2026-09-18T15:26:18.796Z","f0bc544e33f4b28cb843e7ab98ce32c92d55289acea37861fbab8f209369e381","https://www.leg.state.fl.us/statutes/index.cfm?App_mode=Display_Statute&URL=0300-0399/0322/Sections/0322.44.html","","","","","false","false","false",""
"section","322.45","","Fla. Stat. § 322.45","Department of Highway Safety and Motor Vehicles; duty","not_yet_analyzed","Official text is cached, but no explicit analysis establishes offense coverage.","official_current_cache","2026-09-18T15:26:18.796Z","40ce333aabcd9989183496d89c17eba4af18951db3bca3e2f67ed1fe630d2edd","https://www.leg.state.fl.us/statutes/index.cfm?App_mode=Display_Statute&URL=0300-0399/0322/Sections/0322.45.html","","","","","false","false","false",""
"section","322.46","","Fla. Stat. § 322.46","Compact administrator","not_yet_analyzed","Official text is cached, but no explicit analysis establishes offense coverage.","official_current_cache","2026-09-18T15:26:18.796Z","a2d7bf885fd79d9b2f8fcd774f70cc89d3063cea2b2a85b8db513102edfb0fae","https://www.leg.state.fl.us/statutes/index.cfm?App_mode=Display_Statute&URL=0300-0399/0322/Sections/0322.46.html","","","","","false","false","false",""
"section","322.47","","Fla. Stat. § 322.47","Executive head defined","not_yet_analyzed","Official text is cached, but no explicit analysis establishes offense coverage.","official_current_cache","2026-09-18T15:26:18.796Z","b7906e1489abbfda3822267e92189894f8dcd6fbbbb7819b5d716316836bd872","https://www.leg.state.fl.us/statutes/index.cfm?App_mode=Display_Statute&URL=0300-0399/0322/Sections/0322.47.html","","","","","false","false","false",""
"section","322.48","","Fla. Stat. § 322.48","Review of employee’s acts","not_yet_analyzed","Official text is cached, but no explicit analysis establishes offense coverage.","official_current_cache","2026-09-18T15:26:18.796Z","50ef59afe895442efc3d0de92f568cbd51b9661b8f82dd9dbed1ae2695763564","https://www.leg.state.fl.us/statutes/index.cfm?App_mode=Display_Statute&URL=0300-0399/0322/Sections/0322.48.html","","","","","false","false","false",""
"section","322.49","","Fla. Stat. § 322.49","Short title","not_yet_analyzed","Official text is cached, but no explicit analysis establishes offense coverage.","official_current_cache","2026-09-18T15:26:18.796Z","33255721020eef3ad476e85fd18cee24e32b6ff9a8a371ee9d89ce4c3afa7fd6","https://www.leg.state.fl.us/statutes/index.cfm?App_mode=Display_Statute&URL=0300-0399/0322/Sections/0322.49.html","","","","","false","false","false",""
"section","322.50","","Fla. Stat. § 322.50","Nonresident Violator Compact","not_yet_analyzed","Official text is cached, but no explicit analysis establishes offense coverage.","official_current_cache","2026-09-18T15:26:18.796Z","9e2bfab8362c68c89c46f73f285f0f68fad117a65386dd315a9ec264ed40d2ed","https://www.leg.state.fl.us/statutes/index.cfm?App_mode=Display_Statute&URL=0300-0399/0322/Sections/0322.50.html","","","","","false","false","false",""
"section","322.051","","Fla. Stat. § 322.051","Identification cards","not_yet_analyzed","Official text is cached, but no explicit analysis establishes offense coverage.","official_current_cache","2026-09-18T15:26:18.796Z","16d3a2e38ee92f3b31b1a710a8ca3c5ecb2a624c4961fab174f76c306f0e2e12","https://www.leg.state.fl.us/statutes/index.cfm?App_mode=Display_Statute&URL=0300-0399/0322/Sections/0322.051.html","","","","","false","false","false",""
"section","322.51","","Fla. Stat. § 322.51","Short title","not_yet_analyzed","Official text is cached, but no explicit analysis establishes offense coverage.","official_current_cache","2026-09-18T15:26:18.796Z","14a4c54a2e1f9d0c03d47ccae922187f82307ea77d67f8c046edeed542cafc52","https://www.leg.state.fl.us/statutes/index.cfm?App_mode=Display_Statute&URL=0300-0399/0322/Sections/0322.51.html","","","","","false","false","false",""
"section","322.52","","Fla. Stat. § 322.52","Conflict with other laws","not_yet_analyzed","Official text is cached, but no explicit analysis establishes offense coverage.","official_current_cache","2026-09-18T15:26:18.796Z","2fc63500cca3bece40070791ec11d3f6dce4d1bc9d7c3d62615c06dfb1e62c15","https://www.leg.state.fl.us/statutes/index.cfm?App_mode=Display_Statute&URL=0300-0399/0322/Sections/0322.52.html","","","","","false","false","false",""
"section","322.53","","Fla. Stat. § 322.53","License required; exemptions","not_yet_analyzed","Official text is cached, but no explicit analysis establishes offense coverage.","official_current_cache","2026-09-18T15:26:18.796Z","c93b06c0cffe49d45646df698d67113023d87e67b51236ab99fe0b25e3bf2d8c","https://www.leg.state.fl.us/statutes/index.cfm?App_mode=Display_Statute&URL=0300-0399/0322/Sections/0322.53.html","","","","","false","false","false",""
"section","322.54","","Fla. Stat. § 322.54","Classification","not_yet_analyzed","Official text is cached, but no explicit analysis establishes offense coverage.","official_current_cache","2026-09-18T15:26:18.796Z","a673b1b952ce1527708fba62928f823498f78364f5dfd22aa19829e34134bc31","https://www.leg.state.fl.us/statutes/index.cfm?App_mode=Display_Statute&URL=0300-0399/0322/Sections/0322.54.html","","","","","false","false","false",""
"section","322.055","","Fla. Stat. § 322.055","Revocation or suspension of, or delay of eligibility for, driver license for persons 18 years of age or older convicted of certain drug offenses","not_yet_analyzed","Official text is cached, but no explicit analysis establishes offense coverage.","official_current_cache","2026-09-18T15:26:18.796Z","c3f257cdf81136ee5a8b5d80cffb7c0e4815811dc069b2135234a80c9908ced8","https://www.leg.state.fl.us/statutes/index.cfm?App_mode=Display_Statute&URL=0300-0399/0322/Sections/0322.055.html","","","","","false","false","false",""
"section","322.056","","Fla. Stat. § 322.056","Mandatory revocation or suspension of, or delay of eligibility for, driver license for persons under age 18 found guilty of drug offenses; prohibition","not_yet_analyzed","Official text is cached, but no explicit analysis establishes offense coverage.","official_current_cache","2026-09-18T15:26:18.796Z","276cba198af8c94aa47308b14690b86fcba12370ec14fd89be790464d38057b1","https://www.leg.state.fl.us/statutes/index.cfm?App_mode=Display_Statute&URL=0300-0399/0322/Sections/0322.056.html","","","","","false","false","false",""
"section","322.56","","Fla. Stat. § 322.56","Contracts for administration of driver license examination","not_yet_analyzed","Official text is cached, but no explicit analysis establishes offense coverage.","official_current_cache","2026-09-18T15:26:18.796Z","f07e5a6dd83368dbe46161bc393c76ca95e0e37b67d923b1e68e849695835757","https://www.leg.state.fl.us/statutes/index.cfm?App_mode=Display_Statute&URL=0300-0399/0322/Sections/0322.56.html","","","","","false","false","false",""
"section","322.57","","Fla. Stat. § 322.57","Tests of knowledge concerning specified vehicles; endorsement; nonresidents; violations","not_yet_analyzed","Official text is cached, but no explicit analysis establishes offense coverage.","official_current_cache","2026-09-18T15:26:18.796Z","9b5643ea6a2d97108e79c1b05e2fb8436a6c24d1c51a617b7df28e05c0b846df","https://www.leg.state.fl.us/statutes/index.cfm?App_mode=Display_Statute&URL=0300-0399/0322/Sections/0322.57.html","","","","","false","false","false",""
"section","322.058","","Fla. Stat. § 322.058","Suspension of driving privilege due to support delinquency; reinstatement","not_yet_analyzed","Official text is cached, but no explicit analysis establishes offense coverage.","official_current_cache","2026-09-18T15:26:18.796Z","48d11df13fea322d6f2304a5149b10bc4a02399f7ed9d8b658f1edf510f5eb36","https://www.leg.state.fl.us/statutes/index.cfm?App_mode=Display_Statute&URL=0300-0399/0322/Sections/0322.058.html","","","","","false","false","false",""
"section","322.059","","Fla. Stat. § 322.059","Mandatory surrender of suspended driver license and registration","not_yet_analyzed","Official text is cached, but no explicit analysis establishes offense coverage.","official_current_cache","2026-09-18T15:26:18.796Z","931840fa23e3f0f0b468569c1d96a340658cfd709e968b68adc73dd462a78b1a","https://www.leg.state.fl.us/statutes/index.cfm?App_mode=Display_Statute&URL=0300-0399/0322/Sections/0322.059.html","","","","","false","false","false",""
"section","322.59","","Fla. Stat. § 322.59","Possession of medical examiner’s certificate","not_yet_analyzed","Official text is cached, but no explicit analysis establishes offense coverage.","official_current_cache","2026-09-18T15:26:18.796Z","9c5597e56d61c7976a8716f6f9ad203fc4b2e108d37f55c9397e2965fe53c949","https://www.leg.state.fl.us/statutes/index.cfm?App_mode=Display_Statute&URL=0300-0399/0322/Sections/0322.59.html","","","","","false","false","false",""
"section","322.61","","Fla. Stat. § 322.61","Disqualification from operating a commercial motor vehicle","not_yet_analyzed","Official text is cached, but no explicit analysis establishes offense coverage.","official_current_cache","2026-09-18T15:26:18.796Z","771cfec1600ed9139dab2ffb916ac2917781140673ab6fbc4584073d3b6f7195","https://www.leg.state.fl.us/statutes/index.cfm?App_mode=Display_Statute&URL=0300-0399/0322/Sections/0322.61.html","","","","","false","false","false",""
"section","322.62","","Fla. Stat. § 322.62","Driving under the influence; commercial motor vehicle operators","not_yet_analyzed","Official text is cached, but no explicit analysis establishes offense coverage.","official_current_cache","2026-09-18T15:26:18.796Z","ea5a5b7634f5d418afcff1082a5d5e28accd6809c2a659f0d647fc9601e05ecb","https://www.leg.state.fl.us/statutes/index.cfm?App_mode=Display_Statute&URL=0300-0399/0322/Sections/0322.62.html","","","","","false","false","false",""
"section","322.63","","Fla. Stat. § 322.63","Alcohol or drug testing; commercial motor vehicle operators","not_yet_analyzed","Official text is cached, but no explicit analysis establishes offense coverage.","official_current_cache","2026-09-18T15:26:18.796Z","d76801a5f808a5609bc3600c49510e3bdef1996ac336be0f1f56dcfafd243f07","https://www.leg.state.fl.us/statutes/index.cfm?App_mode=Display_Statute&URL=0300-0399/0322/Sections/0322.63.html","","","","","false","false","false",""
"section","322.64","","Fla. Stat. § 322.64","Holder of commercial driver license; persons operating a commercial motor vehicle; driving with unlawful blood-alcohol level; refusal to submit to breath, urine, or blood test","not_yet_analyzed","Official text is cached, but no explicit analysis establishes offense coverage.","official_current_cache","2026-09-18T15:26:18.796Z","3c349d06ccae5fed6775e35038e202b66778c2327fffae7f4b5b95f4c91a0688","https://www.leg.state.fl.us/statutes/index.cfm?App_mode=Display_Statute&URL=0300-0399/0322/Sections/0322.64.html","","","","","false","false","false",""
"section","322.065","","Fla. Stat. § 322.065","Driver license expired for 6 months or less; penalties","not_yet_analyzed","Official text is cached, but no explicit analysis establishes offense coverage.","official_current_cache","2026-09-18T15:26:18.796Z","7453433e7e28018529bf645642e4a8eb4ce35ece7dc5fd00ec8e06eadf42b7ef","https://www.leg.state.fl.us/statutes/index.cfm?App_mode=Display_Statute&URL=0300-0399/0322/Sections/0322.065.html","","","","","false","false","false",""
"section","322.65","","Fla. Stat. § 322.65","Driver license record exchange","not_yet_analyzed","Official text is cached, but no explicit analysis establishes offense coverage.","official_current_cache","2026-09-18T15:26:18.796Z","469f49c887f8a153cb185034a64b62924e9bb0f28e2f042db45d06d3d147890e","https://www.leg.state.fl.us/statutes/index.cfm?App_mode=Display_Statute&URL=0300-0399/0322/Sections/0322.65.html","","","","","false","false","false",""
"section","322.66","","Fla. Stat. § 322.66","Vehicles permitted to be driven during driving skills tests","not_yet_analyzed","Official text is cached, but no explicit analysis establishes offense coverage.","official_current_cache","2026-09-18T15:26:18.796Z","6431b787cda47bbc63c2dde0fa6171900a2b31244d7b2d9738c5934b8d81c2ae","https://www.leg.state.fl.us/statutes/index.cfm?App_mode=Display_Statute&URL=0300-0399/0322/Sections/0322.66.html","","","","","false","false","false",""
"section","322.70","","Fla. Stat. § 322.70","Transactions by electronic or telephonic means","not_yet_analyzed","Official text is cached, but no explicit analysis establishes offense coverage.","official_current_cache","2026-09-18T15:26:18.796Z","7eda5e5ccef0ca3b6d93cc1d69d9efd41dd5832a7b8e1417073b63a027d44836","https://www.leg.state.fl.us/statutes/index.cfm?App_mode=Display_Statute&URL=0300-0399/0322/Sections/0322.70.html","","","","","false","false","false",""
"section","322.71","","Fla. Stat. § 322.71","Investigations; examinations; proceedings; subpoenas and other process; witnesses; oaths; rules","not_yet_analyzed","Official text is cached, but no explicit analysis establishes offense coverage.","official_current_cache","2026-09-18T15:26:18.796Z","de5c492e72851e51b0d491d3b432a0f2e79d637b35209093146b7f539e449043","https://www.leg.state.fl.us/statutes/index.cfm?App_mode=Display_Statute&URL=0300-0399/0322/Sections/0322.71.html","","","","","false","false","false",""
"section","322.75","","Fla. Stat. § 322.75","Driver License Reinstatement Days","not_yet_analyzed","Official text is cached, but no explicit analysis establishes offense coverage.","official_current_cache","2026-09-18T15:26:18.796Z","30e3eec8c973b66600acf674d28627b5e170af74ebe79b67b0c051610e6a0ab9","https://www.leg.state.fl.us/statutes/index.cfm?App_mode=Display_Statute&URL=0300-0399/0322/Sections/0322.75.html","","","","","false","false","false",""
"section","322.76","","Fla. Stat. § 322.76","Clerk of Court Driver License Reinstatement Pilot Program in Miami-Dade County","not_yet_analyzed","Official text is cached, but no explicit analysis establishes offense coverage.","official_current_cache","2026-09-18T15:26:18.796Z","b9d9d7e0ab5bd2876ece06f535bad93b2b6fc96cb543d616d08ee5c61b2fb3f4","https://www.leg.state.fl.us/statutes/index.cfm?App_mode=Display_Statute&URL=0300-0399/0322/Sections/0322.76.html","","","","","false","false","false",""
"section","322.081","","Fla. Stat. § 322.081","Requests to establish voluntary checkoff on driver license application","not_yet_analyzed","Official text is cached, but no explicit analysis establishes offense coverage.","official_current_cache","2026-09-18T15:26:18.796Z","4ca5bcc3216fc69f29102822b0874cded994322ac66b8867a128a7002792c6cc","https://www.leg.state.fl.us/statutes/index.cfm?App_mode=Display_Statute&URL=0300-0399/0322/Sections/0322.081.html","","","","","false","false","false",""
"section","322.091","","Fla. Stat. § 322.091","Attendance requirements","not_yet_analyzed","Official text is cached, but no explicit analysis establishes offense coverage.","official_current_cache","2026-09-18T15:26:18.796Z","cf84562b78353f5586801d850c252444b421a3cfa6dbc84705a883c71f9df14d","https://www.leg.state.fl.us/statutes/index.cfm?App_mode=Display_Statute&URL=0300-0399/0322/Sections/0322.091.html","","","","","false","false","false",""
"section","322.095","","Fla. Stat. § 322.095","Traffic law and substance abuse education program for driver license applicants","not_yet_analyzed","Official text is cached, but no explicit analysis establishes offense coverage.","official_current_cache","2026-09-18T15:26:18.796Z","1baabfad95036012a908d4071422bf376c750c946d448bd25a6100f2704e87a7","https://www.leg.state.fl.us/statutes/index.cfm?App_mode=Display_Statute&URL=0300-0399/0322/Sections/0322.095.html","","","","","false","false","false",""
"section","322.121","","Fla. Stat. § 322.121","Periodic reexamination of all drivers","not_yet_analyzed","Official text is cached, but no explicit analysis establishes offense coverage.","official_current_cache","2026-09-18T15:26:18.796Z","7e080106becd79c2133c52af4a4a6e7fa48f80d82c1f8a4c5de400cbab975cef","https://www.leg.state.fl.us/statutes/index.cfm?App_mode=Display_Statute&URL=0300-0399/0322/Sections/0322.121.html","","","","","false","false","false",""
"section","322.125","","Fla. Stat. § 322.125","Medical Advisory Board","not_yet_analyzed","Official text is cached, but no explicit analysis establishes offense coverage.","official_current_cache","2026-09-18T15:26:18.796Z","e92f5e22f43739b6015f2efa3c2d037ab36305ae6c230e83999daa325650ab49","https://www.leg.state.fl.us/statutes/index.cfm?App_mode=Display_Statute&URL=0300-0399/0322/Sections/0322.125.html","","","","","false","false","false",""
"section","322.126","","Fla. Stat. § 322.126","Report of disability to department; content; use","not_yet_analyzed","Official text is cached, but no explicit analysis establishes offense coverage.","official_current_cache","2026-09-18T15:26:18.796Z","e7e45080b46dd14d7166fe26536492084fd14915900526fa3fa801f321357cee","https://www.leg.state.fl.us/statutes/index.cfm?App_mode=Display_Statute&URL=0300-0399/0322/Sections/0322.126.html","","","","","false","false","false",""
"section","322.135","","Fla. Stat. § 322.135","Driver license agents","not_yet_analyzed","Official text is cached, but no explicit analysis establishes offense coverage.","official_current_cache","2026-09-18T15:26:18.796Z","3566f66384c261312baeef3b7150a05cb419dc25951442e82477b19d313d02ad","https://www.leg.state.fl.us/statutes/index.cfm?App_mode=Display_Statute&URL=0300-0399/0322/Sections/0322.135.html","","","","","false","false","false",""
"section","322.141","","Fla. Stat. § 322.141","Color or markings of certain licenses or identification cards","not_yet_analyzed","Official text is cached, but no explicit analysis establishes offense coverage.","official_current_cache","2026-09-18T15:26:18.796Z","834b763cedbe2439bc2c88e72fddf4b0c9b426506f6ed259ff9fef125ce13fed","https://www.leg.state.fl.us/statutes/index.cfm?App_mode=Display_Statute&URL=0300-0399/0322/Sections/0322.141.html","","","","","false","false","false",""
"section","322.142","","Fla. Stat. § 322.142","Color photographic or digital imaged licenses","not_yet_analyzed","Official text is cached, but no explicit analysis establishes offense coverage.","official_current_cache","2026-09-18T15:26:18.796Z","d19ea095dc8cdf93dd7483029d1bab9a20b8a0eb9b81bea24954c8cc4584943b","https://www.leg.state.fl.us/statutes/index.cfm?App_mode=Display_Statute&URL=0300-0399/0322/Sections/0322.142.html","","","","","false","false","false",""
"section","322.143","","Fla. Stat. § 322.143","Use of a driver license or identification card","not_yet_analyzed","Official text is cached, but no explicit analysis establishes offense coverage.","official_current_cache","2026-09-18T15:26:18.796Z","b2b8cb7cced50ddfc5aa7eb7680322162be9d1c4a15b40b6443cf6647ba86a9c","https://www.leg.state.fl.us/statutes/index.cfm?App_mode=Display_Statute&URL=0300-0399/0322/Sections/0322.143.html","","","","","false","false","false",""
"section","322.161","","Fla. Stat. § 322.161","High-risk drivers; restricted licenses","not_yet_analyzed","Official text is cached, but no explicit analysis establishes offense coverage.","official_current_cache","2026-09-18T15:26:18.796Z","b8c7b6df4b8a7b6a57bf73bfaf166d51914e3939e7345f35e24a5cc729e16d92","https://www.leg.state.fl.us/statutes/index.cfm?App_mode=Display_Statute&URL=0300-0399/0322/Sections/0322.161.html","","","","","false","false","false",""
"section","322.201","","Fla. Stat. § 322.201","Records as evidence","not_yet_analyzed","Official text is cached, but no explicit analysis establishes offense coverage.","official_current_cache","2026-09-18T15:26:18.796Z","fed513d62f63da51fb61d45ba58bca974e5367374a3d9907d207bb12bd51b57a","https://www.leg.state.fl.us/statutes/index.cfm?App_mode=Display_Statute&URL=0300-0399/0322/Sections/0322.201.html","","","","","false","false","false",""
"section","322.202","","Fla. Stat. § 322.202","Admission of evidence obtained from the Division of Motorist Services","not_yet_analyzed","Official text is cached, but no explicit analysis establishes offense coverage.","official_current_cache","2026-09-18T15:26:18.796Z","ef7adce3b79fb843671bedd4d842da3f48c32ebe153f47b625e5f0c0078f1420","https://www.leg.state.fl.us/statutes/index.cfm?App_mode=Display_Statute&URL=0300-0399/0322/Sections/0322.202.html","","","","","false","false","false",""
"section","322.212","","Fla. Stat. § 322.212","Unauthorized possession of, and other unlawful acts in relation to, driver license or identification card","blocked","The section has analysis decisions, but no scope in this section is a current runtime selection.","official_current_cache","2026-09-18T15:26:18.796Z","ceb3bc7a9cd559c4dffac3ec691035c26b92c9c8ca13c06ab9c7a19c5a27455c","https://www.leg.state.fl.us/statutes/index.cfm?App_mode=Display_Statute&URL=0300-0399/0322/Sections/0322.212.html","","fl-section-322.212","held","fl-fake-id","false","false","false",""
"scope","322.212","","Fla. Stat. § 322.212","Unauthorized possession of, and other unlawful acts in relation to, driver license or identification card","blocked","The section defines multiple independently graded acts involving licenses and identification cards, but its broad heading is not a single offense identity and the operative clauses do not give those acts distinct statutory names.","official_current_cache","2026-09-18T15:26:18.796Z","ceb3bc7a9cd559c4dffac3ec691035c26b92c9c8ca13c06ab9c7a19c5a27455c","https://www.leg.state.fl.us/statutes/index.cfm?App_mode=Display_Statute&URL=0300-0399/0322/Sections/0322.212.html","","fl-section-322.212","held","fl-fake-id","false","false","false",""
"section","322.221","","Fla. Stat. § 322.221","Department may require reexamination","not_yet_analyzed","Official text is cached, but no explicit analysis establishes offense coverage.","official_current_cache","2026-09-18T15:26:18.796Z","faa030bfca7ed8b02c61f0b7f923dceb7abc48743b5bd8bd6ddc4781f593cc77","https://www.leg.state.fl.us/statutes/index.cfm?App_mode=Display_Statute&URL=0300-0399/0322/Sections/0322.221.html","","","","","false","false","false",""
"section","322.222","","Fla. Stat. § 322.222","Right to review","not_yet_analyzed","Official text is cached, but no explicit analysis establishes offense coverage.","official_current_cache","2026-09-18T15:26:18.796Z","f7753d4ccae284a27d2a2cfd9b840187bfb5d5e6a24d51a2944596356afb29f1","https://www.leg.state.fl.us/statutes/index.cfm?App_mode=Display_Statute&URL=0300-0399/0322/Sections/0322.222.html","","","","","false","false","false",""
"section","322.245","","Fla. Stat. § 322.245","Suspension of license upon failure of person charged with specified offense under chapter 316, chapter 320, or this chapter to comply with directives ordered by traffic court or upon failure to pay child support in non-IV-D cases as provided in chapter 61 or failure to pay any financial obligation in any other criminal case","not_yet_analyzed","Official text is cached, but no explicit analysis establishes offense coverage.","official_current_cache","2026-09-18T15:26:18.796Z","c39538ebf6d11ad16d3b1bba41a768a0e90b6d8297da8adbc124bf6e0c298a73","https://www.leg.state.fl.us/statutes/index.cfm?App_mode=Display_Statute&URL=0300-0399/0322/Sections/0322.245.html","","","","","false","false","false",""
"section","322.251","","Fla. Stat. § 322.251","Notice of cancellation, suspension, revocation, or disqualification of license","not_yet_analyzed","Official text is cached, but no explicit analysis establishes offense coverage.","official_current_cache","2026-09-18T15:26:18.796Z","63ea71bf9b86e39fa99a125434d9251de48d5306b793b4e111679dff53686c93","https://www.leg.state.fl.us/statutes/index.cfm?App_mode=Display_Statute&URL=0300-0399/0322/Sections/0322.251.html","","","","","false","false","false",""
"section","322.0255","","Fla. Stat. § 322.0255","Florida Motorcycle Safety Education Program","not_yet_analyzed","Official text is cached, but no explicit analysis establishes offense coverage.","official_current_cache","2026-09-18T15:26:18.796Z","3f9917532b30b2cf51baaf388f39fa00ec5778558c3339b181cb3bd41822eea5","https://www.leg.state.fl.us/statutes/index.cfm?App_mode=Display_Statute&URL=0300-0399/0322/Sections/0322.0255.html","","","","","false","false","false",""
"section","322.0261","","Fla. Stat. § 322.0261","Driver improvement course; requirement to maintain driving privileges; failure to complete; department approval of course","not_yet_analyzed","Official text is cached, but no explicit analysis establishes offense coverage.","official_current_cache","2026-09-18T15:26:18.796Z","7f580185b96b6d5dd268639a48bc96ab7dbd0617661da41376cbafe7905a3559","https://www.leg.state.fl.us/statutes/index.cfm?App_mode=Display_Statute&URL=0300-0399/0322/Sections/0322.0261.html","","","","","false","false","false",""
"section","322.263","","Fla. Stat. § 322.263","Legislative intent","not_yet_analyzed","Official text is cached, but no explicit analysis establishes offense coverage.","official_current_cache","2026-09-18T15:26:18.796Z","a1859ad8cebdd8b2f6ff5a9ab5a0432e223ea599dbb1e6adf123f7477a53eebd","https://www.leg.state.fl.us/statutes/index.cfm?App_mode=Display_Statute&URL=0300-0399/0322/Sections/0322.263.html","","","","","false","false","false",""
"section","322.264","","Fla. Stat. § 322.264","“Habitual traffic offender” defined","not_yet_analyzed","Official text is cached, but no explicit analysis establishes offense coverage.","official_current_cache","2026-09-18T15:26:18.796Z","c4eb707c8a2ed6985eaad76041793b38118aa53e8363663358792e2fd614b22c","https://www.leg.state.fl.us/statutes/index.cfm?App_mode=Display_Statute&URL=0300-0399/0322/Sections/0322.264.html","","","","","false","false","false",""
"section","322.271","","Fla. Stat. § 322.271","Authority to modify revocation, cancellation, or suspension order","not_yet_analyzed","Official text is cached, but no explicit analysis establishes offense coverage.","official_current_cache","2026-09-18T15:26:18.796Z","70b7db8d71a29613c338fdfdbe4c7ee44d3a6ff25e67e19612c6c3cc8b1d3f8a","https://www.leg.state.fl.us/statutes/index.cfm?App_mode=Display_Statute&URL=0300-0399/0322/Sections/0322.271.html","","","","","false","false","false",""
"section","322.272","","Fla. Stat. § 322.272","Supersedeas","not_yet_analyzed","Official text is cached, but no explicit analysis establishes offense coverage.","official_current_cache","2026-09-18T15:26:18.796Z","c856cf1e1b9a45dbc864d1e689be18ad6c1de292e37dd13a0234d8c1f3c0ba1c","https://www.leg.state.fl.us/statutes/index.cfm?App_mode=Display_Statute&URL=0300-0399/0322/Sections/0322.272.html","","","","","false","false","false",""
"section","322.273","","Fla. Stat. § 322.273","Penalty","not_yet_analyzed","Official text is cached, but no explicit analysis establishes offense coverage.","official_current_cache","2026-09-18T15:26:18.796Z","7227af5af824c3a33f8519fbabc3f502b2e26f1b5c9c9c349c4d38bd2a898a4a","https://www.leg.state.fl.us/statutes/index.cfm?App_mode=Display_Statute&URL=0300-0399/0322/Sections/0322.273.html","","","","","false","false","false",""
"section","322.274","","Fla. Stat. § 322.274","Automatic revocation of driver license","not_yet_analyzed","Official text is cached, but no explicit analysis establishes offense coverage.","official_current_cache","2026-09-18T15:26:18.796Z","c7c90b2857e388b56d54d027484380b554bfef472fe93d0b3b602e9864bfc8b1","https://www.leg.state.fl.us/statutes/index.cfm?App_mode=Display_Statute&URL=0300-0399/0322/Sections/0322.274.html","","","","","false","false","false",""
"section","322.276","","Fla. Stat. § 322.276","Out-of-state sanctions; issuance of license","not_yet_analyzed","Official text is cached, but no explicit analysis establishes offense coverage.","official_current_cache","2026-09-18T15:26:18.796Z","416b746ded6f388685a2a328507b7759de36c6dbb2ff119e00b2c2a592014d3d","https://www.leg.state.fl.us/statutes/index.cfm?App_mode=Display_Statute&URL=0300-0399/0322/Sections/0322.276.html","","","","","false","false","false",""
"section","322.282","","Fla. Stat. § 322.282","Procedure when court revokes or suspends license or driving privilege and orders reinstatement","not_yet_analyzed","Official text is cached, but no explicit analysis establishes offense coverage.","official_current_cache","2026-09-18T15:26:18.796Z","f16a608cedbb0e8051d15b323f5ce0a0367694c26cb5a306d752316dc7d43d3c","https://www.leg.state.fl.us/statutes/index.cfm?App_mode=Display_Statute&URL=0300-0399/0322/Sections/0322.282.html","","","","","false","false","false",""
"section","322.283","","Fla. Stat. § 322.283","Commencement of period of suspension or revocation for incarcerated offenders","not_yet_analyzed","Official text is cached, but no explicit analysis establishes offense coverage.","official_current_cache","2026-09-18T15:26:18.796Z","2ef289a0257798d4f0de2865dc1b9fa84192e60081c0d3b3dc7dd422057785c4","https://www.leg.state.fl.us/statutes/index.cfm?App_mode=Display_Statute&URL=0300-0399/0322/Sections/0322.283.html","","","","","false","false","false",""
"section","322.291","","Fla. Stat. § 322.291","Driver improvement schools or DUI programs; required in certain suspension and revocation cases","not_yet_analyzed","Official text is cached, but no explicit analysis establishes offense coverage.","official_current_cache","2026-09-18T15:26:18.796Z","4e70fd5ed1f46de2e659f1fe288a57d8f292fc1f16403d8fa35baaac35dc7b64","https://www.leg.state.fl.us/statutes/index.cfm?App_mode=Display_Statute&URL=0300-0399/0322/Sections/0322.291.html","","","","","false","false","false",""
"section","322.292","","Fla. Stat. § 322.292","DUI programs supervision; powers and duties of the department","not_yet_analyzed","Official text is cached, but no explicit analysis establishes offense coverage.","official_current_cache","2026-09-18T15:26:18.796Z","262d38263882ccca556a4b10ec5532ab9ccee7538e12b26b41788007ad691ea0","https://www.leg.state.fl.us/statutes/index.cfm?App_mode=Display_Statute&URL=0300-0399/0322/Sections/0322.292.html","","","","","false","false","false",""
"section","322.293","","Fla. Stat. § 322.293","DUI programs; assessment; disposition","not_yet_analyzed","Official text is cached, but no explicit analysis establishes offense coverage.","official_current_cache","2026-09-18T15:26:18.796Z","6b9e84db9bd7f41a7c92250817263017b56a11002054947e81955b346394d064","https://www.leg.state.fl.us/statutes/index.cfm?App_mode=Display_Statute&URL=0300-0399/0322/Sections/0322.293.html","","","","","false","false","false",""
"section","322.341","","Fla. Stat. § 322.341","Driving while license permanently revoked","not_yet_analyzed","Official text is cached, but no explicit analysis establishes offense coverage.","official_current_cache","2026-09-18T15:26:18.796Z","72625ace3644653516e52041e082abc15521ca03d37519657bcd47b867ee394e","https://www.leg.state.fl.us/statutes/index.cfm?App_mode=Display_Statute&URL=0300-0399/0322/Sections/0322.341.html","","","","","false","false","false",""
"section","322.391","","Fla. Stat. § 322.391","Failure of person charged with misdemeanor under this chapter to comply with court-ordered directives; suspension of license","not_yet_analyzed","Official text is cached, but no explicit analysis establishes offense coverage.","official_current_cache","2026-09-18T15:26:18.796Z","1e3b146aee6638a8a46e0716201fa53d790d532e505286120578a06be194949c","https://www.leg.state.fl.us/statutes/index.cfm?App_mode=Display_Statute&URL=0300-0399/0322/Sections/0322.391.html","","","","","false","false","false",""
"section","322.0515","","Fla. Stat. § 322.0515","Department to forward certain information to federal Selective Service System; notification to applicant for certain license; application statement required","not_yet_analyzed","Official text is cached, but no explicit analysis establishes offense coverage.","official_current_cache","2026-09-18T15:26:18.796Z","b9eea44e0c9f2e727de83d9e8933f8382837d29d77de90fe8226fb33fe5665cd","https://www.leg.state.fl.us/statutes/index.cfm?App_mode=Display_Statute&URL=0300-0399/0322/Sections/0322.0515.html","","","","","false","false","false",""
"section","322.591","","Fla. Stat. § 322.591","Commercial driver license and temporary commercial instruction permit; Commercial Driver’s License Drug and Alcohol Clearinghouse; prohibition on issuance of commercial driver licenses; downgrades","not_yet_analyzed","Official text is cached, but no explicit analysis establishes offense coverage.","official_current_cache","2026-09-18T15:26:18.796Z","2711745000ae7cd4080809309017dcb4db4a757bb706b4e230ed999b7be4cc3c","https://www.leg.state.fl.us/statutes/index.cfm?App_mode=Display_Statute&URL=0300-0399/0322/Sections/0322.591.html","","","","","false","false","false",""
"section","322.0602","","Fla. Stat. § 322.0602","Youthful Drunk Driver Visitation Program","not_yet_analyzed","Official text is cached, but no explicit analysis establishes offense coverage.","official_current_cache","2026-09-18T15:26:18.796Z","0a94d87d4482a264b62940aae78ce3f361a5195f019c63c21e97da864431ce83","https://www.leg.state.fl.us/statutes/index.cfm?App_mode=Display_Statute&URL=0300-0399/0322/Sections/0322.0602.html","","","","","false","false","false",""
"section","322.1615","","Fla. Stat. § 322.1615","Learner’s driver license","not_yet_analyzed","Official text is cached, but no explicit analysis establishes offense coverage.","official_current_cache","2026-09-18T15:26:18.796Z","0dbf8a39ce95a56a839ac629b2e0bacc1cc411b87ae54532e4e9bf4ac05eba59","https://www.leg.state.fl.us/statutes/index.cfm?App_mode=Display_Statute&URL=0300-0399/0322/Sections/0322.1615.html","","","","","false","false","false",""
"section","322.2505","","Fla. Stat. § 322.2505","Court to forward license of person adjudicated incapacitated to department","not_yet_analyzed","Official text is cached, but no explicit analysis establishes offense coverage.","official_current_cache","2026-09-18T15:26:18.796Z","2f8ba0ec2842a44d97b5b89b245b928b8714d99fd589af61586142e905471214","https://www.leg.state.fl.us/statutes/index.cfm?App_mode=Display_Statute&URL=0300-0399/0322/Sections/0322.2505.html","","","","","false","false","false",""
"section","322.2615","","Fla. Stat. § 322.2615","Suspension of license; right to review","not_yet_analyzed","Official text is cached, but no explicit analysis establishes offense coverage.","official_current_cache","2026-09-18T15:26:18.796Z","86141cb77e3763e9040703ee227071b788453069486ddeafa7e326bb1e2afee6","https://www.leg.state.fl.us/statutes/index.cfm?App_mode=Display_Statute&URL=0300-0399/0322/Sections/0322.2615.html","","","","","false","false","false",""
"section","322.2616","","Fla. Stat. § 322.2616","Suspension of license; persons under 21 years of age; right to review","not_yet_analyzed","Official text is cached, but no explicit analysis establishes offense coverage.","official_current_cache","2026-09-18T15:26:18.796Z","387fab96c3c9efd2a93745d31e1915a84a1ab3e359b4cda7d5f686a663ae1c4b","https://www.leg.state.fl.us/statutes/index.cfm?App_mode=Display_Statute&URL=0300-0399/0322/Sections/0322.2616.html","","","","","false","false","false",""
"section","322.2715","","Fla. Stat. § 322.2715","Ignition interlock device","not_yet_analyzed","Official text is cached, but no explicit analysis establishes offense coverage.","official_current_cache","2026-09-18T15:26:18.796Z","b57dd6265b9c361f25f312e4430daa0aa456307436e62b0fef4fc043e8883b75","https://www.leg.state.fl.us/statutes/index.cfm?App_mode=Display_Statute&URL=0300-0399/0322/Sections/0322.2715.html","","","","","false","false","false",""
"section","322.26151","","Fla. Stat. § 322.26151","Review of materials submitted by law enforcement officer","not_yet_analyzed","Official text is cached, but no explicit analysis establishes offense coverage.","official_current_cache","2026-09-18T15:26:18.796Z","f28d3f7617a31921ea599857279bc33c61f4c66fbbf3fa7136c7695d4da21c6d","https://www.leg.state.fl.us/statutes/index.cfm?App_mode=Display_Statute&URL=0300-0399/0322/Sections/0322.26151.html","","","","","false","false","false",""
"section","379.354","","Fla. Stat. § 379.354","Recreational licenses, permits, and authorization numbers; fees established","blocked","The section has analysis decisions, but no scope in this section is a current runtime selection.","official_current_cache","2026-09-18T15:33:30.772Z","232b9728dcc526a75a9e0eebff726e9fd144a3680df6f02b7f8af3aebdb79581","https://www.leg.state.fl.us/statutes/index.cfm?App_mode=Display_Statute&URL=0300-0399/0379/Sections/0379.354.html","","fl-section-379.354","held","fl-hunting-fishing-no-license","false","false","false",""
"scope","379.354","","Fla. Stat. § 379.354","Recreational licenses, permits, and authorization numbers; fees established","blocked","Technical dependency hold: the current section supplies the license requirement but not the applicable criminal grade, and the necessary current penalty provision is not present in the reviewed cache.","official_current_cache","2026-09-18T15:33:30.772Z","232b9728dcc526a75a9e0eebff726e9fd144a3680df6f02b7f8af3aebdb79581","https://www.leg.state.fl.us/statutes/index.cfm?App_mode=Display_Statute&URL=0300-0399/0379/Sections/0379.354.html","","fl-section-379.354","held","fl-hunting-fishing-no-license","false","false","false",""
"section","379.2431","","Fla. Stat. § 379.2431","Marine animals; regulation","not_yet_analyzed","Official text is cached, but no explicit analysis establishes offense coverage.","official_current_cache","2026-09-18T15:56:31.991Z","1149c82fb33f4f25158ac758c4a6c32533f83ae4a46ee7747ea938b423fbdb91","https://www.leg.state.fl.us/statutes/index.cfm?App_mode=Display_Statute&URL=0300-0399/0379/Sections/0379.2431.html","","","","","false","false","false",""
"section","381.986","","Fla. Stat. § 381.986","","blocked","Explicit current-cache inventory exception; no current official section body is available.","known_absent","","","","","","","","false","false","false",""
"section","386.01","","Fla. Stat. § 386.01","Sanitary nuisance","not_yet_analyzed","Official text is cached, but no explicit analysis establishes offense coverage.","official_current_cache","2026-09-18T15:26:21.036Z","7554d337ca65b3eade993cdf8b23818aa78d705919db1e8aa8052b4982d34e9b","https://www.leg.state.fl.us/statutes/index.cfm?App_mode=Display_Statute&URL=0300-0399/0386/Sections/0386.01.html","","","","","false","false","false",""
"section","386.02","","Fla. Stat. § 386.02","Duty of Department of Health","not_yet_analyzed","Official text is cached, but no explicit analysis establishes offense coverage.","official_current_cache","2026-09-18T15:26:21.036Z","4e8105e5c85d5f4e8f48916e822866609d547d8d35eaaf4b5316068bfe8c690b","https://www.leg.state.fl.us/statutes/index.cfm?App_mode=Display_Statute&URL=0300-0399/0386/Sections/0386.02.html","","","","","false","false","false",""
"section","386.03","","Fla. Stat. § 386.03","Notice to remove nuisances; authority of Department of Health and local health authorities","not_yet_analyzed","Official text is cached, but no explicit analysis establishes offense coverage.","official_current_cache","2026-09-18T15:26:21.036Z","6459fd8d65d4332ed2d40a80a18de118433de779135868dcda42b0f9bb04f4ab","https://www.leg.state.fl.us/statutes/index.cfm?App_mode=Display_Statute&URL=0300-0399/0386/Sections/0386.03.html","","","","","false","false","false",""
"section","386.04","","Fla. Stat. § 386.04","","blocked","The current manifest explicitly records that the Florida Legislature section could not be verified.","known_absent","","","","","","","","false","false","false",""
"section","386.041","","Fla. Stat. § 386.041","Nuisances injurious to health","not_yet_analyzed","Official text is cached, but no explicit analysis establishes offense coverage.","official_current_cache","2026-09-18T15:26:21.036Z","366c2f19e0ae457705340b2a897ba3497b88b26c0f9b4db60d52df74099f77f0","https://www.leg.state.fl.us/statutes/index.cfm?App_mode=Display_Statute&URL=0300-0399/0386/Sections/0386.041.html","","","","","false","false","false",""
"section","386.051","","Fla. Stat. § 386.051","Nuisances injurious to health, penalty","not_yet_analyzed","Official text is cached, but no explicit analysis establishes offense coverage.","official_current_cache","2026-09-18T15:26:21.036Z","93c077a3405103b7a4c7a73b8ec6336b57df87475fa1bfd5aff96bd56b8f6730","https://www.leg.state.fl.us/statutes/index.cfm?App_mode=Display_Statute&URL=0300-0399/0386/Sections/0386.051.html","","","","","false","false","false",""
"section","386.201","","Fla. Stat. § 386.201","Short title","not_yet_analyzed","Official text is cached, but no explicit analysis establishes offense coverage.","official_current_cache","2026-09-18T15:26:21.036Z","49c08e4f6c385d57ef329c9f5c263dd5883708090802fe533093987345c67459","https://www.leg.state.fl.us/statutes/index.cfm?App_mode=Display_Statute&URL=0300-0399/0386/Sections/0386.201.html","","","","","false","false","false",""
"section","386.202","","Fla. Stat. § 386.202","Legislative intent","not_yet_analyzed","Official text is cached, but no explicit analysis establishes offense coverage.","official_current_cache","2026-09-18T15:26:21.036Z","087968cfc0faaa1d6160c10b80cf25300e23347881e03b8735dd8778b6bc43f8","https://www.leg.state.fl.us/statutes/index.cfm?App_mode=Display_Statute&URL=0300-0399/0386/Sections/0386.202.html","","","","","false","false","false",""
"section","386.203","","Fla. Stat. § 386.203","Definitions","not_yet_analyzed","Official text is cached, but no explicit analysis establishes offense coverage.","official_current_cache","2026-09-18T15:26:21.036Z","7505b687bbe06b43ded2b3751b8f23f943d0d4e034c6cb773f85fcafc36ac5fb","https://www.leg.state.fl.us/statutes/index.cfm?App_mode=Display_Statute&URL=0300-0399/0386/Sections/0386.203.html","","","","","false","false","false",""
"section","386.204","","Fla. Stat. § 386.204","Prohibition","not_yet_analyzed","Official text is cached, but no explicit analysis establishes offense coverage.","official_current_cache","2026-09-18T15:26:21.036Z","79b863b633c845fa624b93aaef12edbb2b04f90f9fa8f2d0d48075167656b2dc","https://www.leg.state.fl.us/statutes/index.cfm?App_mode=Display_Statute&URL=0300-0399/0386/Sections/0386.204.html","","","","","false","false","false",""
"section","386.205","","Fla. Stat. § 386.205","Customs smoking rooms","not_yet_analyzed","Official text is cached, but no explicit analysis establishes offense coverage.","official_current_cache","2026-09-18T15:26:21.036Z","5637d5f140bc813cfe28f032d99e7ca1163cae5c07aa28ef948985d64e044842","https://www.leg.state.fl.us/statutes/index.cfm?App_mode=Display_Statute&URL=0300-0399/0386/Sections/0386.205.html","","","","","false","false","false",""
"section","386.206","","Fla. Stat. § 386.206","Posting of signs; requiring policies","not_yet_analyzed","Official text is cached, but no explicit analysis establishes offense coverage.","official_current_cache","2026-09-18T15:26:21.036Z","e225fdeb4c21d37990ee32f5923967d52233c1b296bf4d34830d8531d5140eed","https://www.leg.state.fl.us/statutes/index.cfm?App_mode=Display_Statute&URL=0300-0399/0386/Sections/0386.206.html","","","","","false","false","false",""
"section","386.207","","Fla. Stat. § 386.207","Administration; enforcement; civil penalties","not_yet_analyzed","Official text is cached, but no explicit analysis establishes offense coverage.","official_current_cache","2026-09-18T15:26:21.036Z","8ec90ede8194e1434d1f86ce124ef063fb8e4412d36ad9ace972a3c998b4b842","https://www.leg.state.fl.us/statutes/index.cfm?App_mode=Display_Statute&URL=0300-0399/0386/Sections/0386.207.html","","","","","false","false","false",""
"section","386.208","","Fla. Stat. § 386.208","Penalties","not_yet_analyzed","Official text is cached, but no explicit analysis establishes offense coverage.","official_current_cache","2026-09-18T15:26:21.036Z","8c242253c6b38ff62d31a9f2d93a21f2361a0bf626667219ea235f951058e701","https://www.leg.state.fl.us/statutes/index.cfm?App_mode=Display_Statute&URL=0300-0399/0386/Sections/0386.208.html","","","","","false","false","false",""
"section","386.209","","Fla. Stat. § 386.209","Regulation of smoking preempted to state","not_yet_analyzed","Official text is cached, but no explicit analysis establishes offense coverage.","official_current_cache","2026-09-18T15:26:21.036Z","ceb36dfa93f3632e363e427bdb55979dbd0901bf2c74971d1ce2ec9ff1af83d4","https://www.leg.state.fl.us/statutes/index.cfm?App_mode=Display_Statute&URL=0300-0399/0386/Sections/0386.209.html","","","","","false","false","false",""
"section","386.211","","Fla. Stat. § 386.211","Public announcements in mass transportation terminals","not_yet_analyzed","Official text is cached, but no explicit analysis establishes offense coverage.","official_current_cache","2026-09-18T15:26:21.036Z","8a1d42dca3d7e768298be662febbccb824f11b5080153c429ea4374cdda2518d","https://www.leg.state.fl.us/statutes/index.cfm?App_mode=Display_Statute&URL=0300-0399/0386/Sections/0386.211.html","","","","","false","false","false",""
"section","386.212","","Fla. Stat. § 386.212","Smoking and vaping prohibited near school property; penalty","not_yet_analyzed","Official text is cached, but no explicit analysis establishes offense coverage.","official_current_cache","2026-09-18T15:26:21.036Z","ae4d16e60aed52d55a248a71614d94848f637a55da4b679d2e0012a6e53946b6","https://www.leg.state.fl.us/statutes/index.cfm?App_mode=Display_Statute&URL=0300-0399/0386/Sections/0386.212.html","","","","","false","false","false",""
"section","386.2045","","Fla. Stat. § 386.2045","Enclosed indoor workplaces; specific exceptions","not_yet_analyzed","Official text is cached, but no explicit analysis establishes offense coverage.","official_current_cache","2026-09-18T15:26:21.036Z","b77019dc7f170686759b9747078da3374f2074e4e47416ce212be7d47e8a8119","https://www.leg.state.fl.us/statutes/index.cfm?App_mode=Display_Statute&URL=0300-0399/0386/Sections/0386.2045.html","","","","","false","false","false",""
"section","386.2125","","Fla. Stat. § 386.2125","Rulemaking","not_yet_analyzed","Official text is cached, but no explicit analysis establishes offense coverage.","official_current_cache","2026-09-18T15:26:21.036Z","4b00731519e165f2dbede50e8547fecac4d941befdb361184d787716cdbdfff6","https://www.leg.state.fl.us/statutes/index.cfm?App_mode=Display_Statute&URL=0300-0399/0386/Sections/0386.2125.html","","","","","false","false","false",""
"section","395.002","","Fla. Stat. § 395.002","Definitions","not_yet_analyzed","Official text is cached, but no explicit analysis establishes offense coverage.","official_current_cache","2026-09-18T15:34:06.889Z","d4ce73c5ed3b30c99edf8bee1e09d1419364d157fbb16d198de12871758deec4","https://www.leg.state.fl.us/statutes/index.cfm?App_mode=Display_Statute&URL=0300-0399/0395/Sections/0395.002.html","","","","","false","false","false",""
"section","401.23","","Fla. Stat. § 401.23","Definitions","not_yet_analyzed","Official text is cached, but no explicit analysis establishes offense coverage.","official_current_cache","2026-09-18T15:56:41.159Z","02a120ddaf5f2af01c79cb2ba100b26f03f38985f21d687cb7b721ce31577e6a","https://www.leg.state.fl.us/statutes/index.cfm?App_mode=Display_Statute&URL=0400-0499/0401/Sections/0401.23.html","","","","","false","false","false",""
"section","403.413","","Fla. Stat. § 403.413","Florida Litter Law","partially_covered","One or more cited scopes map to selectable records; no statewide offense denominator or complete branch analysis proves the entire section covered.","official_current_cache","2026-09-18T15:33:33.108Z","e777e643a98637b909a7a82e1e0fd6a42935addcb8817ba04ea9bd81e0e6e702","https://www.leg.state.fl.us/statutes/index.cfm?App_mode=Display_Statute&URL=0400-0499/0403/Sections/0403.413.html","fl-fs-403-413-6-b-florida-litter-law","fl-fs-403-413-6-b-florida-litter-law","eligible","fl-littering","false","false","false",""
"scope","403.413","","Fla. Stat. § 403.413","Florida Litter Law","not_yet_analyzed","This legacy cleanup item has no explicit offense analysis and is not counted as a missing offense.","official_current_cache","2026-09-18T15:33:33.108Z","e777e643a98637b909a7a82e1e0fd6a42935addcb8817ba04ea9bd81e0e6e702","https://www.leg.state.fl.us/statutes/index.cfm?App_mode=Display_Statute&URL=0400-0499/0403/Sections/0403.413.html","","","","fl-littering","false","false","false",""
"scope","403.413","(6)(b)","Fla. Stat. § 403.413(6)(b)","Florida Litter Law","covered","An explicit eligible analyst decision covers this cited scope; it does not establish unenumerated offenses.","official_current_cache","2026-09-18T15:33:33.108Z","e777e643a98637b909a7a82e1e0fd6a42935addcb8817ba04ea9bd81e0e6e702","https://www.leg.state.fl.us/statutes/index.cfm?App_mode=Display_Statute&URL=0400-0499/0403/Sections/0403.413.html","fl-fs-403-413-6-b-florida-litter-law","fl-fs-403-413-6-b-florida-litter-law","eligible","","false","false","false",""
"section","562.12","","Fla. Stat. § 562.12","Beverages sold with improper license, or without license or registration, or held with intent to sell prohibited","partially_covered","One or more cited scopes map to selectable records; no statewide offense denominator or complete branch analysis proves the entire section covered.","official_current_cache","2026-09-18T15:33:37.691Z","a3302039cc0f2923e07ba9090646b44914ee11d704fe2c6185f51cbbbfe4f32b","https://www.leg.state.fl.us/statutes/index.cfm?App_mode=Display_Statute&URL=0500-0599/0562/Sections/0562.12.html","fl-fs-562-12-1-beverages-sold-with-improper-license-or-without-license-or-registration-or-held-with-intent-to-sell-prohibited","fl-fs-562-12-1-beverages-sold-with-improper-license-or-without-license-or-registration-or-held-with-intent-to-sell-prohibited","eligible","fl-alcohol-in-park","false","false","false",""
"scope","562.12","","Fla. Stat. § 562.12","Beverages sold with improper license, or without license or registration, or held with intent to sell prohibited","not_yet_analyzed","This legacy cleanup item has no explicit offense analysis and is not counted as a missing offense.","official_current_cache","2026-09-18T15:33:37.691Z","a3302039cc0f2923e07ba9090646b44914ee11d704fe2c6185f51cbbbfe4f32b","https://www.leg.state.fl.us/statutes/index.cfm?App_mode=Display_Statute&URL=0500-0599/0562/Sections/0562.12.html","","","","fl-alcohol-in-park","false","false","false",""
"scope","562.12","(1)","Fla. Stat. § 562.12(1)","Beverages sold with improper license, or without license or registration, or held with intent to sell prohibited","covered","An explicit eligible analyst decision covers this cited scope; it does not establish unenumerated offenses.","official_current_cache","2026-09-18T15:33:37.691Z","a3302039cc0f2923e07ba9090646b44914ee11d704fe2c6185f51cbbbfe4f32b","https://www.leg.state.fl.us/statutes/index.cfm?App_mode=Display_Statute&URL=0500-0599/0562/Sections/0562.12.html","fl-fs-562-12-1-beverages-sold-with-improper-license-or-without-license-or-registration-or-held-with-intent-to-sell-prohibited","fl-fs-562-12-1-beverages-sold-with-improper-license-or-without-license-or-registration-or-held-with-intent-to-sell-prohibited","eligible","","false","false","false",""
"section","562.111","","Fla. Stat. § 562.111","Possession of alcoholic beverages by persons under age 21 prohibited","partially_covered","One or more cited scopes map to selectable records; no statewide offense denominator or complete branch analysis proves the entire section covered.","official_current_cache","2026-09-18T15:33:35.516Z","b9ec030d7760a85a292dd31158c56277a6cff580b84ab82f5a55001c2b29b051","https://www.leg.state.fl.us/statutes/index.cfm?App_mode=Display_Statute&URL=0500-0599/0562/Sections/0562.111.html","fl-minor-in-possession","fl-section-562.111","duplicate","","false","false","false",""
"scope","562.111","","Fla. Stat. § 562.111","Possession of alcoholic beverages by persons under age 21 prohibited","partially_covered","The reviewed manifest already preserves the exact alias for the under-21 possession offense; the recovered raw text still requires footnote parser repair and no new duplicate row is needed. A duplicate disposition alone does not establish current coverage of this exact cited scope.","official_current_cache","2026-09-18T15:33:35.516Z","b9ec030d7760a85a292dd31158c56277a6cff580b84ab82f5a55001c2b29b051","https://www.leg.state.fl.us/statutes/index.cfm?App_mode=Display_Statute&URL=0500-0599/0562/Sections/0562.111.html","fl-minor-in-possession","fl-section-562.111","duplicate","","true","false","false",""
"section","627.733","","Fla. Stat. § 627.733","Required security","not_yet_analyzed","Official text is cached, but no explicit analysis establishes offense coverage.","official_current_cache","2026-09-18T15:34:13.717Z","5f9dd38aeb0b470d578e2dee920dcac54f40b3012aa1dd973631dd123e6ce7fc","https://www.leg.state.fl.us/statutes/index.cfm?App_mode=Display_Statute&URL=0600-0699/0627/Sections/0627.733.html","","","","","false","false","false",""
"section","683.650","","Fla. Stat. § 683.650","","not_yet_analyzed","Official text is cached, but no explicit analysis establishes offense coverage.","not_cached","","","","","","","fl-mail-fraud","false","false","false",""
"scope","683.650","","Fla. Stat. § 683.650","","not_yet_analyzed","This legacy cleanup item has no explicit offense analysis and is not counted as a missing offense.","not_cached","","","","","","","fl-mail-fraud","false","false","false",""
"section","741.01","","Fla. Stat. § 741.01","County court judge or clerk of the circuit court to issue marriage license; fee","not_yet_analyzed","Official text is cached, but no explicit analysis establishes offense coverage.","official_current_cache","2026-09-18T15:26:25.680Z","2b428a4d75f3cbf44fb5ab12f2bbe05e785a2e0751ca92501e17fcb2f580a9f4","https://www.leg.state.fl.us/statutes/index.cfm?App_mode=Display_Statute&URL=0700-0799/0741/Sections/0741.01.html","","","","","false","false","false",""
"section","741.02","","Fla. Stat. § 741.02","Additional fee","not_yet_analyzed","Official text is cached, but no explicit analysis establishes offense coverage.","official_current_cache","2026-09-18T15:26:25.680Z","892f73067c5578c86482339d0307255106a624418f8c210cb55855e3787a473c","https://www.leg.state.fl.us/statutes/index.cfm?App_mode=Display_Statute&URL=0700-0799/0741/Sections/0741.02.html","","","","","false","false","false",""
"section","741.03","","Fla. Stat. § 741.03","County court judge or clerk of the circuit court not to send out marriage license signed in blank","not_yet_analyzed","Official text is cached, but no explicit analysis establishes offense coverage.","official_current_cache","2026-09-18T15:26:25.680Z","56927ad00bcba804f84fd35578e5644d3cfbfc0949585e2e3fb615f8e42cc96e","https://www.leg.state.fl.us/statutes/index.cfm?App_mode=Display_Statute&URL=0700-0799/0741/Sections/0741.03.html","","","","","false","false","false",""
"section","741.04","","Fla. Stat. § 741.04","Issuance of marriage license","not_yet_analyzed","Official text is cached, but no explicit analysis establishes offense coverage.","official_current_cache","2026-09-18T15:26:25.680Z","6fed652a2f029716bf3c4e0fa8f53ae4c449b1636c1437d795d583b76c22040e","https://www.leg.state.fl.us/statutes/index.cfm?App_mode=Display_Statute&URL=0700-0799/0741/Sections/0741.04.html","","","","","false","false","false",""
"section","741.05","","Fla. Stat. § 741.05","Penalty for violation of s. 741.03 or s. 741.04(2)","not_yet_analyzed","Official text is cached, but no explicit analysis establishes offense coverage.","official_current_cache","2026-09-18T15:26:25.680Z","d6ce8721fc91f83efa9f18e310595204b47c98e50d8eed94681e27f56f9536e1","https://www.leg.state.fl.us/statutes/index.cfm?App_mode=Display_Statute&URL=0700-0799/0741/Sections/0741.05.html","","","","","false","false","false",""
"section","741.07","","Fla. Stat. § 741.07","Persons authorized to solemnize matrimony","not_yet_analyzed","Official text is cached, but no explicit analysis establishes offense coverage.","official_current_cache","2026-09-18T15:26:25.680Z","c4aa1f92bff94b9cbe657152e2ae26c9e005e7d545d7d2494d4a7cf6eee0e378","https://www.leg.state.fl.us/statutes/index.cfm?App_mode=Display_Statute&URL=0700-0799/0741/Sections/0741.07.html","","","","","false","false","false",""
"section","741.08","","Fla. Stat. § 741.08","Marriage not to be solemnized without a license","not_yet_analyzed","Official text is cached, but no explicit analysis establishes offense coverage.","official_current_cache","2026-09-18T15:26:25.680Z","6acf093c20c63d3fd1899ea8ddfac7e521dacfe8132234e632bde92870f15491","https://www.leg.state.fl.us/statutes/index.cfm?App_mode=Display_Statute&URL=0700-0799/0741/Sections/0741.08.html","","","","","false","false","false",""
"section","741.09","","Fla. Stat. § 741.09","Record of license and certificate","not_yet_analyzed","Official text is cached, but no explicit analysis establishes offense coverage.","official_current_cache","2026-09-18T15:26:25.680Z","c5a6214ed3c0dcf4ee219a7a962fd8aac16cbb90cf81f4843b068195b0c68f8c","https://www.leg.state.fl.us/statutes/index.cfm?App_mode=Display_Statute&URL=0700-0799/0741/Sections/0741.09.html","","","","","false","false","false",""
"section","741.10","","Fla. Stat. § 741.10","Proof of marriage where no certificate available","not_yet_analyzed","Official text is cached, but no explicit analysis establishes offense coverage.","official_current_cache","2026-09-18T15:26:25.680Z","5d56e41f5d38bdaff9b2e402df6c1a2f2eee161b5c44c8f6f1a5b2aab91d879e","https://www.leg.state.fl.us/statutes/index.cfm?App_mode=Display_Statute&URL=0700-0799/0741/Sections/0741.10.html","","","","","false","false","false",""
"section","741.011","","Fla. Stat. § 741.011","Installment payments","not_yet_analyzed","Official text is cached, but no explicit analysis establishes offense coverage.","official_current_cache","2026-09-18T15:26:25.680Z","1e0010f7bd179b640b66d6c73dda69b00b19397c19c8dce35b9d5a867b116259","https://www.leg.state.fl.us/statutes/index.cfm?App_mode=Display_Statute&URL=0700-0799/0741/Sections/0741.011.html","","","","","false","false","false",""
"section","741.21","","Fla. Stat. § 741.21","Incestuous marriages prohibited","not_yet_analyzed","Official text is cached, but no explicit analysis establishes offense coverage.","official_current_cache","2026-09-18T15:26:25.680Z","8ddba93a80a732cc0bfc889791f3db3f23b1f05be0e0cfc3625b2b78bffebdb2","https://www.leg.state.fl.us/statutes/index.cfm?App_mode=Display_Statute&URL=0700-0799/0741/Sections/0741.21.html","","","","","false","false","false",""
"section","741.23","","Fla. Stat. § 741.23","Husband not liable for wife’s torts","not_yet_analyzed","Official text is cached, but no explicit analysis establishes offense coverage.","official_current_cache","2026-09-18T15:26:25.680Z","3518d11f34e18afe0ecfd367bb75871253791225fd8ec77a6f84d9b99ef27554","https://www.leg.state.fl.us/statutes/index.cfm?App_mode=Display_Statute&URL=0700-0799/0741/Sections/0741.23.html","","","","","false","false","false",""
"section","741.24","","Fla. Stat. § 741.24","Civil action against parents; willful destruction or theft of property by minor","not_yet_analyzed","Official text is cached, but no explicit analysis establishes offense coverage.","official_current_cache","2026-09-18T15:26:25.680Z","93f2061dda9e8eca59ccf93bdee1713b0e245568c95ea06475d34d6e5f005f79","https://www.leg.state.fl.us/statutes/index.cfm?App_mode=Display_Statute&URL=0700-0799/0741/Sections/0741.24.html","","","","","false","false","false",""
"section","741.28","","Fla. Stat. § 741.28","Domestic violence; definitions","not_yet_analyzed","Official text is cached, but no explicit analysis establishes offense coverage.","official_current_cache","2026-09-18T15:26:25.680Z","87e7db2f9f273213b291f45ebad6ccfebba3b779a25aedc50024bcd1dfd5f5a6","https://www.leg.state.fl.us/statutes/index.cfm?App_mode=Display_Statute&URL=0700-0799/0741/Sections/0741.28.html","","","","","false","false","false",""
"section","741.29","","Fla. Stat. § 741.29","Domestic violence; investigation of incidents; notice to victims of legal rights and remedies; reporting","not_yet_analyzed","Official text is cached, but no explicit analysis establishes offense coverage.","official_current_cache","2026-09-18T15:26:25.680Z","cbbd52307833e9287354a087b15e4a1f64ec10c74033b03c5d633d328879fd54","https://www.leg.state.fl.us/statutes/index.cfm?App_mode=Display_Statute&URL=0700-0799/0741/Sections/0741.29.html","","","","","false","false","false",""
"section","741.30","","Fla. Stat. § 741.30","Domestic violence; injunction; powers and duties of court and clerk; petition; notice and hearing; temporary injunction; issuance of injunction; statewide verification system; enforcement; public records exemption","not_yet_analyzed","Official text is cached, but no explicit analysis establishes offense coverage.","official_current_cache","2026-09-18T15:26:25.680Z","6172a1f323138c9830739c30af5a74bfede5570ec9b5aba52242e86e986ae7a9","https://www.leg.state.fl.us/statutes/index.cfm?App_mode=Display_Statute&URL=0700-0799/0741/Sections/0741.30.html","","","","","false","false","false",""
"section","741.31","","Fla. Stat. § 741.31","Violation of an injunction for protection against domestic violence","partially_covered","One or more cited scopes map to selectable records; no statewide offense denominator or complete branch analysis proves the entire section covered.","official_current_cache","2026-09-18T15:26:25.680Z","f0433c68106ee239b69af6a51f56ba48ae06cd2cee67d0b92b0245efc3c15cae","https://www.leg.state.fl.us/statutes/index.cfm?App_mode=Display_Statute&URL=0700-0799/0741/Sections/0741.31.html","fl-fs-741-31-4-a-violation-of-an-injunction-for-protection-against-domestic-violence","fl-fs-741-31-4-a-violation-of-an-injunction-for-protection-against-domestic-violence","eligible","fl-protective-order-violation","false","false","false",""
"scope","741.31","","Fla. Stat. § 741.31","Violation of an injunction for protection against domestic violence","not_yet_analyzed","This legacy cleanup item has no explicit offense analysis and is not counted as a missing offense.","official_current_cache","2026-09-18T15:26:25.680Z","f0433c68106ee239b69af6a51f56ba48ae06cd2cee67d0b92b0245efc3c15cae","https://www.leg.state.fl.us/statutes/index.cfm?App_mode=Display_Statute&URL=0700-0799/0741/Sections/0741.31.html","","","","fl-protective-order-violation","false","false","false",""
"scope","741.31","(4)(a)","Fla. Stat. § 741.31(4)(a)","Violation of an injunction for protection against domestic violence","covered","An explicit eligible analyst decision covers this cited scope; it does not establish unenumerated offenses.","official_current_cache","2026-09-18T15:26:25.680Z","f0433c68106ee239b69af6a51f56ba48ae06cd2cee67d0b92b0245efc3c15cae","https://www.leg.state.fl.us/statutes/index.cfm?App_mode=Display_Statute&URL=0700-0799/0741/Sections/0741.31.html","fl-fs-741-31-4-a-violation-of-an-injunction-for-protection-against-domestic-violence","fl-fs-741-31-4-a-violation-of-an-injunction-for-protection-against-domestic-violence","eligible","","false","false","false",""
"section","741.32","","Fla. Stat. § 741.32","Batterers’ intervention programs","not_yet_analyzed","Official text is cached, but no explicit analysis establishes offense coverage.","official_current_cache","2026-09-18T15:26:25.680Z","09c185efdaae1c55cf6b67263d6fc4aa9182e2d7485ec915687e034dc94fa5ef","https://www.leg.state.fl.us/statutes/index.cfm?App_mode=Display_Statute&URL=0700-0799/0741/Sections/0741.32.html","","","","","false","false","false",""
"section","741.041","","Fla. Stat. § 741.041","Marriage license application valid for 60 days","not_yet_analyzed","Official text is cached, but no explicit analysis establishes offense coverage.","official_current_cache","2026-09-18T15:26:25.680Z","78f9422555421f35253a301bdcc2d479a1b8b60b9a121ee5a3c172f18d49101e","https://www.leg.state.fl.us/statutes/index.cfm?App_mode=Display_Statute&URL=0700-0799/0741/Sections/0741.041.html","","","","","false","false","false",""
"section","741.211","","Fla. Stat. § 741.211","Common-law marriages void","not_yet_analyzed","Official text is cached, but no explicit analysis establishes offense coverage.","official_current_cache","2026-09-18T15:26:25.680Z","ca8c8ca158a4051c3505b264b3426d12de18ce6d23ce9e37c8b1693f5646f843","https://www.leg.state.fl.us/statutes/index.cfm?App_mode=Display_Statute&URL=0700-0799/0741/Sections/0741.211.html","","","","","false","false","false",""
"section","741.212","","Fla. Stat. § 741.212","Marriages between persons of the same sex","not_yet_analyzed","Official text is cached, but no explicit analysis establishes offense coverage.","official_current_cache","2026-09-18T15:26:25.680Z","0a47a0b7758119a27b6c3b77053c085e3c03ace30ec2ae40ce14eb89573a9e9b","https://www.leg.state.fl.us/statutes/index.cfm?App_mode=Display_Statute&URL=0700-0799/0741/Sections/0741.212.html","","","","","false","false","false",""
"section","741.235","","Fla. Stat. § 741.235","Doctrine of interspousal tort immunity abrogated","not_yet_analyzed","Official text is cached, but no explicit analysis establishes offense coverage.","official_current_cache","2026-09-18T15:26:25.680Z","f5fd0363899eb5bb21602b525dd21232514dc541ed15814706f63db66b30df41","https://www.leg.state.fl.us/statutes/index.cfm?App_mode=Display_Statute&URL=0700-0799/0741/Sections/0741.235.html","","","","","false","false","false",""
"section","741.281","","Fla. Stat. § 741.281","Court to order batterers’ intervention program attendance","not_yet_analyzed","Official text is cached, but no explicit analysis establishes offense coverage.","official_current_cache","2026-09-18T15:26:25.680Z","c3b3197207761ec28f184bb2089d098418e2060da937bb4bd20becc10bf3ddd2","https://www.leg.state.fl.us/statutes/index.cfm?App_mode=Display_Statute&URL=0700-0799/0741/Sections/0741.281.html","","","","","false","false","false",""
"section","741.283","","Fla. Stat. § 741.283","Minimum term of imprisonment for domestic violence","not_yet_analyzed","Official text is cached, but no explicit analysis establishes offense coverage.","official_current_cache","2026-09-18T15:26:25.680Z","f814350e1a3edda2342d128ed32d3f5cc5638bd1b4c1486d954a06914a738e3a","https://www.leg.state.fl.us/statutes/index.cfm?App_mode=Display_Statute&URL=0700-0799/0741/Sections/0741.283.html","","","","","false","false","false",""
"section","741.0305","","Fla. Stat. § 741.0305","Marriage fee reduction for completion of premarital preparation course","not_yet_analyzed","Official text is cached, but no explicit analysis establishes offense coverage.","official_current_cache","2026-09-18T15:26:25.680Z","5c88c716b7e28ee624644c0233d2fc23bc018dc266966e1e4de7860f228ae2fd","https://www.leg.state.fl.us/statutes/index.cfm?App_mode=Display_Statute&URL=0700-0799/0741/Sections/0741.0305.html","","","","","false","false","false",""
"section","741.0306","","Fla. Stat. § 741.0306","Creation of a family law handbook","not_yet_analyzed","Official text is cached, but no explicit analysis establishes offense coverage.","official_current_cache","2026-09-18T15:26:25.680Z","e2b3e4a36b74f301a6ad36a10adb36f495a2ca5da2504ae25a0d39ff972676e2","https://www.leg.state.fl.us/statutes/index.cfm?App_mode=Display_Statute&URL=0700-0799/0741/Sections/0741.0306.html","","","","","false","false","false",""
"section","741.311","","Fla. Stat. § 741.311","Hope Card Program for persons issued orders of protection","not_yet_analyzed","Official text is cached, but no explicit analysis establishes offense coverage.","official_current_cache","2026-09-18T15:26:25.680Z","fefc6737dbbfa5e0d74f4709a5fb9ce6690ed16107c369b20bd42657b902b227","https://www.leg.state.fl.us/statutes/index.cfm?App_mode=Display_Statute&URL=0700-0799/0741/Sections/0741.311.html","","","","","false","false","false",""
"section","741.313","","Fla. Stat. § 741.313","Unlawful action against employees seeking protection","not_yet_analyzed","Official text is cached, but no explicit analysis establishes offense coverage.","official_current_cache","2026-09-18T15:26:25.680Z","c4d23744aad001db97b1e3f783ee6edec87967c6bd05d284607c9117206b5ef8","https://www.leg.state.fl.us/statutes/index.cfm?App_mode=Display_Statute&URL=0700-0799/0741/Sections/0741.313.html","","","","","false","false","false",""
"section","741.315","","Fla. Stat. § 741.315","Recognition of foreign protection orders","not_yet_analyzed","Official text is cached, but no explicit analysis establishes offense coverage.","official_current_cache","2026-09-18T15:26:25.680Z","2625ce28385057cadc189bcd552d39251d0c024ab3c757f4f70cac8fa90a51de","https://www.leg.state.fl.us/statutes/index.cfm?App_mode=Display_Statute&URL=0700-0799/0741/Sections/0741.315.html","","","","","false","false","false",""
"section","741.316","","Fla. Stat. § 741.316","Domestic violence fatality review teams; definition; membership; duties","not_yet_analyzed","Official text is cached, but no explicit analysis establishes offense coverage.","official_current_cache","2026-09-18T15:26:25.680Z","a4cccfa2bf0f4ca44e5d2f9af20bd6dcbb62bc6c8af6ec3586da1736ec2364ee","https://www.leg.state.fl.us/statutes/index.cfm?App_mode=Display_Statute&URL=0700-0799/0741/Sections/0741.316.html","","","","","false","false","false",""
"section","741.325","","Fla. Stat. § 741.325","Requirements for batterers’ intervention programs","not_yet_analyzed","Official text is cached, but no explicit analysis establishes offense coverage.","official_current_cache","2026-09-18T15:26:25.680Z","304f59c86130d1cd2162a1ad62c53106775898825c1602feb74bbc69e009288b","https://www.leg.state.fl.us/statutes/index.cfm?App_mode=Display_Statute&URL=0700-0799/0741/Sections/0741.325.html","","","","","false","false","false",""
"section","741.327","","Fla. Stat. § 741.327","Certification and monitoring of batterers’ intervention programs; rules","not_yet_analyzed","Official text is cached, but no explicit analysis establishes offense coverage.","official_current_cache","2026-09-18T15:26:25.680Z","0a319f1d496854b5a30e1e5af58de588fc7695231db65d8a9f5811129c03688e","https://www.leg.state.fl.us/statutes/index.cfm?App_mode=Display_Statute&URL=0700-0799/0741/Sections/0741.327.html","","","","","false","false","false",""
"section","741.401","","Fla. Stat. § 741.401","Legislative findings; purpose","not_yet_analyzed","Official text is cached, but no explicit analysis establishes offense coverage.","official_current_cache","2026-09-18T15:26:25.680Z","c40bca2e0fa16253773087ebeeab0d953a041b211ad963eef5d4f0aea1d88dfe","https://www.leg.state.fl.us/statutes/index.cfm?App_mode=Display_Statute&URL=0700-0799/0741/Sections/0741.401.html","","","","","false","false","false",""
"section","741.402","","Fla. Stat. § 741.402","Definitions; ss. 741.401-741.409","not_yet_analyzed","Official text is cached, but no explicit analysis establishes offense coverage.","official_current_cache","2026-09-18T15:26:25.680Z","21d6dbcf42a00178bdbbfa3c6ed31f50c851ded218ad1d05c9bec5ce92e07846","https://www.leg.state.fl.us/statutes/index.cfm?App_mode=Display_Statute&URL=0700-0799/0741/Sections/0741.402.html","","","","","false","false","false",""
"section","741.403","","Fla. Stat. § 741.403","Address confidentiality program; application; certification","not_yet_analyzed","Official text is cached, but no explicit analysis establishes offense coverage.","official_current_cache","2026-09-18T15:26:25.680Z","9dedb0c9812a90f29f2cb13480f3e82494143df0173d166db727396e085ba074","https://www.leg.state.fl.us/statutes/index.cfm?App_mode=Display_Statute&URL=0700-0799/0741/Sections/0741.403.html","","","","","false","false","false",""
"section","741.404","","Fla. Stat. § 741.404","Certification cancellation","not_yet_analyzed","Official text is cached, but no explicit analysis establishes offense coverage.","official_current_cache","2026-09-18T15:26:25.680Z","0206c5220a81e7f910e7205c14182abfb9956fa9b54b847a583772ca0cb7d5e5","https://www.leg.state.fl.us/statutes/index.cfm?App_mode=Display_Statute&URL=0700-0799/0741/Sections/0741.404.html","","","","","false","false","false",""
"section","741.405","","Fla. Stat. § 741.405","Agency use of designated address","not_yet_analyzed","Official text is cached, but no explicit analysis establishes offense coverage.","official_current_cache","2026-09-18T15:26:25.680Z","fae018dae7756ee578a34e2bcda3409dd94fb81ee3f1d878169c9f67598e5e55","https://www.leg.state.fl.us/statutes/index.cfm?App_mode=Display_Statute&URL=0700-0799/0741/Sections/0741.405.html","","","","","false","false","false",""
"section","741.406","","Fla. Stat. § 741.406","Voting by program participant; use of designated address by supervisor of elections","not_yet_analyzed","Official text is cached, but no explicit analysis establishes offense coverage.","official_current_cache","2026-09-18T15:26:25.680Z","a176a5529d882c967c50bd4c501df0f84b589b876b46cf93c575a24a45f47894","https://www.leg.state.fl.us/statutes/index.cfm?App_mode=Display_Statute&URL=0700-0799/0741/Sections/0741.406.html","","","","","false","false","false",""
"section","741.408","","Fla. Stat. § 741.408","Assistance for program applicants","not_yet_analyzed","Official text is cached, but no explicit analysis establishes offense coverage.","official_current_cache","2026-09-18T15:26:25.680Z","77bdb936404ec6039b7298a587e772fb7fc15c23dfe4c3398656fda17fa729a0","https://www.leg.state.fl.us/statutes/index.cfm?App_mode=Display_Statute&URL=0700-0799/0741/Sections/0741.408.html","","","","","false","false","false",""
"section","741.409","","Fla. Stat. § 741.409","Adoption of rules","not_yet_analyzed","Official text is cached, but no explicit analysis establishes offense coverage.","official_current_cache","2026-09-18T15:26:25.680Z","3dddc3c7642289409021fd4ebd2d567f1bb5f1bd2e1ae70224fe697f58e5ef90","https://www.leg.state.fl.us/statutes/index.cfm?App_mode=Display_Statute&URL=0700-0799/0741/Sections/0741.409.html","","","","","false","false","false",""
"section","741.465","","Fla. Stat. § 741.465","Public records exemption for the Address Confidentiality Program for Victims of Domestic and Dating Violence","not_yet_analyzed","Official text is cached, but no explicit analysis establishes offense coverage.","official_current_cache","2026-09-18T15:26:25.680Z","3e26d7bef01fe8e171c2e4ba5ac144091e54c074d64be67ef1c6a30619c9029d","https://www.leg.state.fl.us/statutes/index.cfm?App_mode=Display_Statute&URL=0700-0799/0741/Sections/0741.465.html","","","","","false","false","false",""
"section","741.2801","","Fla. Stat. § 741.2801","Domestic violence; enhanced penalties","not_yet_analyzed","Official text is cached, but no explicit analysis establishes offense coverage.","official_current_cache","2026-09-18T15:26:25.680Z","bbfc1ef4d95f6a8c8fe64a2976b81d4768b4d7f92c5b4566c5dfc9cdbe3c7f4d","https://www.leg.state.fl.us/statutes/index.cfm?App_mode=Display_Statute&URL=0700-0799/0741/Sections/0741.2801.html","","","","","false","false","false",""
"section","741.2901","","Fla. Stat. § 741.2901","Domestic violence cases; prosecutors; legislative intent; investigation; duty of circuits; first appearance","not_yet_analyzed","Official text is cached, but no explicit analysis establishes offense coverage.","official_current_cache","2026-09-18T15:26:25.680Z","14e2a7ab870d5cc68d9b74369943667a03bac668f6bd4d5f0550e09afc941de3","https://www.leg.state.fl.us/statutes/index.cfm?App_mode=Display_Statute&URL=0700-0799/0741/Sections/0741.2901.html","","","","","false","false","false",""
"section","741.2902","","Fla. Stat. § 741.2902","Domestic violence; legislative intent with respect to judiciary’s role","not_yet_analyzed","Official text is cached, but no explicit analysis establishes offense coverage.","official_current_cache","2026-09-18T15:26:25.680Z","4eb2e26a41515d1c8c84932eefeb2f0b85c7534e9cc0a47d09d1a72463626b35","https://www.leg.state.fl.us/statutes/index.cfm?App_mode=Display_Statute&URL=0700-0799/0741/Sections/0741.2902.html","","","","","false","false","false",""
"section","741.2905","","Fla. Stat. § 741.2905","Domestic Violence and Violation of Protective Injunction Electronic Monitoring Pilot Program","not_yet_analyzed","Official text is cached, but no explicit analysis establishes offense coverage.","official_current_cache","2026-09-18T15:26:25.680Z","f61326957e1f8c56a462577d5d306076c0f93475e1efc18982c8a7ba4b982f7b","https://www.leg.state.fl.us/statutes/index.cfm?App_mode=Display_Statute&URL=0700-0799/0741/Sections/0741.2905.html","","","","","false","false","false",""
"section","741.2906","","Fla. Stat. § 741.2906","Felony Domestic Violence and Violation of Protective Injunction Electronic Monitoring Pilot Program","not_yet_analyzed","Official text is cached, but no explicit analysis establishes offense coverage.","official_current_cache","2026-09-18T15:26:25.680Z","0c5c2eea9aebcb36ad8f052671d572c66c69bc3df277f346e83624ac8cfdeeb5","https://www.leg.state.fl.us/statutes/index.cfm?App_mode=Display_Statute&URL=0700-0799/0741/Sections/0741.2906.html","","","","","false","false","false",""
"section","741.3165","","Fla. Stat. § 741.3165","Certain information exempt from disclosure","not_yet_analyzed","Official text is cached, but no explicit analysis establishes offense coverage.","official_current_cache","2026-09-18T15:26:25.680Z","1cd1007be90ec05d9c966482cd4ca2fcb85c6211b6336aab3d6588f0270ca5bc","https://www.leg.state.fl.us/statutes/index.cfm?App_mode=Display_Statute&URL=0700-0799/0741/Sections/0741.3165.html","","","","","false","false","false",""
"section","741.4651","","Fla. Stat. § 741.4651","Public records exemption; victims of stalking or aggravated stalking","not_yet_analyzed","Official text is cached, but no explicit analysis establishes offense coverage.","official_current_cache","2026-09-18T15:26:25.680Z","ba97e28335f89f71c176f414e10fb7365ce15fadf3d902fa4d6dd198ecbc2ec3","https://www.leg.state.fl.us/statutes/index.cfm?App_mode=Display_Statute&URL=0700-0799/0741/Sections/0741.4651.html","","","","","false","false","false",""
"section","767.01","","Fla. Stat. § 767.01","Dog owner’s liability for damages to persons, domestic animals, or livestock","blocked","The section has analysis decisions, but no scope in this section is a current runtime selection.","official_current_cache","2026-09-18T15:26:26.271Z","20f983d3e5a55899060ee6ee824d0017dd89c1c9071e49e342060fe7f7b8163a","https://www.leg.state.fl.us/statutes/index.cfm?App_mode=Display_Statute&URL=0700-0799/0767/Sections/0767.01.html","","fl-section-767.01","held","fl-animal-at-large","false","false","false",""
"scope","767.01","","Fla. Stat. § 767.01","Dog owner’s liability for damages to persons, domestic animals, or livestock","blocked","The current section imposes dog-owner liability for damages but contains no ordinary adult criminal guilt clause or criminal grade.","official_current_cache","2026-09-18T15:26:26.271Z","20f983d3e5a55899060ee6ee824d0017dd89c1c9071e49e342060fe7f7b8163a","https://www.leg.state.fl.us/statutes/index.cfm?App_mode=Display_Statute&URL=0700-0799/0767/Sections/0767.01.html","","fl-section-767.01","held","fl-animal-at-large","false","false","false",""
"section","767.02","","Fla. Stat. § 767.02","Sheep-killing dogs not to roam about","not_yet_analyzed","Official text is cached, but no explicit analysis establishes offense coverage.","official_current_cache","2026-09-18T15:26:26.271Z","a32e4f58c7ad8c5cade375af8f47c1774a687e4a60f55b3245f84d88367ef1a0","https://www.leg.state.fl.us/statutes/index.cfm?App_mode=Display_Statute&URL=0700-0799/0767/Sections/0767.02.html","","","","","false","false","false",""
"section","767.03","","Fla. Stat. § 767.03","Good defense for killing dog","not_yet_analyzed","Official text is cached, but no explicit analysis establishes offense coverage.","official_current_cache","2026-09-18T15:26:26.271Z","b64ffd4e96878fe7e93a5fc86e9d87a866e429598185f5dee1067a04d8f3d073","https://www.leg.state.fl.us/statutes/index.cfm?App_mode=Display_Statute&URL=0700-0799/0767/Sections/0767.03.html","","","","","false","false","false",""
"section","767.04","","Fla. Stat. § 767.04","Dog owner’s liability for damages to persons bitten","not_yet_analyzed","Official text is cached, but no explicit analysis establishes offense coverage.","official_current_cache","2026-09-18T15:26:26.271Z","f978690af8c0142ea9146ad7069e71bafdc59f4da3be5128d9c782fd5f30da45","https://www.leg.state.fl.us/statutes/index.cfm?App_mode=Display_Statute&URL=0700-0799/0767/Sections/0767.04.html","","","","","false","false","false",""
"section","767.05","","Fla. Stat. § 767.05","Owner’s liability for damages by dog to dairy cattle","not_yet_analyzed","Official text is cached, but no explicit analysis establishes offense coverage.","official_current_cache","2026-09-18T15:26:26.271Z","41f1f778ab5c7786a43f5281aa32c76a6cfab11245a802e500c03e5d0703462d","https://www.leg.state.fl.us/statutes/index.cfm?App_mode=Display_Statute&URL=0700-0799/0767/Sections/0767.05.html","","","","","false","false","false",""
"section","767.07","","Fla. Stat. § 767.07","Interpretation","not_yet_analyzed","Official text is cached, but no explicit analysis establishes offense coverage.","official_current_cache","2026-09-18T15:26:26.271Z","2420f45c6ed0e232cf18a8a65c0dc0fc15550ad596ad92f96c59e63e0449e76c","https://www.leg.state.fl.us/statutes/index.cfm?App_mode=Display_Statute&URL=0700-0799/0767/Sections/0767.07.html","","","","","false","false","false",""
"section","767.10","","Fla. Stat. § 767.10","Legislative findings","not_yet_analyzed","Official text is cached, but no explicit analysis establishes offense coverage.","official_current_cache","2026-09-18T15:26:26.271Z","fa2ed9f71689d461e1a7732635e9a5c0b247b419add85390cdf124341416722a","https://www.leg.state.fl.us/statutes/index.cfm?App_mode=Display_Statute&URL=0700-0799/0767/Sections/0767.10.html","","","","","false","false","false",""
"section","767.11","","Fla. Stat. § 767.11","Definitions","not_yet_analyzed","Official text is cached, but no explicit analysis establishes offense coverage.","official_current_cache","2026-09-18T15:26:26.271Z","e06652c8f339c939431dfdb623953b0de7e87499d898dc35717dee8837b73271","https://www.leg.state.fl.us/statutes/index.cfm?App_mode=Display_Statute&URL=0700-0799/0767/Sections/0767.11.html","","","","","false","false","false",""
"section","767.12","","Fla. Stat. § 767.12","Classification of dogs as dangerous; owner requirements; penalty","not_yet_analyzed","Official text is cached, but no explicit analysis establishes offense coverage.","official_current_cache","2026-09-18T15:26:26.271Z","1c4b825e70d646d232c752d3e4b642064587f83c02a6782a3c3e2131c03afe51","https://www.leg.state.fl.us/statutes/index.cfm?App_mode=Display_Statute&URL=0700-0799/0767/Sections/0767.12.html","","","","","false","false","false",""
"section","767.13","","Fla. Stat. § 767.13","Attack or bite by dangerous dog; penalties; confiscation; destruction","not_yet_analyzed","Official text is cached, but no explicit analysis establishes offense coverage.","official_current_cache","2026-09-18T15:26:26.271Z","92e276718c25bb24f19db2a7edbb20e0dee93bb2602f9a4e1f28002b76c31d3e","https://www.leg.state.fl.us/statutes/index.cfm?App_mode=Display_Statute&URL=0700-0799/0767/Sections/0767.13.html","","","","","false","false","false",""
"section","767.14","","Fla. Stat. § 767.14","Additional local restrictions authorized","not_yet_analyzed","Official text is cached, but no explicit analysis establishes offense coverage.","official_current_cache","2026-09-18T15:26:26.271Z","9e175b0802851aedd9340ec70b3e4cd171ce7be6cd05af913437befeb2df1900","https://www.leg.state.fl.us/statutes/index.cfm?App_mode=Display_Statute&URL=0700-0799/0767/Sections/0767.14.html","","","","","false","false","false",""
"section","767.15","","Fla. Stat. § 767.15","Other provisions of chapter 767 not superseded","not_yet_analyzed","Official text is cached, but no explicit analysis establishes offense coverage.","official_current_cache","2026-09-18T15:26:26.271Z","7177f5a751118b3d0e22d48171e8bc82c3bf07e2edc74149de7989aa089cbef4","https://www.leg.state.fl.us/statutes/index.cfm?App_mode=Display_Statute&URL=0700-0799/0767/Sections/0767.15.html","","","","","false","false","false",""
"section","767.16","","Fla. Stat. § 767.16","Police canine or service dog; exemption","not_yet_analyzed","Official text is cached, but no explicit analysis establishes offense coverage.","official_current_cache","2026-09-18T15:26:26.271Z","2f04e24a9686c711200dddb6d4e578318a3c6a446c88bbc3fa4603d969c60318","https://www.leg.state.fl.us/statutes/index.cfm?App_mode=Display_Statute&URL=0700-0799/0767/Sections/0767.16.html","","","","","false","false","false",""
"section","767.135","","Fla. Stat. § 767.135","Attack or bite by unclassified dog that causes death; confiscation; destruction","not_yet_analyzed","Official text is cached, but no explicit analysis establishes offense coverage.","official_current_cache","2026-09-18T15:26:26.271Z","bdabbc787f5e2cacdfa48e64344f15417021e3d7facbdaeee8e2d0f4c57909b4","https://www.leg.state.fl.us/statutes/index.cfm?App_mode=Display_Statute&URL=0700-0799/0767/Sections/0767.135.html","","","","","false","false","false",""
"section","767.136","","Fla. Stat. § 767.136","Attack or bite by unclassified dog that causes severe injury or death; penalties","not_yet_analyzed","Official text is cached, but no explicit analysis establishes offense coverage.","official_current_cache","2026-09-18T15:26:26.271Z","6dce3cac7a80c6601ad36ea82686347319182d99b5532e645ff5ea0ce0cf16ee","https://www.leg.state.fl.us/statutes/index.cfm?App_mode=Display_Statute&URL=0700-0799/0767/Sections/0767.136.html","","","","","false","false","false",""
"section","775.01","","Fla. Stat. § 775.01","Common law of England","not_yet_analyzed","Official text is cached, but no explicit analysis establishes offense coverage.","official_current_cache","2026-09-18T15:26:27.111Z","d25cc03bc90548ff6996d70b50e6f3b57caf487e0cb006b79d355ed6475ec8cc","https://www.leg.state.fl.us/statutes/index.cfm?App_mode=Display_Statute&URL=0700-0799/0775/Sections/0775.01.html","","","","","false","false","false",""
"section","775.02","","Fla. Stat. § 775.02","Punishment of common-law offenses","not_yet_analyzed","Official text is cached, but no explicit analysis establishes offense coverage.","official_current_cache","2026-09-18T15:26:27.111Z","aeab2b72db88d3722d81d435575f90d87aebf04a16be30491800f5f5ce370ea7","https://www.leg.state.fl.us/statutes/index.cfm?App_mode=Display_Statute&URL=0700-0799/0775/Sections/0775.02.html","","","","","false","false","false",""
"section","775.03","","Fla. Stat. § 775.03","Benefit of clergy","not_yet_analyzed","Official text is cached, but no explicit analysis establishes offense coverage.","official_current_cache","2026-09-18T15:26:27.111Z","ed079c5907a7d701f78b4a467b4638d64d95eb2582a23aadb3385f2f9f9ec614","https://www.leg.state.fl.us/statutes/index.cfm?App_mode=Display_Statute&URL=0700-0799/0775/Sections/0775.03.html","","","","","false","false","false",""
"section","775.04","","Fla. Stat. § 775.04","What penal acts or omissions not public offenses","not_yet_analyzed","Official text is cached, but no explicit analysis establishes offense coverage.","official_current_cache","2026-09-18T15:26:27.111Z","ac4259aec7fe8714d5636a04129679f4a9c29376d71b100428ab7cb00a7a02c3","https://www.leg.state.fl.us/statutes/index.cfm?App_mode=Display_Statute&URL=0700-0799/0775/Sections/0775.04.html","","","","","false","false","false",""
"section","775.08","","Fla. Stat. § 775.08","Classes and definitions of offenses","not_yet_analyzed","Official text is cached, but no explicit analysis establishes offense coverage.","official_current_cache","2026-09-18T15:26:27.111Z","96a65ca0b053a329b5131dea9d261c044e712261b2d99e3ddeae23a8ee5c6b32","https://www.leg.state.fl.us/statutes/index.cfm?App_mode=Display_Statute&URL=0700-0799/0775/Sections/0775.08.html","","","","","false","false","false",""
"section","775.011","","Fla. Stat. § 775.011","Short title; applicability to antecedent offenses","not_yet_analyzed","Official text is cached, but no explicit analysis establishes offense coverage.","official_current_cache","2026-09-18T15:26:27.111Z","5d8aa26827c2f01b57ba0e339ee18e7e62fe12281764a4533d76980364a8825d","https://www.leg.state.fl.us/statutes/index.cfm?App_mode=Display_Statute&URL=0700-0799/0775/Sections/0775.011.html","","","","","false","false","false",""
"section","775.012","","Fla. Stat. § 775.012","General purposes","not_yet_analyzed","Official text is cached, but no explicit analysis establishes offense coverage.","official_current_cache","2026-09-18T15:26:27.111Z","c0e5ba0c3ff32d213117ffb0291353aed6cda3f071e8abf1a0e64084d4d30bd9","https://www.leg.state.fl.us/statutes/index.cfm?App_mode=Display_Statute&URL=0700-0799/0775/Sections/0775.012.html","","","","","false","false","false",""
"section","775.13","","Fla. Stat. § 775.13","Registration of convicted felons, exemptions; penalties","not_yet_analyzed","Official text is cached, but no explicit analysis establishes offense coverage.","official_current_cache","2026-09-18T15:26:27.111Z","63dbdf005dfc9c1d54d884386873b8f2d660438402c6fa200b6a4760376ff1b1","https://www.leg.state.fl.us/statutes/index.cfm?App_mode=Display_Statute&URL=0700-0799/0775/Sections/0775.13.html","","","","","false","false","false",""
"section","775.14","","Fla. Stat. § 775.14","Limitation on withheld sentences","not_yet_analyzed","Official text is cached, but no explicit analysis establishes offense coverage.","official_current_cache","2026-09-18T15:26:27.111Z","409d35271600f676daa98c76e5c3fee9657488ad93dda43e49a7f350a08fa26a","https://www.leg.state.fl.us/statutes/index.cfm?App_mode=Display_Statute&URL=0700-0799/0775/Sections/0775.14.html","","","","","false","false","false",""
"section","775.15","","Fla. Stat. § 775.15","Time limitations; general time limitations; exceptions","not_yet_analyzed","Official text is cached, but no explicit analysis establishes offense coverage.","official_current_cache","2026-09-18T15:26:27.111Z","07d8dc10f67e852ecf282d4a32d0a6ffec4c29eb3e7afa0f21e780ada7621732","https://www.leg.state.fl.us/statutes/index.cfm?App_mode=Display_Statute&URL=0700-0799/0775/Sections/0775.15.html","","","","","false","false","false",""
"section","775.16","","Fla. Stat. § 775.16","Drug offenses; additional penalties","not_yet_analyzed","Official text is cached, but no explicit analysis establishes offense coverage.","official_current_cache","2026-09-18T15:26:27.111Z","5eb81a20432e3bfbff0c69a97086421530e976e6b1d6bda6b426c265666699f1","https://www.leg.state.fl.us/statutes/index.cfm?App_mode=Display_Statute&URL=0700-0799/0775/Sections/0775.16.html","","","","","false","false","false",""
"section","775.021","","Fla. Stat. § 775.021","Rules of construction","not_yet_analyzed","Official text is cached, but no explicit analysis establishes offense coverage.","official_current_cache","2026-09-18T15:26:27.111Z","2a605d893dc481376f6e9fd2f989ddd2b5647d24c007da514f6d6cf63d8f7f99","https://www.leg.state.fl.us/statutes/index.cfm?App_mode=Display_Statute&URL=0700-0799/0775/Sections/0775.021.html","","","","","false","false","false",""
"section","775.21","","Fla. Stat. § 775.21","The Florida Sexual Predators Act","not_yet_analyzed","Official text is cached, but no explicit analysis establishes offense coverage.","official_current_cache","2026-09-18T15:26:27.111Z","61458f34e5b48aed9c3607e782134d46605ee0c6d43036cd6cd5a4dc9195494b","https://www.leg.state.fl.us/statutes/index.cfm?App_mode=Display_Statute&URL=0700-0799/0775/Sections/0775.21.html","","","","","false","false","false",""
"section","775.022","","Fla. Stat. § 775.022","Effect of reenactment or amendment of criminal statutes; references in criminal statutes","not_yet_analyzed","Official text is cached, but no explicit analysis establishes offense coverage.","official_current_cache","2026-09-18T15:26:27.111Z","57d417a7c4e200cf278e7d19f7503bf4365c4914f8522dcda4be2c702ac8da78","https://www.leg.state.fl.us/statutes/index.cfm?App_mode=Display_Statute&URL=0700-0799/0775/Sections/0775.022.html","","","","","false","false","false",""
"section","775.24","","Fla. Stat. § 775.24","Duty of the court to uphold laws governing sexual predators and sexual offenders","not_yet_analyzed","Official text is cached, but no explicit analysis establishes offense coverage.","official_current_cache","2026-09-18T15:26:27.111Z","a1c2375393b0c48af82bfa554a2f7fa59e1dd12160aec012b0a626ae74f9fa8b","https://www.leg.state.fl.us/statutes/index.cfm?App_mode=Display_Statute&URL=0700-0799/0775/Sections/0775.24.html","","","","","false","false","false",""
"section","775.25","","Fla. Stat. § 775.25","Prosecutions for acts or omissions","not_yet_analyzed","Official text is cached, but no explicit analysis establishes offense coverage.","official_current_cache","2026-09-18T15:26:27.111Z","33f1ebcb5ba58fd5737b336be5df07975b8157a3e1f1d57164cb7ed76e8a08de","https://www.leg.state.fl.us/statutes/index.cfm?App_mode=Display_Statute&URL=0700-0799/0775/Sections/0775.25.html","","","","","false","false","false",""
"section","775.26","","Fla. Stat. § 775.26","Registration of career offenders and public notification; legislative findings and intent","not_yet_analyzed","Official text is cached, but no explicit analysis establishes offense coverage.","official_current_cache","2026-09-18T15:26:27.111Z","61ab6c823122f91279eb355cf8133e0d47ae59536d0bbafd5482e0a9537005de","https://www.leg.state.fl.us/statutes/index.cfm?App_mode=Display_Statute&URL=0700-0799/0775/Sections/0775.26.html","","","","","false","false","false",""
"section","775.027","","Fla. Stat. § 775.027","Insanity defense","not_yet_analyzed","Official text is cached, but no explicit analysis establishes offense coverage.","official_current_cache","2026-09-18T15:26:27.111Z","96cae13f5d527e5c737dc205c49798ce62e153a42c5fc67969811675d89509a7","https://www.leg.state.fl.us/statutes/index.cfm?App_mode=Display_Statute&URL=0700-0799/0775/Sections/0775.027.html","","","","","false","false","false",""
"section","775.30","","Fla. Stat. § 775.30","Terrorism; defined; penalties","not_yet_analyzed","Official text is cached, but no explicit analysis establishes offense coverage.","official_current_cache","2026-09-18T15:26:27.111Z","3a68ed618d1c4e878efe41926cb43968db191c36fa0ce68d88ec1562a5c71564","https://www.leg.state.fl.us/statutes/index.cfm?App_mode=Display_Statute&URL=0700-0799/0775/Sections/0775.30.html","","","","","false","false","false",""
"section","775.31","","Fla. Stat. § 775.31","Facilitating or furthering terrorism; felony or misdemeanor reclassification","not_yet_analyzed","Official text is cached, but no explicit analysis establishes offense coverage.","official_current_cache","2026-09-18T15:26:27.111Z","d113a3fb6da67b93c731884cc546a748e69efad9082abff9e0f2bd324e1933b7","https://www.leg.state.fl.us/statutes/index.cfm?App_mode=Display_Statute&URL=0700-0799/0775/Sections/0775.31.html","","","","","false","false","false",""
"section","775.32","","Fla. Stat. § 775.32","Use of military-type training provided by terrorist organizations","not_yet_analyzed","Official text is cached, but no explicit analysis establishes offense coverage.","official_current_cache","2026-09-18T15:26:27.111Z","a4ec7039f4d9ec16efb2224601169535ba233f4978d9163c23359f42885bf5fb","https://www.leg.state.fl.us/statutes/index.cfm?App_mode=Display_Statute&URL=0700-0799/0775/Sections/0775.32.html","","","","","false","false","false",""
"section","775.33","","Fla. Stat. § 775.33","Providing material support or resources for terrorism or to terrorist organizations","not_yet_analyzed","Official text is cached, but no explicit analysis establishes offense coverage.","official_current_cache","2026-09-18T15:26:27.111Z","68601a282ab7003298ecc9c38a239b2a195f97be5bae110205d14962dc3da801","https://www.leg.state.fl.us/statutes/index.cfm?App_mode=Display_Statute&URL=0700-0799/0775/Sections/0775.33.html","","","","","false","false","false",""
"section","775.34","","Fla. Stat. § 775.34","Membership in terrorist organizations","not_yet_analyzed","Official text is cached, but no explicit analysis establishes offense coverage.","official_current_cache","2026-09-18T15:26:27.111Z","aabe34c52c678805a04855e1caa95ef4524860310e3d265b2a2b6dad464bd5ff","https://www.leg.state.fl.us/statutes/index.cfm?App_mode=Display_Statute&URL=0700-0799/0775/Sections/0775.34.html","","","","","false","false","false",""
"section","775.35","","Fla. Stat. § 775.35","Agroterrorism; penalties","not_yet_analyzed","Official text is cached, but no explicit analysis establishes offense coverage.","official_current_cache","2026-09-18T15:26:27.111Z","fb520b68fd1c5ea59df4619d998bc417bc4e3500e29895a19c814abcbad3a96e","https://www.leg.state.fl.us/statutes/index.cfm?App_mode=Display_Statute&URL=0700-0799/0775/Sections/0775.35.html","","","","","false","false","false",""
"section","775.051","","Fla. Stat. § 775.051","Voluntary intoxication; not a defense; evidence not admissible for certain purposes; exception","not_yet_analyzed","Official text is cached, but no explicit analysis establishes offense coverage.","official_current_cache","2026-09-18T15:26:27.111Z","e044300074375df6597e4ad00a904574920b56fad102f2e4ceef6b2cdbf0a267","https://www.leg.state.fl.us/statutes/index.cfm?App_mode=Display_Statute&URL=0700-0799/0775/Sections/0775.051.html","","","","","false","false","false",""
"section","775.081","","Fla. Stat. § 775.081","Classifications of felonies and misdemeanors","not_yet_analyzed","Official text is cached, but no explicit analysis establishes offense coverage.","official_current_cache","2026-09-18T15:26:27.111Z","6f14837d841dce448c4e0b72b74da7df6cad5c24e1c1dff6f941ca9e66d1d5c1","https://www.leg.state.fl.us/statutes/index.cfm?App_mode=Display_Statute&URL=0700-0799/0775/Sections/0775.081.html","","","","","false","false","false",""
"section","775.082","","Fla. Stat. § 775.082","Penalties; applicability of sentencing structures; mandatory minimum sentences for certain reoffenders previously released from prison","not_yet_analyzed","Official text is cached, but no explicit analysis establishes offense coverage.","official_current_cache","2026-09-18T15:26:27.111Z","ce7d77dd9b8582b3f7e8559aa0784d7798c48dd70f51aff79dbccebe94bedd9c","https://www.leg.state.fl.us/statutes/index.cfm?App_mode=Display_Statute&URL=0700-0799/0775/Sections/0775.082.html","","","","","false","false","false",""
"section","775.083","","Fla. Stat. § 775.083","Fines","not_yet_analyzed","Official text is cached, but no explicit analysis establishes offense coverage.","official_current_cache","2026-09-18T15:26:27.111Z","d4e9a9527ef821de6935f5763bf7ccf7fd6dc0bdc59014b0c9e063611d2768a7","https://www.leg.state.fl.us/statutes/index.cfm?App_mode=Display_Statute&URL=0700-0799/0775/Sections/0775.083.html","","","","","false","false","false",""
"section","775.084","","Fla. Stat. § 775.084","Violent career criminals; habitual felony offenders and habitual violent felony offenders; three-time violent felony offenders; definitions; procedure; enhanced penalties or mandatory minimum prison terms","not_yet_analyzed","Official text is cached, but no explicit analysis establishes offense coverage.","official_current_cache","2026-09-18T15:26:27.111Z","e2f0ef78192f6448f7552357472ee5e402a791da88c7ca3e64cb1424f9c98d53","https://www.leg.state.fl.us/statutes/index.cfm?App_mode=Display_Statute&URL=0700-0799/0775/Sections/0775.084.html","","","","","false","false","false",""
"section","775.085","","Fla. Stat. § 775.085","Evidencing prejudice while committing offense; reclassification","not_yet_analyzed","Official text is cached, but no explicit analysis establishes offense coverage.","official_current_cache","2026-09-18T15:26:27.111Z","b523ed6ec9fb8b663efe96148fe10ff68341b6f3294f61cea58b935d4f6b94b8","https://www.leg.state.fl.us/statutes/index.cfm?App_mode=Display_Statute&URL=0700-0799/0775/Sections/0775.085.html","","","","","false","false","false",""
"section","775.087","","Fla. Stat. § 775.087","Possession or use of weapon; aggravated battery; felony reclassification; minimum sentence","not_yet_analyzed","Official text is cached, but no explicit analysis establishes offense coverage.","official_current_cache","2026-09-18T15:26:27.111Z","cea37b85d8ef3ce0aebe6313923ba4e591d1eca1be2a0af6f822ae633211e5db","https://www.leg.state.fl.us/statutes/index.cfm?App_mode=Display_Statute&URL=0700-0799/0775/Sections/0775.087.html","","","","","false","false","false",""
"section","775.089","","Fla. Stat. § 775.089","Restitution","not_yet_analyzed","Official text is cached, but no explicit analysis establishes offense coverage.","official_current_cache","2026-09-18T15:26:27.111Z","1502b576feeafb5e2bb64f9a2586991b15d495260172a56ac1de6f0a1b78d134","https://www.leg.state.fl.us/statutes/index.cfm?App_mode=Display_Statute&URL=0700-0799/0775/Sections/0775.089.html","","","","","false","false","false",""
"section","775.091","","Fla. Stat. § 775.091","Public service","not_yet_analyzed","Official text is cached, but no explicit analysis establishes offense coverage.","official_current_cache","2026-09-18T15:26:27.111Z","8835b00164ce7fd2ab0b1066c3c6b91f6702e65861b2a07b131715d5f0f0dbae","https://www.leg.state.fl.us/statutes/index.cfm?App_mode=Display_Statute&URL=0700-0799/0775/Sections/0775.091.html","","","","","false","false","false",""
"section","775.215","","Fla. Stat. § 775.215","Residency restriction for persons convicted of certain sex offenses","not_yet_analyzed","Official text is cached, but no explicit analysis establishes offense coverage.","official_current_cache","2026-09-18T15:26:27.111Z","a1289862269b74c5286a5c1f6fdab07df4c9b66502252a2e29b13d405e1adbec","https://www.leg.state.fl.us/statutes/index.cfm?App_mode=Display_Statute&URL=0700-0799/0775/Sections/0775.215.html","","","","","false","false","false",""
"section","775.261","","Fla. Stat. § 775.261","The Florida Career Offender Registration Act","not_yet_analyzed","Official text is cached, but no explicit analysis establishes offense coverage.","official_current_cache","2026-09-18T15:26:27.111Z","c618aa087c85561950d4df531c52bb5c79bd7c348a3ccc9a1845faa8d9620b25","https://www.leg.state.fl.us/statutes/index.cfm?App_mode=Display_Statute&URL=0700-0799/0775/Sections/0775.261.html","","","","","false","false","false",""
"section","775.0823","","Fla. Stat. § 775.0823","Violent offenses committed against specified justice system personnel","not_yet_analyzed","Official text is cached, but no explicit analysis establishes offense coverage.","official_current_cache","2026-09-18T15:26:27.111Z","25aa1a20ec980e069c957710b6a145be360c2a5368a197da2d27dd266c1375dd","https://www.leg.state.fl.us/statutes/index.cfm?App_mode=Display_Statute&URL=0700-0799/0775/Sections/0775.0823.html","","","","","false","false","false",""
"section","775.0824","","Fla. Stat. § 775.0824","Dangerous unauthorized alien offender; legislative intent; definitions; mandatory minimum prison terms","not_yet_analyzed","Official text is cached, but no explicit analysis establishes offense coverage.","official_current_cache","2026-09-18T15:26:27.111Z","6c9646fc27ba6cbbaa6784c84365dadaf6005349db62537a731f8f3dfc934ab1","https://www.leg.state.fl.us/statutes/index.cfm?App_mode=Display_Statute&URL=0700-0799/0775/Sections/0775.0824.html","","","","","false","false","false",""
"section","775.0835","","Fla. Stat. § 775.0835","Fines; surcharges; Crimes Compensation Trust Fund","not_yet_analyzed","Official text is cached, but no explicit analysis establishes offense coverage.","official_current_cache","2026-09-18T15:26:27.111Z","a4229f10fe0ba72689e90b2f245392d61dc152b2d4d17fddb6455d8749923043","https://www.leg.state.fl.us/statutes/index.cfm?App_mode=Display_Statute&URL=0700-0799/0775/Sections/0775.0835.html","","","","","false","false","false",""
"section","775.0837","","Fla. Stat. § 775.0837","Habitual misdemeanor offenders","not_yet_analyzed","Official text is cached, but no explicit analysis establishes offense coverage.","official_current_cache","2026-09-18T15:26:27.111Z","7e8f6a494f66521e48d6da0ef445facbd24bf83b9a0160d68354f72cf4752325","https://www.leg.state.fl.us/statutes/index.cfm?App_mode=Display_Statute&URL=0700-0799/0775/Sections/0775.0837.html","","","","","false","false","false",""
"section","775.0841","","Fla. Stat. § 775.0841","Legislative findings and intent","not_yet_analyzed","Official text is cached, but no explicit analysis establishes offense coverage.","official_current_cache","2026-09-18T15:26:27.111Z","cd361343d80c6abd299f7951665d0c96dacc0a1a6f7eb3522f44c91b2ed4cfa6","https://www.leg.state.fl.us/statutes/index.cfm?App_mode=Display_Statute&URL=0700-0799/0775/Sections/0775.0841.html","","","","","false","false","false",""
"section","775.0842","","Fla. Stat. § 775.0842","Persons subject to career criminal prosecution efforts","not_yet_analyzed","Official text is cached, but no explicit analysis establishes offense coverage.","official_current_cache","2026-09-18T15:26:27.111Z","75fb78f5690d26b9850a0eb5012a76ae12d94e88ba9cbdbd9960e8a557ac4d1e","https://www.leg.state.fl.us/statutes/index.cfm?App_mode=Display_Statute&URL=0700-0799/0775/Sections/0775.0842.html","","","","","false","false","false",""
"section","775.0843","","Fla. Stat. § 775.0843","Policies to be adopted for career criminal cases","not_yet_analyzed","Official text is cached, but no explicit analysis establishes offense coverage.","official_current_cache","2026-09-18T15:26:27.111Z","f9507c0a63e64c13c4b4885c86cd0d350c9a596fbbe7a1cfc5e166cb5d1c17f4","https://www.leg.state.fl.us/statutes/index.cfm?App_mode=Display_Statute&URL=0700-0799/0775/Sections/0775.0843.html","","","","","false","false","false",""
"section","775.0844","","Fla. Stat. § 775.0844","White Collar Crime Victim Protection Act","not_yet_analyzed","Official text is cached, but no explicit analysis establishes offense coverage.","official_current_cache","2026-09-18T15:26:27.111Z","cd0521a2e212c70d1e000c602217677daaba1afb1ea5a304d61e905f4ee3a450","https://www.leg.state.fl.us/statutes/index.cfm?App_mode=Display_Statute&URL=0700-0799/0775/Sections/0775.0844.html","","","","","false","false","false",""
"section","775.0845","","Fla. Stat. § 775.0845","Wearing mask while committing offense; reclassification","not_yet_analyzed","Official text is cached, but no explicit analysis establishes offense coverage.","official_current_cache","2026-09-18T15:26:27.111Z","d5c5d0b1d0e423418f537a3cbfd3f0a49aa6ea2c6cbdd197aeaa5470f3e80873","https://www.leg.state.fl.us/statutes/index.cfm?App_mode=Display_Statute&URL=0700-0799/0775/Sections/0775.0845.html","","","","","false","false","false",""
"section","775.0846","","Fla. Stat. § 775.0846","Possession of bulletproof vest while committing certain offenses","not_yet_analyzed","Official text is cached, but no explicit analysis establishes offense coverage.","official_current_cache","2026-09-18T15:26:27.111Z","742d0e1724ad0cc4ceb3d0da060aaac52aafbec767ea1fbacf1eb656cb8f93db","https://www.leg.state.fl.us/statutes/index.cfm?App_mode=Display_Statute&URL=0700-0799/0775/Sections/0775.0846.html","","","","","false","false","false",""
"section","775.0847","","Fla. Stat. § 775.0847","Possession or promotion of certain images of child sexual abuse material; reclassification","not_yet_analyzed","Official text is cached, but no explicit analysis establishes offense coverage.","official_current_cache","2026-09-18T15:26:27.111Z","cdf5eeda82ec0c2fd1bbdd48084b9707fec2a84f28b4a6b2b29de91346c68dc9","https://www.leg.state.fl.us/statutes/index.cfm?App_mode=Display_Statute&URL=0700-0799/0775/Sections/0775.0847.html","","","","","false","false","false",""
"section","775.0848","","Fla. Stat. § 775.0848","Offenses committed by an unauthorized alien; reclassification","not_yet_analyzed","Official text is cached, but no explicit analysis establishes offense coverage.","official_current_cache","2026-09-18T15:26:27.111Z","a8c1d430f0cd05ea86f2f7e27c520f94fc9e89a85a2c50257040f3369e31759f","https://www.leg.state.fl.us/statutes/index.cfm?App_mode=Display_Statute&URL=0700-0799/0775/Sections/0775.0848.html","","","","","false","false","false",""
"section","775.0849","","Fla. Stat. § 775.0849","Public service announcements; ch. 99-188","not_yet_analyzed","Official text is cached, but no explicit analysis establishes offense coverage.","official_current_cache","2026-09-18T15:26:27.111Z","8ea10bcd8e9c88cffe9c5efcf444198be27b530ef86fced937873d0ccc529622","https://www.leg.state.fl.us/statutes/index.cfm?App_mode=Display_Statute&URL=0700-0799/0775/Sections/0775.0849.html","","","","","false","false","false",""
"section","775.0861","","Fla. Stat. § 775.0861","Offenses against persons on the grounds of religious institutions; reclassification","not_yet_analyzed","Official text is cached, but no explicit analysis establishes offense coverage.","official_current_cache","2026-09-18T15:26:27.111Z","b8c85556392c0db357b7d10547bcffacad78b2d00e7e25673db5769f5bb3dfe6","https://www.leg.state.fl.us/statutes/index.cfm?App_mode=Display_Statute&URL=0700-0799/0775/Sections/0775.0861.html","","","","","false","false","false",""
"section","775.0862","","Fla. Stat. § 775.0862","Sexual offenses against students by authority figures; reclassification","not_yet_analyzed","Official text is cached, but no explicit analysis establishes offense coverage.","official_current_cache","2026-09-18T15:26:27.111Z","7cbd5cac757a0abe66a3af73262ff8c48f9be8945271a62ba61e2b4a91eea125","https://www.leg.state.fl.us/statutes/index.cfm?App_mode=Display_Statute&URL=0700-0799/0775/Sections/0775.0862.html","","","","","false","false","false",""
"section","775.0863","","Fla. Stat. § 775.0863","Evidencing prejudice while committing offense against person with mental or physical disability; reclassification","not_yet_analyzed","Official text is cached, but no explicit analysis establishes offense coverage.","official_current_cache","2026-09-18T15:26:27.111Z","3553752eb34c756b53761b516150d091144d88ec1c9e0f3d33c8b9de1fb8eeb2","https://www.leg.state.fl.us/statutes/index.cfm?App_mode=Display_Statute&URL=0700-0799/0775/Sections/0775.0863.html","","","","","false","false","false",""
"section","775.0871","","Fla. Stat. § 775.0871","Public service announcements","not_yet_analyzed","Official text is cached, but no explicit analysis establishes offense coverage.","official_current_cache","2026-09-18T15:26:27.111Z","40da5f54209f899af1b18ba1c4f326f8af2c7b8bf7fa17dc242f0ce9da4b162e","https://www.leg.state.fl.us/statutes/index.cfm?App_mode=Display_Statute&URL=0700-0799/0775/Sections/0775.0871.html","","","","","false","false","false",""
"section","775.0875","","Fla. Stat. § 775.0875","Unlawful taking, possession, or use of law enforcement officer’s firearm; crime reclassification; penalties","not_yet_analyzed","Official text is cached, but no explicit analysis establishes offense coverage.","official_current_cache","2026-09-18T15:26:27.111Z","b968e246ae8f51630b6755ac2b330a661ce5830724db3c6988e9d59bce3c7e85","https://www.leg.state.fl.us/statutes/index.cfm?App_mode=Display_Statute&URL=0700-0799/0775/Sections/0775.0875.html","","","","","false","false","false",""
"section","775.0877","","Fla. Stat. § 775.0877","Criminal transmission of HIV; procedures; penalties","not_yet_analyzed","Official text is cached, but no explicit analysis establishes offense coverage.","official_current_cache","2026-09-18T15:26:27.111Z","3e364743ab1aa87312a9c5ad44d39f245c4da062b57429b350eb878b5399c4ef","https://www.leg.state.fl.us/statutes/index.cfm?App_mode=Display_Statute&URL=0700-0799/0775/Sections/0775.0877.html","","","","","false","false","false",""
"section","775.08255","","Fla. Stat. § 775.08255","Offenses by foreign agents; reclassification","not_yet_analyzed","Official text is cached, but no explicit analysis establishes offense coverage.","official_current_cache","2026-09-18T15:26:27.111Z","78a8762de654126dadca538eaf46094428859d57f5a986e3fc004dfabc3bdd1b","https://www.leg.state.fl.us/statutes/index.cfm?App_mode=Display_Statute&URL=0700-0799/0775/Sections/0775.08255.html","","","","","false","false","false",""
"section","775.08435","","Fla. Stat. § 775.08435","Prohibition on withholding adjudication in felony cases","not_yet_analyzed","Official text is cached, but no explicit analysis establishes offense coverage.","official_current_cache","2026-09-18T15:26:27.111Z","9b3ec17e33361704cf4d1277240bd2a3cb0dbda73c72f634de20eeb6f1912981","https://www.leg.state.fl.us/statutes/index.cfm?App_mode=Display_Statute&URL=0700-0799/0775/Sections/0775.08435.html","","","","","false","false","false",""
"section","776.05","","Fla. Stat. § 776.05","Law enforcement officers; use of force in making an arrest","not_yet_analyzed","Official text is cached, but no explicit analysis establishes offense coverage.","official_current_cache","2026-09-18T15:57:03.008Z","34bb4f7f06619d06d5744a084e464a2c9dc41042800318af015b43e38fbf45fe","https://www.leg.state.fl.us/statutes/index.cfm?App_mode=Display_Statute&URL=0700-0799/0776/Sections/0776.05.html","","","","","false","false","false",""
"section","776.06","","Fla. Stat. § 776.06","Deadly force by a law enforcement or correctional officer","not_yet_analyzed","Official text is cached, but no explicit analysis establishes offense coverage.","official_current_cache","2026-09-18T15:57:07.852Z","973dda02890b8d8bb21c11c0082396f96a362d86f7c3ba578e25cbc2e5689e39","https://www.leg.state.fl.us/statutes/index.cfm?App_mode=Display_Statute&URL=0700-0799/0776/Sections/0776.06.html","","","","","false","false","false",""
"section","776.07","","Fla. Stat. § 776.07","Use of force to prevent escape","not_yet_analyzed","Official text is cached, but no explicit analysis establishes offense coverage.","official_current_cache","2026-09-18T15:57:10.098Z","85c47a2137048b35c12b76e94c2f50268809ef09248917de3d5c1c3f78e35f8f","https://www.leg.state.fl.us/statutes/index.cfm?App_mode=Display_Statute&URL=0700-0799/0776/Sections/0776.07.html","","","","","false","false","false",""
"section","776.08","","Fla. Stat. § 776.08","Forcible felony","not_yet_analyzed","Official text is cached, but no explicit analysis establishes offense coverage.","official_current_cache","2026-09-18T15:57:12.272Z","166b2e2edbd124db3c91bfdf36964c0dda46571bd9f4f855dc2ee40602512a7d","https://www.leg.state.fl.us/statutes/index.cfm?App_mode=Display_Statute&URL=0700-0799/0776/Sections/0776.08.html","","","","","false","false","false",""
"section","776.09","","Fla. Stat. § 776.09","Retention of records pertaining to persons found to be acting in lawful self-defense; expunction of criminal history records","not_yet_analyzed","Official text is cached, but no explicit analysis establishes offense coverage.","official_current_cache","2026-09-18T15:57:16.853Z","529f5a5cf36f99e0e95d66d1521bf1ce91746b2953e87bbf948bac3a9b1533eb","https://www.leg.state.fl.us/statutes/index.cfm?App_mode=Display_Statute&URL=0700-0799/0776/Sections/0776.09.html","","","","","false","false","false",""
"section","776.012","","Fla. Stat. § 776.012","Use or threatened use of force in defense of person","not_yet_analyzed","Official text is cached, but no explicit analysis establishes offense coverage.","official_current_cache","2026-09-18T15:56:52.150Z","4c82f432745169104e9d97e706f1cc863c9b865cfdbd215340e2c87bbe1647cb","https://www.leg.state.fl.us/statutes/index.cfm?App_mode=Display_Statute&URL=0700-0799/0776/Sections/0776.012.html","","","","","false","false","false",""
"section","776.013","","Fla. Stat. § 776.013","Home protection; use or threatened use of deadly force; presumption of fear of death or great bodily harm","not_yet_analyzed","Official text is cached, but no explicit analysis establishes offense coverage.","official_current_cache","2026-09-18T15:56:54.293Z","9fc162802b16ff80f2f3594a3cdddfd9c0089011e608b48a203de83018668be1","https://www.leg.state.fl.us/statutes/index.cfm?App_mode=Display_Statute&URL=0700-0799/0776/Sections/0776.013.html","","","","","false","false","false",""
"section","776.031","","Fla. Stat. § 776.031","Use or threatened use of force in defense of property","not_yet_analyzed","Official text is cached, but no explicit analysis establishes offense coverage.","official_current_cache","2026-09-18T15:56:56.426Z","19a00e10c34d1876fc4feb29ac1901bf96edec719a8b1b5289a80b8c9c3cc084","https://www.leg.state.fl.us/statutes/index.cfm?App_mode=Display_Statute&URL=0700-0799/0776/Sections/0776.031.html","","","","","false","false","false",""
"section","776.032","","Fla. Stat. § 776.032","Immunity from criminal prosecution and civil action for justifiable use or threatened use of force","not_yet_analyzed","Official text is cached, but no explicit analysis establishes offense coverage.","official_current_cache","2026-09-18T15:56:58.657Z","096c2ee76f0190119db9583677ce9bc92e2ba26757feee2314ca63ba84db8023","https://www.leg.state.fl.us/statutes/index.cfm?App_mode=Display_Statute&URL=0700-0799/0776/Sections/0776.032.html","","","","","false","false","false",""
"section","776.041","","Fla. Stat. § 776.041","Use or threatened use of force by aggressor","not_yet_analyzed","Official text is cached, but no explicit analysis establishes offense coverage.","official_current_cache","2026-09-18T15:57:00.873Z","99e3f241a9d7bc5a39740a6e0677394b99cf8f9b4c8b45b6b703bb7a53cdba5b","https://www.leg.state.fl.us/statutes/index.cfm?App_mode=Display_Statute&URL=0700-0799/0776/Sections/0776.041.html","","","","","false","false","false",""
"section","776.051","","Fla. Stat. § 776.051","Use or threatened use of force in resisting arrest or detention; prohibition","not_yet_analyzed","Official text is cached, but no explicit analysis establishes offense coverage.","official_current_cache","2026-09-18T15:57:05.585Z","9dc0a5e6e6bf54996472e375854a27c2ff4f6f54ef0569a11b64738a7dcda78a","https://www.leg.state.fl.us/statutes/index.cfm?App_mode=Display_Statute&URL=0700-0799/0776/Sections/0776.051.html","","","","","false","false","false",""
"section","776.085","","Fla. Stat. § 776.085","Defense to civil action for damages; party convicted of forcible or attempted forcible felony","not_yet_analyzed","Official text is cached, but no explicit analysis establishes offense coverage.","official_current_cache","2026-09-18T15:57:14.448Z","903aba7fb14da11661fbeb026184c44cdd8aec5404c5f8011c7478aa59d29080","https://www.leg.state.fl.us/statutes/index.cfm?App_mode=Display_Statute&URL=0700-0799/0776/Sections/0776.085.html","","","","","false","false","false",""
"section","777.03","","Fla. Stat. § 777.03","Accessory after the fact","partially_covered","One or more cited scopes map to selectable records; no statewide offense denominator or complete branch analysis proves the entire section covered.","official_current_cache","2026-09-18T15:26:27.867Z","f3042356d8a93432783f06ac32509bb4841877c64c66ddc856d0fbb82e6846f9","https://www.leg.state.fl.us/statutes/index.cfm?App_mode=Display_Statute&URL=0700-0799/0777/Sections/0777.03.html","fl-fs-777-03-accessory-after-the-fact","fl-fs-777-03-accessory-after-the-fact","eligible","","false","false","false",""
"scope","777.03","","Fla. Stat. § 777.03","Accessory after the fact","covered","An explicit eligible analyst decision covers this cited scope; it does not establish unenumerated offenses.","official_current_cache","2026-09-18T15:26:27.867Z","f3042356d8a93432783f06ac32509bb4841877c64c66ddc856d0fbb82e6846f9","https://www.leg.state.fl.us/statutes/index.cfm?App_mode=Display_Statute&URL=0700-0799/0777/Sections/0777.03.html","fl-fs-777-03-accessory-after-the-fact","fl-fs-777-03-accessory-after-the-fact","eligible","","false","false","false",""
"section","777.04","","Fla. Stat. § 777.04","Attempts, solicitation, and conspiracy","partially_covered","One or more cited scopes map to selectable records; no statewide offense denominator or complete branch analysis proves the entire section covered.","official_current_cache","2026-09-18T15:26:27.867Z","b0d68f606bbdb97a028ac1daf5fb72d6774fa097619dae5eee7fcc4ddb70208d","https://www.leg.state.fl.us/statutes/index.cfm?App_mode=Display_Statute&URL=0700-0799/0777/Sections/0777.04.html","fl-fs-777-04-1-criminal-attempt|fl-fs-777-04-2-criminal-solicitation|fl-fs-777-04-3-criminal-conspiracy","fl-fs-777-04-1-criminal-attempt|fl-fs-777-04-2-criminal-solicitation|fl-fs-777-04-3-criminal-conspiracy|fl-section-777.04","eligible|support_only","","false","false","false",""
"scope","777.04","","Fla. Stat. § 777.04","Attempts, solicitation, and conspiracy","not_standalone_offense","The former whole-section source hold is resolved for the three precise reviewed records; no additional whole-section definition is created.","official_current_cache","2026-09-18T15:26:27.867Z","b0d68f606bbdb97a028ac1daf5fb72d6774fa097619dae5eee7fcc4ddb70208d","https://www.leg.state.fl.us/statutes/index.cfm?App_mode=Display_Statute&URL=0700-0799/0777/Sections/0777.04.html","","fl-section-777.04","support_only","","false","false","false",""
"scope","777.04","(1)","Fla. Stat. § 777.04(1)","Attempts, solicitation, and conspiracy","covered","An explicit eligible analyst decision covers this cited scope; it does not establish unenumerated offenses.","official_current_cache","2026-09-18T15:26:27.867Z","b0d68f606bbdb97a028ac1daf5fb72d6774fa097619dae5eee7fcc4ddb70208d","https://www.leg.state.fl.us/statutes/index.cfm?App_mode=Display_Statute&URL=0700-0799/0777/Sections/0777.04.html","fl-fs-777-04-1-criminal-attempt","fl-fs-777-04-1-criminal-attempt","eligible","","false","false","false",""
"scope","777.04","(2)","Fla. Stat. § 777.04(2)","Attempts, solicitation, and conspiracy","covered","An explicit eligible analyst decision covers this cited scope; it does not establish unenumerated offenses.","official_current_cache","2026-09-18T15:26:27.867Z","b0d68f606bbdb97a028ac1daf5fb72d6774fa097619dae5eee7fcc4ddb70208d","https://www.leg.state.fl.us/statutes/index.cfm?App_mode=Display_Statute&URL=0700-0799/0777/Sections/0777.04.html","fl-fs-777-04-2-criminal-solicitation","fl-fs-777-04-2-criminal-solicitation","eligible","","false","false","false",""
"scope","777.04","(3)","Fla. Stat. § 777.04(3)","Attempts, solicitation, and conspiracy","covered","An explicit eligible analyst decision covers this cited scope; it does not establish unenumerated offenses.","official_current_cache","2026-09-18T15:26:27.867Z","b0d68f606bbdb97a028ac1daf5fb72d6774fa097619dae5eee7fcc4ddb70208d","https://www.leg.state.fl.us/statutes/index.cfm?App_mode=Display_Statute&URL=0700-0799/0777/Sections/0777.04.html","fl-fs-777-04-3-criminal-conspiracy","fl-fs-777-04-3-criminal-conspiracy","eligible","","false","false","false",""
"section","777.011","","Fla. Stat. § 777.011","Principal in first degree","not_standalone_offense","All explicit section-level decisions classify this section as support-only.","official_current_cache","2026-09-18T15:26:27.867Z","a92115981b02db73aa9dcae131623b8e892502b10596e1fa16badd7af7438c57","https://www.leg.state.fl.us/statutes/index.cfm?App_mode=Display_Statute&URL=0700-0799/0777/Sections/0777.011.html","","fl-section-777.011","support_only","","false","false","false",""
"scope","777.011","","Fla. Stat. § 777.011","Principal in first degree","not_standalone_offense","Principal liability is not a standalone offense.","official_current_cache","2026-09-18T15:26:27.867Z","a92115981b02db73aa9dcae131623b8e892502b10596e1fa16badd7af7438c57","https://www.leg.state.fl.us/statutes/index.cfm?App_mode=Display_Statute&URL=0700-0799/0777/Sections/0777.011.html","","fl-section-777.011","support_only","","false","false","false",""
"section","777.201","","Fla. Stat. § 777.201","Entrapment","not_yet_analyzed","Official text is cached, but no explicit analysis establishes offense coverage.","official_current_cache","2026-09-18T15:26:27.867Z","20cc97c2744f69216c9bbf235ac097117a9072bdac57040a8b90be54590dbfd5","https://www.leg.state.fl.us/statutes/index.cfm?App_mode=Display_Statute&URL=0700-0799/0777/Sections/0777.201.html","","","","","false","false","false",""
"section","782.02","","Fla. Stat. § 782.02","Justifiable use of deadly force","not_yet_analyzed","Official text is cached, but no explicit analysis establishes offense coverage.","official_current_cache","2026-09-18T15:26:28.647Z","a99fa7dfb3533f1b3c09f5187ae3c1fbb5c7e5446aa55a3d9e1ca2858f91a451","https://www.leg.state.fl.us/statutes/index.cfm?App_mode=Display_Statute&URL=0700-0799/0782/Sections/0782.02.html","","","","","false","false","false",""
"section","782.03","","Fla. Stat. § 782.03","Excusable homicide","not_yet_analyzed","Official text is cached, but no explicit analysis establishes offense coverage.","official_current_cache","2026-09-18T15:26:28.647Z","66b49cf07e36ace8fd8a52371d26ff091c127bd13d2e8b2881ff31817aa63680","https://www.leg.state.fl.us/statutes/index.cfm?App_mode=Display_Statute&URL=0700-0799/0782/Sections/0782.03.html","","","","","false","false","false",""
"section","782.04","","Fla. Stat. § 782.04","Murder","partially_covered","One or more cited scopes map to selectable records; no statewide offense denominator or complete branch analysis proves the entire section covered.","official_current_cache","2026-09-18T15:26:28.647Z","886a87a3967443e7ecc55ed3d96d05b17cd7740dbafcc8cd1307a0a8eefafe45","https://www.leg.state.fl.us/statutes/index.cfm?App_mode=Display_Statute&URL=0700-0799/0782/Sections/0782.04.html","fl-fs-782-04-4-murder-in-the-third-degree|fl-fs-782-04-5-murder-in-the-third-degree|fl-murder-in-the-first-degree|fl-murder-in-the-second-degree","fl-fs-782-04-4-murder-in-the-third-degree|fl-fs-782-04-5-murder-in-the-third-degree","eligible","fl-felony-murder","false","false","false",""
"scope","782.04","(1)","Fla. Stat. § 782.04(1)","Murder","covered","The current legacy manifest explicitly retains this exact cited scope; no broader section completeness is inferred.","official_current_cache","2026-09-18T15:26:28.647Z","886a87a3967443e7ecc55ed3d96d05b17cd7740dbafcc8cd1307a0a8eefafe45","https://www.leg.state.fl.us/statutes/index.cfm?App_mode=Display_Statute&URL=0700-0799/0782/Sections/0782.04.html","fl-murder-in-the-first-degree","","","","false","false","false",""
"scope","782.04","(1)(a)2","Fla. Stat. § 782.04(1)(a)2","Murder","not_yet_analyzed","This legacy cleanup item has no explicit offense analysis and is not counted as a missing offense.","official_current_cache","2026-09-18T15:26:28.647Z","886a87a3967443e7ecc55ed3d96d05b17cd7740dbafcc8cd1307a0a8eefafe45","https://www.leg.state.fl.us/statutes/index.cfm?App_mode=Display_Statute&URL=0700-0799/0782/Sections/0782.04.html","","","","fl-felony-murder","false","false","false",""
"scope","782.04","(2)","Fla. Stat. § 782.04(2)","Murder","covered","The current legacy manifest explicitly retains this exact cited scope; no broader section completeness is inferred.","official_current_cache","2026-09-18T15:26:28.647Z","886a87a3967443e7ecc55ed3d96d05b17cd7740dbafcc8cd1307a0a8eefafe45","https://www.leg.state.fl.us/statutes/index.cfm?App_mode=Display_Statute&URL=0700-0799/0782/Sections/0782.04.html","fl-murder-in-the-second-degree","","","","false","false","false",""
"scope","782.04","(4)","Fla. Stat. § 782.04(4)","Murder","covered","An explicit eligible analyst decision covers this cited scope; it does not establish unenumerated offenses.","official_current_cache","2026-09-18T15:26:28.647Z","886a87a3967443e7ecc55ed3d96d05b17cd7740dbafcc8cd1307a0a8eefafe45","https://www.leg.state.fl.us/statutes/index.cfm?App_mode=Display_Statute&URL=0700-0799/0782/Sections/0782.04.html","fl-fs-782-04-4-murder-in-the-third-degree","fl-fs-782-04-4-murder-in-the-third-degree","eligible","","false","false","false",""
"scope","782.04","(5)","Fla. Stat. § 782.04(5)","Murder","covered","An explicit eligible analyst decision covers this cited scope; it does not establish unenumerated offenses.","official_current_cache","2026-09-18T15:26:28.647Z","886a87a3967443e7ecc55ed3d96d05b17cd7740dbafcc8cd1307a0a8eefafe45","https://www.leg.state.fl.us/statutes/index.cfm?App_mode=Display_Statute&URL=0700-0799/0782/Sections/0782.04.html","fl-fs-782-04-5-murder-in-the-third-degree","fl-fs-782-04-5-murder-in-the-third-degree","eligible","","false","false","false",""
"section","782.07","","Fla. Stat. § 782.07","Manslaughter; aggravated manslaughter of an elderly person or disabled adult; aggravated manslaughter of a child; aggravated manslaughter of an officer, a firefighter, an emergency medical technician, or a paramedic","partially_covered","One or more cited scopes map to selectable records; no statewide offense denominator or complete branch analysis proves the entire section covered.","official_current_cache","2026-09-18T15:26:28.647Z","2dc8e2be861854f9db54b928abffbeba8a4e014c5c3657b2d16b578817bb136c","https://www.leg.state.fl.us/statutes/index.cfm?App_mode=Display_Statute&URL=0700-0799/0782/Sections/0782.07.html","fl-fs-782-07-1-manslaughter|fl-fs-782-07-2-aggravated-manslaughter-of-an-elderly-person-or-disabled-adult|fl-fs-782-07-3-aggravated-manslaughter-of-a-child","fl-fs-782-07-1-manslaughter|fl-fs-782-07-2-aggravated-manslaughter-of-an-elderly-person-or-disabled-adult|fl-fs-782-07-3-aggravated-manslaughter-of-a-child|fl-section-782.07","eligible|held","fl-criminally-negligent-homicide|fl-involuntary-manslaughter|fl-voluntary-manslaughter","false","false","false",""
"scope","782.07","","Fla. Stat. § 782.07","Manslaughter; aggravated manslaughter of an elderly person or disabled adult; aggravated manslaughter of a child; aggravated manslaughter of an officer, a firefighter, an emergency medical technician, or a paramedic","blocked","Residual technical hold only: complete analyst objects for the three defined precise records were not recoverable; the firefighter variant is not publishable from historical-only § 112.191 evidence.","official_current_cache","2026-09-18T15:26:28.647Z","2dc8e2be861854f9db54b928abffbeba8a4e014c5c3657b2d16b578817bb136c","https://www.leg.state.fl.us/statutes/index.cfm?App_mode=Display_Statute&URL=0700-0799/0782/Sections/0782.07.html","","fl-section-782.07","held","fl-criminally-negligent-homicide","false","false","false",""
"scope","782.07","(1)","Fla. Stat. § 782.07(1)","Manslaughter; aggravated manslaughter of an elderly person or disabled adult; aggravated manslaughter of a child; aggravated manslaughter of an officer, a firefighter, an emergency medical technician, or a paramedic","covered","An explicit eligible analyst decision covers this cited scope; it does not establish unenumerated offenses.","official_current_cache","2026-09-18T15:26:28.647Z","2dc8e2be861854f9db54b928abffbeba8a4e014c5c3657b2d16b578817bb136c","https://www.leg.state.fl.us/statutes/index.cfm?App_mode=Display_Statute&URL=0700-0799/0782/Sections/0782.07.html","fl-fs-782-07-1-manslaughter","fl-fs-782-07-1-manslaughter","eligible","fl-involuntary-manslaughter|fl-voluntary-manslaughter","false","true","false",""
"scope","782.07","(2)","Fla. Stat. § 782.07(2)","Manslaughter; aggravated manslaughter of an elderly person or disabled adult; aggravated manslaughter of a child; aggravated manslaughter of an officer, a firefighter, an emergency medical technician, or a paramedic","covered","An explicit eligible analyst decision covers this cited scope; it does not establish unenumerated offenses.","official_current_cache","2026-09-18T15:26:28.647Z","2dc8e2be861854f9db54b928abffbeba8a4e014c5c3657b2d16b578817bb136c","https://www.leg.state.fl.us/statutes/index.cfm?App_mode=Display_Statute&URL=0700-0799/0782/Sections/0782.07.html","fl-fs-782-07-2-aggravated-manslaughter-of-an-elderly-person-or-disabled-adult","fl-fs-782-07-2-aggravated-manslaughter-of-an-elderly-person-or-disabled-adult","eligible","","false","false","false",""
"scope","782.07","(3)","Fla. Stat. § 782.07(3)","Manslaughter; aggravated manslaughter of an elderly person or disabled adult; aggravated manslaughter of a child; aggravated manslaughter of an officer, a firefighter, an emergency medical technician, or a paramedic","covered","An explicit eligible analyst decision covers this cited scope; it does not establish unenumerated offenses.","official_current_cache","2026-09-18T15:26:28.647Z","2dc8e2be861854f9db54b928abffbeba8a4e014c5c3657b2d16b578817bb136c","https://www.leg.state.fl.us/statutes/index.cfm?App_mode=Display_Statute&URL=0700-0799/0782/Sections/0782.07.html","fl-fs-782-07-3-aggravated-manslaughter-of-a-child","fl-fs-782-07-3-aggravated-manslaughter-of-a-child","eligible","","false","false","false",""
"section","782.08","","Fla. Stat. § 782.08","Assisting self-murder","not_yet_analyzed","Official text is cached, but no explicit analysis establishes offense coverage.","official_current_cache","2026-09-18T15:26:28.647Z","d5c38671081c741ceb4f7431080f2150951f9a8a8e866717604793bc9fa3ba90","https://www.leg.state.fl.us/statutes/index.cfm?App_mode=Display_Statute&URL=0700-0799/0782/Sections/0782.08.html","","","","","false","false","false",""
"section","782.09","","Fla. Stat. § 782.09","Killing of unborn child by injury to mother","not_yet_analyzed","Official text is cached, but no explicit analysis establishes offense coverage.","official_current_cache","2026-09-18T15:26:28.647Z","222233e4df109e12a9d1c62992cb2a192e8c333b95fbf0b1c64a453e5a7003f5","https://www.leg.state.fl.us/statutes/index.cfm?App_mode=Display_Statute&URL=0700-0799/0782/Sections/0782.09.html","","","","","false","false","false",""
"section","782.11","","Fla. Stat. § 782.11","Unnecessary killing to prevent unlawful act","not_yet_analyzed","Official text is cached, but no explicit analysis establishes offense coverage.","official_current_cache","2026-09-18T15:26:28.647Z","688a94ede94555f93091e1dc7d15872a786f33e605590fe217add737fbb325e0","https://www.leg.state.fl.us/statutes/index.cfm?App_mode=Display_Statute&URL=0700-0799/0782/Sections/0782.11.html","","","","","false","false","false",""
"section","782.30","","Fla. Stat. § 782.30","Short title","not_yet_analyzed","Official text is cached, but no explicit analysis establishes offense coverage.","official_current_cache","2026-09-18T15:26:28.647Z","a42a4a394735682688c495e16a00244aad1bab580ef130ec626d0ad3e75c6361","https://www.leg.state.fl.us/statutes/index.cfm?App_mode=Display_Statute&URL=0700-0799/0782/Sections/0782.30.html","","","","","false","false","false",""
"section","782.32","","Fla. Stat. § 782.32","Definitions","not_yet_analyzed","Official text is cached, but no explicit analysis establishes offense coverage.","official_current_cache","2026-09-18T15:26:28.647Z","e2735357e5740a68ce88742e5c656a2f7444d930dde7ea5bef24b2103ce0afae","https://www.leg.state.fl.us/statutes/index.cfm?App_mode=Display_Statute&URL=0700-0799/0782/Sections/0782.32.html","","","","","false","false","false",""
"section","782.34","","Fla. Stat. § 782.34","Partial-birth abortion","not_yet_analyzed","Official text is cached, but no explicit analysis establishes offense coverage.","official_current_cache","2026-09-18T15:26:28.647Z","34ab02542671fea6f975f4ae504fb5a97a9e4aba4450a64e00e8a55a58b872f9","https://www.leg.state.fl.us/statutes/index.cfm?App_mode=Display_Statute&URL=0700-0799/0782/Sections/0782.34.html","","","","","false","false","false",""
"section","782.035","","Fla. Stat. § 782.035","Abrogation of common-law rule of evidence known as “year-and-a-day rule.”","not_yet_analyzed","Official text is cached, but no explicit analysis establishes offense coverage.","official_current_cache","2026-09-18T15:26:28.647Z","35e9db248d8d46423e144d5131701ce125e9258794c1ff7594e673d8d1b1376c","https://www.leg.state.fl.us/statutes/index.cfm?App_mode=Display_Statute&URL=0700-0799/0782/Sections/0782.035.html","","","","","false","false","false",""
"section","782.36","","Fla. Stat. § 782.36","Exceptions","not_yet_analyzed","Official text is cached, but no explicit analysis establishes offense coverage.","official_current_cache","2026-09-18T15:26:28.647Z","e78a958f5f36beaa4b11051fe9e637b3e4f86d164a3bc8f7c50b3bd412bc72b5","https://www.leg.state.fl.us/statutes/index.cfm?App_mode=Display_Statute&URL=0700-0799/0782/Sections/0782.36.html","","","","","false","false","false",""
"section","782.051","","Fla. Stat. § 782.051","Attempted felony murder","not_yet_analyzed","Official text is cached, but no explicit analysis establishes offense coverage.","official_current_cache","2026-09-18T15:26:28.647Z","714bb7ee9134fe32c8804c885035f107d1c0bb63d2e17ffdf0a3dfc419193b82","https://www.leg.state.fl.us/statutes/index.cfm?App_mode=Display_Statute&URL=0700-0799/0782/Sections/0782.051.html","","","","","false","false","false",""
"section","782.065","","Fla. Stat. § 782.065","Murder; law enforcement officer, correctional officer, correctional probation officer","not_yet_analyzed","Official text is cached, but no explicit analysis establishes offense coverage.","official_current_cache","2026-09-18T15:26:28.647Z","b056aa6b2d1967d45f36cdd9182dd9f94f4515f4187561184e9fa60e834dedd6","https://www.leg.state.fl.us/statutes/index.cfm?App_mode=Display_Statute&URL=0700-0799/0782/Sections/0782.065.html","","","","","false","false","false",""
"section","782.071","","Fla. Stat. § 782.071","Vehicular homicide","partially_covered","One or more cited scopes map to selectable records; no statewide offense denominator or complete branch analysis proves the entire section covered.","official_current_cache","2026-09-18T15:26:28.647Z","2a82505ef393632a740cc4b659a4a65644cea7fd440b1b1d2f35e36668669698","https://www.leg.state.fl.us/statutes/index.cfm?App_mode=Display_Statute&URL=0700-0799/0782/Sections/0782.071.html","fl-vehicular-homicide","fl-section-782.071","duplicate","","false","false","false",""
"scope","782.071","","Fla. Stat. § 782.071","Vehicular homicide","partially_covered","The existing manifest retains the same whole-section vehicular-homicide offense. A duplicate disposition alone does not establish current coverage of this exact cited scope.","official_current_cache","2026-09-18T15:26:28.647Z","2a82505ef393632a740cc4b659a4a65644cea7fd440b1b1d2f35e36668669698","https://www.leg.state.fl.us/statutes/index.cfm?App_mode=Display_Statute&URL=0700-0799/0782/Sections/0782.071.html","fl-vehicular-homicide","fl-section-782.071","duplicate","","true","false","false",""
"section","782.072","","Fla. Stat. § 782.072","Vessel homicide","not_yet_analyzed","Official text is cached, but no explicit analysis establishes offense coverage.","official_current_cache","2026-09-18T15:26:28.647Z","16956ec6ab9c44313bc9624469e3e70bd402c9aefbcec5507e39bc8046613809","https://www.leg.state.fl.us/statutes/index.cfm?App_mode=Display_Statute&URL=0700-0799/0782/Sections/0782.072.html","","","","","false","false","false",""
"section","782.081","","Fla. Stat. § 782.081","Commercial exploitation of self-murder","not_yet_analyzed","Official text is cached, but no explicit analysis establishes offense coverage.","official_current_cache","2026-09-18T15:26:28.647Z","e52d810c12235b66db7a4fbfa16bc0398c3de9bc984f017941d96e17fb4464d5","https://www.leg.state.fl.us/statutes/index.cfm?App_mode=Display_Statute&URL=0700-0799/0782/Sections/0782.081.html","","","","","false","false","false",""
"section","784.03","","Fla. Stat. § 784.03","Battery; felony battery","partially_covered","One or more cited scopes map to selectable records; no statewide offense denominator or complete branch analysis proves the entire section covered.","official_current_cache","2026-09-18T15:26:29.447Z","c2683c299ff1785d755e2fadcdc82b5a8935321faac5d614bc68442c09816e20","https://www.leg.state.fl.us/statutes/index.cfm?App_mode=Display_Statute&URL=0700-0799/0784/Sections/0784.03.html","fl-fs-784-03-battery","fl-fs-784-03-battery","eligible","fl-battery|fl-domestic-battery","false","false","false",""
"scope","784.03","","Fla. Stat. § 784.03","Battery; felony battery","not_yet_analyzed","This legacy cleanup item has no explicit offense analysis and is not counted as a missing offense.","official_current_cache","2026-09-18T15:26:29.447Z","c2683c299ff1785d755e2fadcdc82b5a8935321faac5d614bc68442c09816e20","https://www.leg.state.fl.us/statutes/index.cfm?App_mode=Display_Statute&URL=0700-0799/0784/Sections/0784.03.html","","","","fl-battery","false","false","false",""
"scope","784.03","(1)(a)","Fla. Stat. § 784.03(1)(a)","Battery; felony battery","covered","An explicit eligible analyst decision covers this cited scope; it does not establish unenumerated offenses.","official_current_cache","2026-09-18T15:26:29.447Z","c2683c299ff1785d755e2fadcdc82b5a8935321faac5d614bc68442c09816e20","https://www.leg.state.fl.us/statutes/index.cfm?App_mode=Display_Statute&URL=0700-0799/0784/Sections/0784.03.html","fl-fs-784-03-battery","fl-fs-784-03-battery","eligible","fl-domestic-battery","false","true","false",""
"section","784.05","","Fla. Stat. § 784.05","Culpable negligence","not_yet_analyzed","Official text is cached, but no explicit analysis establishes offense coverage.","official_current_cache","2026-09-18T15:26:29.447Z","3c83a838f6e608b8264d63d66b3699258edfaa51fd4d2862a275dc514a181d6d","https://www.leg.state.fl.us/statutes/index.cfm?App_mode=Display_Statute&URL=0700-0799/0784/Sections/0784.05.html","","","","","false","false","false",""
"section","784.07","","Fla. Stat. § 784.07","Assault or battery of law enforcement officers and other specified personnel; reclassification of offenses; minimum sentences","not_standalone_offense","All explicit section-level decisions classify this section as support-only.","official_current_cache","2026-09-18T15:26:29.447Z","c0297979233b51a92ccc25da4268800f2cfa3e25c524d899e5d42700988d7475","https://www.leg.state.fl.us/statutes/index.cfm?App_mode=Display_Statute&URL=0700-0799/0784/Sections/0784.07.html","","fl-section-784.07","support_only","fl-assault-on-peace-officer","false","false","false",""
"scope","784.07","","Fla. Stat. § 784.07","Assault or battery of law enforcement officers and other specified personnel; reclassification of offenses; minimum sentences","not_standalone_offense","This section reclassifies assault or battery against specified personnel and does not create the underlying standalone charge.","official_current_cache","2026-09-18T15:26:29.447Z","c0297979233b51a92ccc25da4268800f2cfa3e25c524d899e5d42700988d7475","https://www.leg.state.fl.us/statutes/index.cfm?App_mode=Display_Statute&URL=0700-0799/0784/Sections/0784.07.html","","fl-section-784.07","support_only","fl-assault-on-peace-officer","false","false","false",""
"section","784.08","","Fla. Stat. § 784.08","Assault or battery on persons 65 years of age or older; reclassification of offenses; minimum sentence","not_yet_analyzed","Official text is cached, but no explicit analysis establishes offense coverage.","official_current_cache","2026-09-18T15:26:29.447Z","ff1866bf54e36c053f07836ef50aaa8a050eaaf27b80a9cb2e27ef03597b2326","https://www.leg.state.fl.us/statutes/index.cfm?App_mode=Display_Statute&URL=0700-0799/0784/Sections/0784.08.html","","","","","false","false","false",""
"section","784.011","","Fla. Stat. § 784.011","Assault","partially_covered","One or more cited scopes map to selectable records; no statewide offense denominator or complete branch analysis proves the entire section covered.","official_current_cache","2026-09-18T15:26:29.447Z","143f4f76426ca8661d0c6ee16a6f003b2e7e9a0f08d4b8c7c12155b5f6ac74e6","https://www.leg.state.fl.us/statutes/index.cfm?App_mode=Display_Statute&URL=0700-0799/0784/Sections/0784.011.html","fl-fs-784-011-assault","fl-fs-784-011-assault","eligible","fl-menacing","false","false","false",""
"scope","784.011","","Fla. Stat. § 784.011","Assault","covered","An explicit eligible analyst decision covers this cited scope; it does not establish unenumerated offenses.","official_current_cache","2026-09-18T15:26:29.447Z","143f4f76426ca8661d0c6ee16a6f003b2e7e9a0f08d4b8c7c12155b5f6ac74e6","https://www.leg.state.fl.us/statutes/index.cfm?App_mode=Display_Statute&URL=0700-0799/0784/Sections/0784.011.html","fl-fs-784-011-assault","fl-fs-784-011-assault","eligible","fl-menacing","false","true","false",""
"section","784.021","","Fla. Stat. § 784.021","Aggravated assault","partially_covered","One or more cited scopes map to selectable records; no statewide offense denominator or complete branch analysis proves the entire section covered.","official_current_cache","2026-09-18T15:26:29.447Z","d763dc9ee3553d7492eac3235a1ebaf2d2b2f18ae69638a69efe293157518718","https://www.leg.state.fl.us/statutes/index.cfm?App_mode=Display_Statute&URL=0700-0799/0784/Sections/0784.021.html","fl-aggravated-assault","fl-section-784.021","duplicate","","false","false","false",""
"scope","784.021","","Fla. Stat. § 784.021","Aggravated assault","partially_covered","Existing manifest retains aggravated assault at the same whole-section scope. A duplicate disposition alone does not establish current coverage of this exact cited scope.","official_current_cache","2026-09-18T15:26:29.447Z","d763dc9ee3553d7492eac3235a1ebaf2d2b2f18ae69638a69efe293157518718","https://www.leg.state.fl.us/statutes/index.cfm?App_mode=Display_Statute&URL=0700-0799/0784/Sections/0784.021.html","fl-aggravated-assault","fl-section-784.021","duplicate","","true","false","false",""
"section","784.031","","Fla. Stat. § 784.031","Battery by strangulation","not_yet_analyzed","Official text is cached, but no explicit analysis establishes offense coverage.","official_current_cache","2026-09-18T15:26:29.447Z","a9f01a1f2562a7182be6f2197e7ef0808217b6ae6bd906e2519169d3a8da7f37","https://www.leg.state.fl.us/statutes/index.cfm?App_mode=Display_Statute&URL=0700-0799/0784/Sections/0784.031.html","","","","","false","false","false",""
"section","784.041","","Fla. Stat. § 784.041","Felony battery; domestic battery by strangulation","not_yet_analyzed","Official text is cached, but no explicit analysis establishes offense coverage.","official_current_cache","2026-09-18T15:26:29.447Z","02a82d9be99d47ef4b8199f1fb6b0ff9450a793f46d05d5704d7a903dcb296d5","https://www.leg.state.fl.us/statutes/index.cfm?App_mode=Display_Statute&URL=0700-0799/0784/Sections/0784.041.html","","","","","false","false","false",""
"section","784.045","","Fla. Stat. § 784.045","Aggravated battery","partially_covered","One or more cited scopes map to selectable records; no statewide offense denominator or complete branch analysis proves the entire section covered.","official_current_cache","2026-09-18T15:26:29.447Z","088b97218e1d088b7f11641413406be743db049b37a72a6cccb5f5d9b4eb3a85","https://www.leg.state.fl.us/statutes/index.cfm?App_mode=Display_Statute&URL=0700-0799/0784/Sections/0784.045.html","fl-fs-784-045-1-2-aggravated-battery","fl-fs-784-045-1-2-aggravated-battery","eligible","","false","false","true",""
"scope","784.045","(1)-(2)","Fla. Stat. § 784.045(1)-(2)","Aggravated battery","covered","An explicit eligible analyst decision covers this cited scope; it does not establish unenumerated offenses.","official_current_cache","2026-09-18T15:26:29.447Z","088b97218e1d088b7f11641413406be743db049b37a72a6cccb5f5d9b4eb3a85","https://www.leg.state.fl.us/statutes/index.cfm?App_mode=Display_Statute&URL=0700-0799/0784/Sections/0784.045.html","fl-fs-784-045-1-2-aggravated-battery","fl-fs-784-045-1-2-aggravated-battery","eligible","","false","false","true",""
"section","784.046","","Fla. Stat. § 784.046","Action by victim of repeat violence, sexual violence, or dating violence for protective injunction; dating violence investigations, notice to victims, and reporting; pretrial release violations; public records exemption","not_yet_analyzed","Official text is cached, but no explicit analysis establishes offense coverage.","official_current_cache","2026-09-18T15:26:29.447Z","440e391b19be563ff2a01cdd44575e40a68ff7b3fb150c21ceffd5c46bf6c114","https://www.leg.state.fl.us/statutes/index.cfm?App_mode=Display_Statute&URL=0700-0799/0784/Sections/0784.046.html","","","","","false","false","false",""
"section","784.047","","Fla. Stat. § 784.047","Penalties for violating protective injunction against violators","not_yet_analyzed","Official text is cached, but no explicit analysis establishes offense coverage.","official_current_cache","2026-09-18T15:26:29.447Z","4c79f3556ff10edd2368fa35ff16b7f39e114844667790eec136c3bb188156c5","https://www.leg.state.fl.us/statutes/index.cfm?App_mode=Display_Statute&URL=0700-0799/0784/Sections/0784.047.html","","","","","false","false","false",""
"section","784.048","","Fla. Stat. § 784.048","Stalking; definitions; penalties","partially_covered","One or more cited scopes map to selectable records; no statewide offense denominator or complete branch analysis proves the entire section covered.","official_current_cache","2026-09-18T15:26:29.447Z","5bb40bbb4be50afd26f3e959e1bfb87e90eed0fb52316e1518a9a3ba5c6faea1","https://www.leg.state.fl.us/statutes/index.cfm?App_mode=Display_Statute&URL=0700-0799/0784/Sections/0784.048.html","fl-fs-784-048-2-stalking|fl-fs-784-048-3-aggravated-stalking","fl-fs-784-048-2-stalking|fl-fs-784-048-3-aggravated-stalking","eligible","fl-harassment","false","false","false",""
"scope","784.048","","Fla. Stat. § 784.048","Stalking; definitions; penalties","not_yet_analyzed","This legacy cleanup item has no explicit offense analysis and is not counted as a missing offense.","official_current_cache","2026-09-18T15:26:29.447Z","5bb40bbb4be50afd26f3e959e1bfb87e90eed0fb52316e1518a9a3ba5c6faea1","https://www.leg.state.fl.us/statutes/index.cfm?App_mode=Display_Statute&URL=0700-0799/0784/Sections/0784.048.html","","","","fl-harassment","false","false","false",""
"scope","784.048","(2)","Fla. Stat. § 784.048(2)","Stalking; definitions; penalties","covered","An explicit eligible analyst decision covers this cited scope; it does not establish unenumerated offenses.","official_current_cache","2026-09-18T15:26:29.447Z","5bb40bbb4be50afd26f3e959e1bfb87e90eed0fb52316e1518a9a3ba5c6faea1","https://www.leg.state.fl.us/statutes/index.cfm?App_mode=Display_Statute&URL=0700-0799/0784/Sections/0784.048.html","fl-fs-784-048-2-stalking","fl-fs-784-048-2-stalking","eligible","","false","false","false",""
"scope","784.048","(3)","Fla. Stat. § 784.048(3)","Stalking; definitions; penalties","covered","An explicit eligible analyst decision covers this cited scope; it does not establish unenumerated offenses.","official_current_cache","2026-09-18T15:26:29.447Z","5bb40bbb4be50afd26f3e959e1bfb87e90eed0fb52316e1518a9a3ba5c6faea1","https://www.leg.state.fl.us/statutes/index.cfm?App_mode=Display_Statute&URL=0700-0799/0784/Sections/0784.048.html","fl-fs-784-048-3-aggravated-stalking","fl-fs-784-048-3-aggravated-stalking","eligible","","false","false","false",""
"section","784.049","","Fla. Stat. § 784.049","Sexual cyberharassment","not_yet_analyzed","Official text is cached, but no explicit analysis establishes offense coverage.","official_current_cache","2026-09-18T15:26:29.447Z","3cd7eb854b2285c753d67ff6a0611c428b5b58e3b833b9be2d046b9cc8cb8d60","https://www.leg.state.fl.us/statutes/index.cfm?App_mode=Display_Statute&URL=0700-0799/0784/Sections/0784.049.html","","","","","false","false","false",""
"section","784.062","","Fla. Stat. § 784.062","Misuse of laser lighting devices","not_yet_analyzed","Official text is cached, but no explicit analysis establishes offense coverage.","official_current_cache","2026-09-18T15:26:29.447Z","ff9f211a922971181bc458a99642706ef45e97045b5f679941ad4078cc1169ed","https://www.leg.state.fl.us/statutes/index.cfm?App_mode=Display_Statute&URL=0700-0799/0784/Sections/0784.062.html","","","","","false","false","false",""
"section","784.071","","Fla. Stat. § 784.071","Assault or battery on a law enforcement officer; missing while in line of duty; blue alert","not_yet_analyzed","Official text is cached, but no explicit analysis establishes offense coverage.","official_current_cache","2026-09-18T15:26:29.447Z","8490e50c253f04ce04fd51643bf45b5389003c8b2196976a02b79efb288cab12","https://www.leg.state.fl.us/statutes/index.cfm?App_mode=Display_Statute&URL=0700-0799/0784/Sections/0784.071.html","","","","","false","false","false",""
"section","784.074","","Fla. Stat. § 784.074","Assault or battery on sexually violent predators detention or commitment facility staff; reclassification of offenses","not_yet_analyzed","Official text is cached, but no explicit analysis establishes offense coverage.","official_current_cache","2026-09-18T15:26:29.447Z","4821f662e18f366afc6fbf3ce9bc569f245fbef7f2e48b6e6e46eddc09f69b4c","https://www.leg.state.fl.us/statutes/index.cfm?App_mode=Display_Statute&URL=0700-0799/0784/Sections/0784.074.html","","","","","false","false","false",""
"section","784.075","","Fla. Stat. § 784.075","Battery on detention or commitment facility staff or a juvenile probation officer","not_yet_analyzed","Official text is cached, but no explicit analysis establishes offense coverage.","official_current_cache","2026-09-18T15:26:29.447Z","666e139a4664f1612312acb171561d99372e0c404a4edd336eb9bb58a1f02c12","https://www.leg.state.fl.us/statutes/index.cfm?App_mode=Display_Statute&URL=0700-0799/0784/Sections/0784.075.html","","","","","false","false","false",""
"section","784.076","","Fla. Stat. § 784.076","Battery on health services personnel","not_yet_analyzed","Official text is cached, but no explicit analysis establishes offense coverage.","official_current_cache","2026-09-18T15:26:29.447Z","7c7fe66f3cc0bb84f561e11a8dc72bbf7ade749312dffc9174793acfd71fc151","https://www.leg.state.fl.us/statutes/index.cfm?App_mode=Display_Statute&URL=0700-0799/0784/Sections/0784.076.html","","","","","false","false","false",""
"section","784.078","","Fla. Stat. § 784.078","Battery of facility employee by throwing, tossing, or expelling certain fluids or materials","not_yet_analyzed","Official text is cached, but no explicit analysis establishes offense coverage.","official_current_cache","2026-09-18T15:26:29.447Z","74df7f90d8583c4a8b9baebad0ee51cf72a3d9f3f696c1531a17a8273246d471","https://www.leg.state.fl.us/statutes/index.cfm?App_mode=Display_Statute&URL=0700-0799/0784/Sections/0784.078.html","","","","","false","false","false",""
"section","784.081","","Fla. Stat. § 784.081","Assault or battery on specified officials or employees; reclassification of offenses","not_yet_analyzed","Official text is cached, but no explicit analysis establishes offense coverage.","official_current_cache","2026-09-18T15:26:29.447Z","bfac0731afec10f46b6b4d4cba290cc1407ba30c0f207bf05d2b3e04584a7304","https://www.leg.state.fl.us/statutes/index.cfm?App_mode=Display_Statute&URL=0700-0799/0784/Sections/0784.081.html","","","","","false","false","false",""
"section","784.082","","Fla. Stat. § 784.082","Assault or battery by a person who is being detained in a prison, jail, or other detention facility upon visitor or other detainee; reclassification of offenses","not_yet_analyzed","Official text is cached, but no explicit analysis establishes offense coverage.","official_current_cache","2026-09-18T15:26:29.447Z","fce60998662ceb95e6588dcf0f182b1f1ffe71d92e070afffee715dd2930f694","https://www.leg.state.fl.us/statutes/index.cfm?App_mode=Display_Statute&URL=0700-0799/0784/Sections/0784.082.html","","","","","false","false","false",""
"section","784.083","","Fla. Stat. § 784.083","Assault or battery on code inspectors","not_yet_analyzed","Official text is cached, but no explicit analysis establishes offense coverage.","official_current_cache","2026-09-18T15:26:29.447Z","cd75567c8ac80c5866da776b083c1d2c771c0ce6f953fd359d8332987ac5ce78","https://www.leg.state.fl.us/statutes/index.cfm?App_mode=Display_Statute&URL=0700-0799/0784/Sections/0784.083.html","","","","","false","false","false",""
"section","784.085","","Fla. Stat. § 784.085","Battery of child by throwing, tossing, projecting, or expelling certain fluids or materials","not_yet_analyzed","Official text is cached, but no explicit analysis establishes offense coverage.","official_current_cache","2026-09-18T15:26:29.447Z","4acd4ab2db720d0b77ec1514f754e3f6433b2a25fd5b8b63cad9fc86b057b9a3","https://www.leg.state.fl.us/statutes/index.cfm?App_mode=Display_Statute&URL=0700-0799/0784/Sections/0784.085.html","","","","","false","false","false",""
"section","784.086","","Fla. Stat. § 784.086","Reproductive battery","not_yet_analyzed","Official text is cached, but no explicit analysis establishes offense coverage.","official_current_cache","2026-09-18T15:26:29.447Z","07dc4e3e83f86d6730ff66f309836d8bde936d062be8d2728471c7ab7e853235","https://www.leg.state.fl.us/statutes/index.cfm?App_mode=Display_Statute&URL=0700-0799/0784/Sections/0784.086.html","","","","","false","false","false",""
"section","784.0485","","Fla. Stat. § 784.0485","Stalking; injunction; powers and duties of court and clerk; petition; notice and hearing; temporary injunction; issuance of injunction; statewide verification system; enforcement","not_yet_analyzed","Official text is cached, but no explicit analysis establishes offense coverage.","official_current_cache","2026-09-18T15:26:29.447Z","86e9762da92da8ac2b7927e7c8c7584e36785c79acae4a68f39625dcd0d28d54","https://www.leg.state.fl.us/statutes/index.cfm?App_mode=Display_Statute&URL=0700-0799/0784/Sections/0784.0485.html","","","","","false","false","false",""
"section","784.0487","","Fla. Stat. § 784.0487","Violation of an injunction for protection against stalking or cyberstalking","not_yet_analyzed","Official text is cached, but no explicit analysis establishes offense coverage.","official_current_cache","2026-09-18T15:26:29.447Z","f4726bb20882a9ca0d3977442f0771a4fd5f4c5098e1f7f95c45f19dbcca4e50","https://www.leg.state.fl.us/statutes/index.cfm?App_mode=Display_Statute&URL=0700-0799/0784/Sections/0784.0487.html","","","","","false","false","false",""
"section","784.0493","","Fla. Stat. § 784.0493","Harassment or intimidation based on religious or ethnic heritage","not_yet_analyzed","Official text is cached, but no explicit analysis establishes offense coverage.","official_current_cache","2026-09-18T15:26:29.447Z","eb1788a3c38a949cc73f5e3834084f86e663d61e0f3657cb7a6dc719c80bee70","https://www.leg.state.fl.us/statutes/index.cfm?App_mode=Display_Statute&URL=0700-0799/0784/Sections/0784.0493.html","","","","","false","false","false",""
"section","784.0495","","Fla. Stat. § 784.0495","Mob intimidation","not_yet_analyzed","Official text is cached, but no explicit analysis establishes offense coverage.","official_current_cache","2026-09-18T15:26:29.447Z","3a01200b5cc3070430d3c5fe2a926882968dea6bd87005ab45a392be6d8e305a","https://www.leg.state.fl.us/statutes/index.cfm?App_mode=Display_Statute&URL=0700-0799/0784/Sections/0784.0495.html","","","","","false","false","false",""
"section","790.01","","Fla. Stat. § 790.01","Carrying of concealed weapons or concealed firearms","partially_covered","One or more cited scopes map to selectable records; no statewide offense denominator or complete branch analysis proves the entire section covered.","official_current_cache","2026-09-18T15:33:51.220Z","c2d426450b7d801e16ba3144067e07583a9e0be57de1fd8a23937169c441f2e4","https://www.leg.state.fl.us/statutes/index.cfm?App_mode=Display_Statute&URL=0700-0799/0790/Sections/0790.01.html","fl-unlawful-carrying-of-weapon","fl-section-790.01","duplicate","","false","false","false",""
"scope","790.01","","Fla. Stat. § 790.01","Carrying of concealed weapons or concealed firearms","partially_covered","The existing manifest has an exact alias record at the same section scope. A duplicate disposition alone does not establish current coverage of this exact cited scope.","official_current_cache","2026-09-18T15:33:51.220Z","c2d426450b7d801e16ba3144067e07583a9e0be57de1fd8a23937169c441f2e4","https://www.leg.state.fl.us/statutes/index.cfm?App_mode=Display_Statute&URL=0700-0799/0790/Sections/0790.01.html","fl-unlawful-carrying-of-weapon","fl-section-790.01","duplicate","","true","false","false",""
"section","790.001","","Fla. Stat. § 790.001","Definitions","not_yet_analyzed","Official text is cached, but no explicit analysis establishes offense coverage.","official_current_cache","2026-09-18T15:34:02.330Z","cd1b42285d13324a3914a699ee10c76b8a46e8beca1199d11cf0cd37c2a2072f","https://www.leg.state.fl.us/statutes/index.cfm?App_mode=Display_Statute&URL=0700-0799/0790/Sections/0790.001.html","","","","","false","false","false",""
"section","790.15","","Fla. Stat. § 790.15","Discharging firearm in public or on residential property","partially_covered","One or more cited scopes map to selectable records; no statewide offense denominator or complete branch analysis proves the entire section covered.","official_current_cache","2026-09-18T15:33:53.467Z","ebe4f3293ebf2eeaea5e11a9077cca6915c48219cbcb7efc0f06b314e37735c5","https://www.leg.state.fl.us/statutes/index.cfm?App_mode=Display_Statute&URL=0700-0799/0790/Sections/0790.15.html","fl-discharge-of-firearm-in-city","fl-section-790.15","duplicate","","false","false","false",""
"scope","790.15","","Fla. Stat. § 790.15","Discharging firearm in public or on residential property","partially_covered","The existing manifest has an exact alias record at the same section scope. A duplicate disposition alone does not establish current coverage of this exact cited scope.","official_current_cache","2026-09-18T15:33:53.467Z","ebe4f3293ebf2eeaea5e11a9077cca6915c48219cbcb7efc0f06b314e37735c5","https://www.leg.state.fl.us/statutes/index.cfm?App_mode=Display_Statute&URL=0700-0799/0790/Sections/0790.15.html","fl-discharge-of-firearm-in-city","fl-section-790.15","duplicate","","true","false","false",""
"section","790.22","","Fla. Stat. § 790.22","Use of BB guns, air or gas-operated guns, or electric weapons or devices by minor under 16; limitation; possession of firearms by minor under 18 prohibited; penalties","not_standalone_offense","All explicit section-level decisions classify this section as support-only.","official_current_cache","2026-09-18T15:33:39.886Z","905a1023b61f53f6985a66dd8279204312cd34973ace5a8d36d3f0a17fa37c46","https://www.leg.state.fl.us/statutes/index.cfm?App_mode=Display_Statute&URL=0700-0799/0790/Sections/0790.22.html","","fl-section-790.22","support_only","","false","false","false",""
"scope","790.22","","Fla. Stat. § 790.22","Use of BB guns, air or gas-operated guns, or electric weapons or devices by minor under 16; limitation; possession of firearms by minor under 18 prohibited; penalties","not_standalone_offense","The criminal possession provision applies to a minor under 18, so no ordinary adult charge was created.","official_current_cache","2026-09-18T15:33:39.886Z","905a1023b61f53f6985a66dd8279204312cd34973ace5a8d36d3f0a17fa37c46","https://www.leg.state.fl.us/statutes/index.cfm?App_mode=Display_Statute&URL=0700-0799/0790/Sections/0790.22.html","","fl-section-790.22","support_only","","false","false","false",""
"section","790.23","","Fla. Stat. § 790.23","Felons and delinquents; possession of firearms, ammunition, or electric weapons or devices unlawful","partially_covered","One or more cited scopes map to selectable records; no statewide offense denominator or complete branch analysis proves the entire section covered.","official_current_cache","2026-09-18T15:33:44.485Z","7cccddd133508a99f451fe827c60c0d01c22ea27bdd5b266ada759c222d50c1d","https://www.leg.state.fl.us/statutes/index.cfm?App_mode=Display_Statute&URL=0700-0799/0790/Sections/0790.23.html","fl-fs-790-23-felons-and-delinquents-possession-of-firearms-ammunition-or-electric-weapons-or-devices-unlawful","fl-fs-790-23-felons-and-delinquents-possession-of-firearms-ammunition-or-electric-weapons-or-devices-unlawful","eligible","fl-felon-in-possession-of-firearm","false","false","false",""
"scope","790.23","","Fla. Stat. § 790.23","Felons and delinquents; possession of firearms, ammunition, or electric weapons or devices unlawful","not_yet_analyzed","This legacy cleanup item has no explicit offense analysis and is not counted as a missing offense.","official_current_cache","2026-09-18T15:33:44.485Z","7cccddd133508a99f451fe827c60c0d01c22ea27bdd5b266ada759c222d50c1d","https://www.leg.state.fl.us/statutes/index.cfm?App_mode=Display_Statute&URL=0700-0799/0790/Sections/0790.23.html","","","","fl-felon-in-possession-of-firearm","false","false","false",""
"scope","790.23","(1)","Fla. Stat. § 790.23(1)","Felons and delinquents; possession of firearms, ammunition, or electric weapons or devices unlawful","covered","An explicit eligible analyst decision covers this cited scope; it does not establish unenumerated offenses.","official_current_cache","2026-09-18T15:33:44.485Z","7cccddd133508a99f451fe827c60c0d01c22ea27bdd5b266ada759c222d50c1d","https://www.leg.state.fl.us/statutes/index.cfm?App_mode=Display_Statute&URL=0700-0799/0790/Sections/0790.23.html","fl-fs-790-23-felons-and-delinquents-possession-of-firearms-ammunition-or-electric-weapons-or-devices-unlawful","fl-fs-790-23-felons-and-delinquents-possession-of-firearms-ammunition-or-electric-weapons-or-devices-unlawful","eligible","","false","false","false",""
"section","790.221","","Fla. Stat. § 790.221","Possession of short-barreled rifle, short-barreled shotgun, or machine gun; penalty","partially_covered","One or more cited scopes map to selectable records; no statewide offense denominator or complete branch analysis proves the entire section covered.","official_current_cache","2026-09-18T15:33:42.158Z","e6ed1741c1a29b4614a6ae01ad7b29589a48ce433513d198ccf9420afda2d886","https://www.leg.state.fl.us/statutes/index.cfm?App_mode=Display_Statute&URL=0700-0799/0790/Sections/0790.221.html","fl-fs-790-221-possession-of-short-barreled-rifle-short-barreled-shotgun-or-machine-gun-penalty","fl-fs-790-221-possession-of-short-barreled-rifle-short-barreled-shotgun-or-machine-gun-penalty","eligible","fl-possession-of-prohibited-weapon","false","false","false",""
"scope","790.221","","Fla. Stat. § 790.221","Possession of short-barreled rifle, short-barreled shotgun, or machine gun; penalty","covered","An explicit eligible analyst decision covers this cited scope; it does not establish unenumerated offenses.","official_current_cache","2026-09-18T15:33:42.158Z","e6ed1741c1a29b4614a6ae01ad7b29589a48ce433513d198ccf9420afda2d886","https://www.leg.state.fl.us/statutes/index.cfm?App_mode=Display_Statute&URL=0700-0799/0790/Sections/0790.221.html","fl-fs-790-221-possession-of-short-barreled-rifle-short-barreled-shotgun-or-machine-gun-penalty","fl-fs-790-221-possession-of-short-barreled-rifle-short-barreled-shotgun-or-machine-gun-penalty","eligible","fl-possession-of-prohibited-weapon","false","true","false",""
"section","791.001","","Fla. Stat. § 791.001","Application and enforcement","not_yet_analyzed","Official text is cached, but no explicit analysis establishes offense coverage.","official_current_cache","2026-09-18T15:26:31.045Z","b37dd86bb63bbfe13cc9fdb5130ede0d53f59dcc328a097905ba4ce69feec731","https://www.leg.state.fl.us/statutes/index.cfm?App_mode=Display_Statute&URL=0700-0799/0791/Sections/0791.001.html","","","","","false","false","false",""
"section","791.01","","Fla. Stat. § 791.01","Definitions","not_standalone_offense","All explicit section-level decisions classify this section as support-only.","official_current_cache","2026-09-18T15:26:31.045Z","ded196efa1e22b9b4d06cbb397f0ef5aafc9fe3864be505bb718af56d6f56b7d","https://www.leg.state.fl.us/statutes/index.cfm?App_mode=Display_Statute&URL=0700-0799/0791/Sections/0791.01.html","","fl-section-791.01","support_only","fl-illegal-fireworks","false","false","false",""
"scope","791.01","","Fla. Stat. § 791.01","Definitions","not_standalone_offense","This section supplies definitions for the fireworks chapter but contains no operative offense or grade.","official_current_cache","2026-09-18T15:26:31.045Z","ded196efa1e22b9b4d06cbb397f0ef5aafc9fe3864be505bb718af56d6f56b7d","https://www.leg.state.fl.us/statutes/index.cfm?App_mode=Display_Statute&URL=0700-0799/0791/Sections/0791.01.html","","fl-section-791.01","support_only","fl-illegal-fireworks","false","false","false",""
"section","791.02","","Fla. Stat. § 791.02","Sale of fireworks regulated; rules and regulations","not_yet_analyzed","Official text is cached, but no explicit analysis establishes offense coverage.","official_current_cache","2026-09-18T15:26:31.045Z","5283aa3146140be94c0721391491196e33447b6eb8405ceb167d1f6894947f10","https://www.leg.state.fl.us/statutes/index.cfm?App_mode=Display_Statute&URL=0700-0799/0791/Sections/0791.02.html","","","","","false","false","false",""
"section","791.03","","Fla. Stat. § 791.03","Bond of licensees","not_yet_analyzed","Official text is cached, but no explicit analysis establishes offense coverage.","official_current_cache","2026-09-18T15:26:31.045Z","12b5d7e8838fc489c34cdbef44b6d7ce557541430dfbe1222a894371a9af005f","https://www.leg.state.fl.us/statutes/index.cfm?App_mode=Display_Statute&URL=0700-0799/0791/Sections/0791.03.html","","","","","false","false","false",""
"section","791.04","","Fla. Stat. § 791.04","Sale at wholesale, etc., exempted","not_yet_analyzed","Official text is cached, but no explicit analysis establishes offense coverage.","official_current_cache","2026-09-18T15:26:31.045Z","543ae10937c5ffd31fdc337d1e8f4386f0e8fbbd7cbea96c8c1bee91a91fe948","https://www.leg.state.fl.us/statutes/index.cfm?App_mode=Display_Statute&URL=0700-0799/0791/Sections/0791.04.html","","","","","false","false","false",""
"section","791.05","","Fla. Stat. § 791.05","Seizure of illegal fireworks","not_yet_analyzed","Official text is cached, but no explicit analysis establishes offense coverage.","official_current_cache","2026-09-18T15:26:31.045Z","ce9bff43f3907b9077f501362b00b7805bf66c01427e0c98440a266495a93057","https://www.leg.state.fl.us/statutes/index.cfm?App_mode=Display_Statute&URL=0700-0799/0791/Sections/0791.05.html","","","","","false","false","false",""
"section","791.06","","Fla. Stat. § 791.06","Penalties","not_yet_analyzed","Official text is cached, but no explicit analysis establishes offense coverage.","official_current_cache","2026-09-18T15:26:31.045Z","b88287a4164992dcf339cb74150049aae90a60cb2c3a5a32863cf007b84fd2c4","https://www.leg.state.fl.us/statutes/index.cfm?App_mode=Display_Statute&URL=0700-0799/0791/Sections/0791.06.html","","","","","false","false","false",""
"section","791.07","","Fla. Stat. § 791.07","Agricultural and fish hatchery use","not_yet_analyzed","Official text is cached, but no explicit analysis establishes offense coverage.","official_current_cache","2026-09-18T15:26:31.045Z","74f86beac0455655327454740f8aa6684463dd7095fbb390eb7bb483f6a7e394","https://www.leg.state.fl.us/statutes/index.cfm?App_mode=Display_Statute&URL=0700-0799/0791/Sections/0791.07.html","","","","","false","false","false",""
"section","791.08","","Fla. Stat. § 791.08","Use during designated holidays; exemption","not_yet_analyzed","Official text is cached, but no explicit analysis establishes offense coverage.","official_current_cache","2026-09-18T15:26:31.045Z","05d3c9527601baab0b970dd8ba111d55a9fafecd6c1ac8824ac552f3dcabb8e0","https://www.leg.state.fl.us/statutes/index.cfm?App_mode=Display_Statute&URL=0700-0799/0791/Sections/0791.08.html","","","","","false","false","false",""
"section","791.012","","Fla. Stat. § 791.012","Minimum fireworks safety standards","not_yet_analyzed","Official text is cached, but no explicit analysis establishes offense coverage.","official_current_cache","2026-09-18T15:26:31.045Z","1b032663d4a3b89ee2296229926d037e576ce6e1ef9fe3aaa01988ceb2452401","https://www.leg.state.fl.us/statutes/index.cfm?App_mode=Display_Statute&URL=0700-0799/0791/Sections/0791.012.html","","","","","false","false","false",""
"section","791.013","","Fla. Stat. § 791.013","Testing and approval of sparklers; penalties","not_yet_analyzed","Official text is cached, but no explicit analysis establishes offense coverage.","official_current_cache","2026-09-18T15:26:31.045Z","c38de379a115a0974ed4a78c3c89f4e1ee42d8b995f65d4e0e2fc0fe12a22a4c","https://www.leg.state.fl.us/statutes/index.cfm?App_mode=Display_Statute&URL=0700-0799/0791/Sections/0791.013.html","","","","","false","false","false",""
"section","791.015","","Fla. Stat. § 791.015","Registration of manufacturers, distributors, wholesalers, and retailers of sparklers","not_yet_analyzed","Official text is cached, but no explicit analysis establishes offense coverage.","official_current_cache","2026-09-18T15:26:31.045Z","0c3068e82a081a915f7735dacc233d6dcae964a38df702c4c66ba60ae043c8f4","https://www.leg.state.fl.us/statutes/index.cfm?App_mode=Display_Statute&URL=0700-0799/0791/Sections/0791.015.html","","","","","false","false","false",""
"section","791.055","","Fla. Stat. § 791.055","Restrictions upon storage of sparklers","not_yet_analyzed","Official text is cached, but no explicit analysis establishes offense coverage.","official_current_cache","2026-09-18T15:26:31.045Z","09b5680c99cdf842381e89cd6c5e7768c777b1eb0eb8cc94a952c6c14c5a0769","https://www.leg.state.fl.us/statutes/index.cfm?App_mode=Display_Statute&URL=0700-0799/0791/Sections/0791.055.html","","","","","false","false","false",""
"section","794.05","","Fla. Stat. § 794.05","Unlawful sexual activity with certain minors","partially_covered","One or more cited scopes map to selectable records; no statewide offense denominator or complete branch analysis proves the entire section covered.","official_current_cache","2026-09-18T15:33:49.010Z","fc047cfc4928c9b5be484ba2b29ec0a40cf630a21131780260f2324b05de80c6","https://www.leg.state.fl.us/statutes/index.cfm?App_mode=Display_Statute&URL=0700-0799/0794/Sections/0794.05.html","fl-statutory-rape","fl-section-794.05","duplicate","","false","false","false",""
"scope","794.05","","Fla. Stat. § 794.05","Unlawful sexual activity with certain minors","partially_covered","Existing manifest retains unlawful sexual activity with certain minors at this section. A duplicate disposition alone does not establish current coverage of this exact cited scope.","official_current_cache","2026-09-18T15:33:49.010Z","fc047cfc4928c9b5be484ba2b29ec0a40cf630a21131780260f2324b05de80c6","https://www.leg.state.fl.us/statutes/index.cfm?App_mode=Display_Statute&URL=0700-0799/0794/Sections/0794.05.html","fl-statutory-rape","fl-section-794.05","duplicate","","true","false","false",""
"section","794.011","","Fla. Stat. § 794.011","Sexual battery","partially_covered","One or more cited scopes map to selectable records; no statewide offense denominator or complete branch analysis proves the entire section covered.","official_current_cache","2026-09-18T15:33:46.702Z","b77d824014613d68e1116453a3cc95bebc48cbba6353d8dd040c11474f65c60a","https://www.leg.state.fl.us/statutes/index.cfm?App_mode=Display_Statute&URL=0700-0799/0794/Sections/0794.011.html","fl-fs-794-011-2-sexual-battery|fl-sexual-assault-in-the-first-degree|fl-sexual-assault-in-the-third-degree","fl-fs-794-011-2-sexual-battery|fl-section-794.011","eligible|support_only","fl-sexual-assault-in-the-second-degree","false","false","false",""
"scope","794.011","","Fla. Stat. § 794.011","Sexual battery","not_standalone_offense","The former dependency hold is resolved; this row remains only a section-level note and creates no additional definition.","official_current_cache","2026-09-18T15:33:46.702Z","b77d824014613d68e1116453a3cc95bebc48cbba6353d8dd040c11474f65c60a","https://www.leg.state.fl.us/statutes/index.cfm?App_mode=Display_Statute&URL=0700-0799/0794/Sections/0794.011.html","","fl-section-794.011","support_only","","false","false","false",""
"scope","794.011","(2)","Fla. Stat. § 794.011(2)","Sexual battery","covered","An explicit eligible analyst decision covers this cited scope; it does not establish unenumerated offenses.","official_current_cache","2026-09-18T15:33:46.702Z","b77d824014613d68e1116453a3cc95bebc48cbba6353d8dd040c11474f65c60a","https://www.leg.state.fl.us/statutes/index.cfm?App_mode=Display_Statute&URL=0700-0799/0794/Sections/0794.011.html","fl-fs-794-011-2-sexual-battery","fl-fs-794-011-2-sexual-battery","eligible","","false","false","false",""
"scope","794.011","(3)","Fla. Stat. § 794.011(3)","Sexual battery","covered","The current legacy manifest explicitly retains this exact cited scope; no broader section completeness is inferred.","official_current_cache","2026-09-18T15:33:46.702Z","b77d824014613d68e1116453a3cc95bebc48cbba6353d8dd040c11474f65c60a","https://www.leg.state.fl.us/statutes/index.cfm?App_mode=Display_Statute&URL=0700-0799/0794/Sections/0794.011.html","fl-sexual-assault-in-the-first-degree","","","","false","false","false",""
"scope","794.011","(4)","Fla. Stat. § 794.011(4)","Sexual battery","not_yet_analyzed","This legacy cleanup item has no explicit offense analysis and is not counted as a missing offense.","official_current_cache","2026-09-18T15:33:46.702Z","b77d824014613d68e1116453a3cc95bebc48cbba6353d8dd040c11474f65c60a","https://www.leg.state.fl.us/statutes/index.cfm?App_mode=Display_Statute&URL=0700-0799/0794/Sections/0794.011.html","","","","fl-sexual-assault-in-the-second-degree","false","false","false",""
"scope","794.011","(5)","Fla. Stat. § 794.011(5)","Sexual battery","covered","The current legacy manifest explicitly retains this exact cited scope; no broader section completeness is inferred.","official_current_cache","2026-09-18T15:33:46.702Z","b77d824014613d68e1116453a3cc95bebc48cbba6353d8dd040c11474f65c60a","https://www.leg.state.fl.us/statutes/index.cfm?App_mode=Display_Statute&URL=0700-0799/0794/Sections/0794.011.html","fl-sexual-assault-in-the-third-degree","","","","false","false","false",""
"section","794.0115","","Fla. Stat. § 794.0115","Dangerous sexual felony offender; mandatory sentencing","not_yet_analyzed","Official text is cached, but no explicit analysis establishes offense coverage.","official_current_cache","2026-09-18T15:56:43.459Z","782802de17556d674d7aa27a924623b2d99747822d87855225fd7a618b78c623","https://www.leg.state.fl.us/statutes/index.cfm?App_mode=Display_Statute&URL=0700-0799/0794/Sections/0794.0115.html","","","","","false","false","false",""
"section","796.001","","Fla. Stat. § 796.001","Offenses by adults involving minors; intent","not_yet_analyzed","Official text is cached, but no explicit analysis establishes offense coverage.","official_current_cache","2026-09-18T15:26:31.839Z","c3a7bbfebbd32f1fff05de2525bdea45fa2423bf7f388eaa4cbd0d865a1255d2","https://www.leg.state.fl.us/statutes/index.cfm?App_mode=Display_Statute&URL=0700-0799/0796/Sections/0796.001.html","","","","","false","false","false",""
"section","796.04","","Fla. Stat. § 796.04","Forcing, compelling, or coercing another to become a prostitute","not_yet_analyzed","Official text is cached, but no explicit analysis establishes offense coverage.","official_current_cache","2026-09-18T15:26:31.839Z","781a75274a0bc23d7d8940347d66a81a006854241218d59459b19f6ed8471519","https://www.leg.state.fl.us/statutes/index.cfm?App_mode=Display_Statute&URL=0700-0799/0796/Sections/0796.04.html","","","","","false","false","false",""
"section","796.05","","Fla. Stat. § 796.05","Deriving support from the proceeds of prostitution","not_yet_analyzed","Official text is cached, but no explicit analysis establishes offense coverage.","official_current_cache","2026-09-18T15:26:31.839Z","bdbc47602b48c5dc5907160dab9b7946b13c0abb75cb08a0f500bbc6332c5e2f","https://www.leg.state.fl.us/statutes/index.cfm?App_mode=Display_Statute&URL=0700-0799/0796/Sections/0796.05.html","","","","","false","false","false",""
"section","796.06","","Fla. Stat. § 796.06","Renting space to be used for lewdness, assignation, or prostitution","not_yet_analyzed","Official text is cached, but no explicit analysis establishes offense coverage.","official_current_cache","2026-09-18T15:26:31.839Z","c3851ffe90f6caf6970edef420a8ebbbf25671d8384ed215c9898541c059c59a","https://www.leg.state.fl.us/statutes/index.cfm?App_mode=Display_Statute&URL=0700-0799/0796/Sections/0796.06.html","","","","","false","false","false",""
"section","796.07","","Fla. Stat. § 796.07","Prohibiting prostitution and related acts","partially_covered","One or more cited scopes map to selectable records; no statewide offense denominator or complete branch analysis proves the entire section covered.","official_current_cache","2026-09-18T15:26:31.839Z","2db10ef8152b2810184e89cd93a4f35a3988589249c1d5a7016285d5b08814a7","https://www.leg.state.fl.us/statutes/index.cfm?App_mode=Display_Statute&URL=0700-0799/0796/Sections/0796.07.html","fl-fs-796-07-prohibiting-prostitution-and-related-acts","fl-fs-796-07-prohibiting-prostitution-and-related-acts","eligible","fl-solicitation","false","false","false",""
"scope","796.07","","Fla. Stat. § 796.07","Prohibiting prostitution and related acts","covered","An explicit eligible analyst decision covers this cited scope; it does not establish unenumerated offenses.","official_current_cache","2026-09-18T15:26:31.839Z","2db10ef8152b2810184e89cd93a4f35a3988589249c1d5a7016285d5b08814a7","https://www.leg.state.fl.us/statutes/index.cfm?App_mode=Display_Statute&URL=0700-0799/0796/Sections/0796.07.html","fl-fs-796-07-prohibiting-prostitution-and-related-acts","fl-fs-796-07-prohibiting-prostitution-and-related-acts","eligible","fl-solicitation","false","true","false",""
"section","796.08","","Fla. Stat. § 796.08","Screening for HIV and sexually transmissible diseases; providing penalties","not_yet_analyzed","Official text is cached, but no explicit analysis establishes offense coverage.","official_current_cache","2026-09-18T15:26:31.839Z","8ea0e8f1655a916c38991dd1bb89b231932dbae4cb65ac99c43e874376a0882c","https://www.leg.state.fl.us/statutes/index.cfm?App_mode=Display_Statute&URL=0700-0799/0796/Sections/0796.08.html","","","","","false","false","false",""
"section","796.09","","Fla. Stat. § 796.09","Coercion; civil cause of action; evidence; defenses; attorney’s fees","not_yet_analyzed","Official text is cached, but no explicit analysis establishes offense coverage.","official_current_cache","2026-09-18T15:26:31.839Z","112861dd4fc35abbc2d74b79fa86b2937bf6d61ffa6b4bc7f98838d2c7d59309","https://www.leg.state.fl.us/statutes/index.cfm?App_mode=Display_Statute&URL=0700-0799/0796/Sections/0796.09.html","","","","","false","false","false",""
"section","800.03","","Fla. Stat. § 800.03","Exposure of sexual organs","partially_covered","One or more cited scopes map to selectable records; no statewide offense denominator or complete branch analysis proves the entire section covered.","official_current_cache","2026-09-18T15:26:32.681Z","df7bd7420beae7f4fb552d265df5376026e0868b93ea5c093f5717b2cb28a940","https://www.leg.state.fl.us/statutes/index.cfm?App_mode=Display_Statute&URL=0800-0899/0800/Sections/0800.03.html","fl-fs-800-03-1-unlawful-exposure-of-sexual-organs","fl-fs-800-03-1-unlawful-exposure-of-sexual-organs","eligible","fl-indecent-exposure","false","false","false",""
"scope","800.03","","Fla. Stat. § 800.03","Exposure of sexual organs","not_yet_analyzed","This legacy cleanup item has no explicit offense analysis and is not counted as a missing offense.","official_current_cache","2026-09-18T15:26:32.681Z","df7bd7420beae7f4fb552d265df5376026e0868b93ea5c093f5717b2cb28a940","https://www.leg.state.fl.us/statutes/index.cfm?App_mode=Display_Statute&URL=0800-0899/0800/Sections/0800.03.html","","","","fl-indecent-exposure","false","false","false",""
"scope","800.03","(1)","Fla. Stat. § 800.03(1)","Exposure of sexual organs","covered","An explicit eligible analyst decision covers this cited scope; it does not establish unenumerated offenses.","official_current_cache","2026-09-18T15:26:32.681Z","df7bd7420beae7f4fb552d265df5376026e0868b93ea5c093f5717b2cb28a940","https://www.leg.state.fl.us/statutes/index.cfm?App_mode=Display_Statute&URL=0800-0899/0800/Sections/0800.03.html","fl-fs-800-03-1-unlawful-exposure-of-sexual-organs","fl-fs-800-03-1-unlawful-exposure-of-sexual-organs","eligible","","false","false","false",""
"section","800.04","","Fla. Stat. § 800.04","Lewd or lascivious offenses committed upon or in the presence of persons less than 16 years of age","partially_covered","One or more cited scopes map to selectable records; no statewide offense denominator or complete branch analysis proves the entire section covered.","official_current_cache","2026-09-18T15:26:32.681Z","be4860d2e8183e88e2c2da7747ecf9e8ab4ca31fbbb7cfd83285d066a521a96a","https://www.leg.state.fl.us/statutes/index.cfm?App_mode=Display_Statute&URL=0800-0899/0800/Sections/0800.04.html","fl-fs-800-04-4-lewd-or-lascivious-battery|fl-fs-800-04-5-lewd-or-lascivious-molestation|fl-fs-800-04-6-lewd-or-lascivious-conduct|fl-fs-800-04-7-lewd-or-lascivious-exhibition","fl-fs-800-04-4-lewd-or-lascivious-battery|fl-fs-800-04-5-lewd-or-lascivious-molestation|fl-fs-800-04-6-lewd-or-lascivious-conduct|fl-fs-800-04-7-lewd-or-lascivious-exhibition","eligible","fl-child-sexual-abuse","false","false","false",""
"scope","800.04","","Fla. Stat. § 800.04","Lewd or lascivious offenses committed upon or in the presence of persons less than 16 years of age","not_yet_analyzed","This legacy cleanup item has no explicit offense analysis and is not counted as a missing offense.","official_current_cache","2026-09-18T15:26:32.681Z","be4860d2e8183e88e2c2da7747ecf9e8ab4ca31fbbb7cfd83285d066a521a96a","https://www.leg.state.fl.us/statutes/index.cfm?App_mode=Display_Statute&URL=0800-0899/0800/Sections/0800.04.html","","","","fl-child-sexual-abuse","false","false","false",""
"scope","800.04","(4)","Fla. Stat. § 800.04(4)","Lewd or lascivious offenses committed upon or in the presence of persons less than 16 years of age","covered","An explicit eligible analyst decision covers this cited scope; it does not establish unenumerated offenses.","official_current_cache","2026-09-18T15:26:32.681Z","be4860d2e8183e88e2c2da7747ecf9e8ab4ca31fbbb7cfd83285d066a521a96a","https://www.leg.state.fl.us/statutes/index.cfm?App_mode=Display_Statute&URL=0800-0899/0800/Sections/0800.04.html","fl-fs-800-04-4-lewd-or-lascivious-battery","fl-fs-800-04-4-lewd-or-lascivious-battery","eligible","","false","false","false",""
"scope","800.04","(5)","Fla. Stat. § 800.04(5)","Lewd or lascivious offenses committed upon or in the presence of persons less than 16 years of age","covered","An explicit eligible analyst decision covers this cited scope; it does not establish unenumerated offenses.","official_current_cache","2026-09-18T15:26:32.681Z","be4860d2e8183e88e2c2da7747ecf9e8ab4ca31fbbb7cfd83285d066a521a96a","https://www.leg.state.fl.us/statutes/index.cfm?App_mode=Display_Statute&URL=0800-0899/0800/Sections/0800.04.html","fl-fs-800-04-5-lewd-or-lascivious-molestation","fl-fs-800-04-5-lewd-or-lascivious-molestation","eligible","","false","false","false",""
"scope","800.04","(6)","Fla. Stat. § 800.04(6)","Lewd or lascivious offenses committed upon or in the presence of persons less than 16 years of age","covered","An explicit eligible analyst decision covers this cited scope; it does not establish unenumerated offenses.","official_current_cache","2026-09-18T15:26:32.681Z","be4860d2e8183e88e2c2da7747ecf9e8ab4ca31fbbb7cfd83285d066a521a96a","https://www.leg.state.fl.us/statutes/index.cfm?App_mode=Display_Statute&URL=0800-0899/0800/Sections/0800.04.html","fl-fs-800-04-6-lewd-or-lascivious-conduct","fl-fs-800-04-6-lewd-or-lascivious-conduct","eligible","","false","false","false",""
"scope","800.04","(7)","Fla. Stat. § 800.04(7)","Lewd or lascivious offenses committed upon or in the presence of persons less than 16 years of age","covered","An explicit eligible analyst decision covers this cited scope; it does not establish unenumerated offenses.","official_current_cache","2026-09-18T15:26:32.681Z","be4860d2e8183e88e2c2da7747ecf9e8ab4ca31fbbb7cfd83285d066a521a96a","https://www.leg.state.fl.us/statutes/index.cfm?App_mode=Display_Statute&URL=0800-0899/0800/Sections/0800.04.html","fl-fs-800-04-7-lewd-or-lascivious-exhibition","fl-fs-800-04-7-lewd-or-lascivious-exhibition","eligible","","false","false","false",""
"section","800.05","","Fla. Stat. § 800.05","Forfeiture of retirement benefits for a felony defined in s. 800.04","not_yet_analyzed","Official text is cached, but no explicit analysis establishes offense coverage.","official_current_cache","2026-09-18T15:26:32.681Z","1c88f3dcbc99ec5bd7b9ec3376c49b7e4f65afb447d4fcc77027cd0831a0405f","https://www.leg.state.fl.us/statutes/index.cfm?App_mode=Display_Statute&URL=0800-0899/0800/Sections/0800.05.html","","","","","false","false","false",""
"section","800.09","","Fla. Stat. § 800.09","Lewd or lascivious exhibition in the presence of an employee","not_yet_analyzed","Official text is cached, but no explicit analysis establishes offense coverage.","official_current_cache","2026-09-18T15:26:32.681Z","bc39c6553eec1506f00afa76a0d8ff8d196b45b3fa777efc12bea0dc1d7c80ca","https://www.leg.state.fl.us/statutes/index.cfm?App_mode=Display_Statute&URL=0800-0899/0800/Sections/0800.09.html","","","","","false","false","false",""
"section","800.035","","Fla. Stat. § 800.035","Indecent exposure of sexual organs while observing a child","not_yet_analyzed","Official text is cached, but no explicit analysis establishes offense coverage.","official_current_cache","2026-09-18T15:26:32.681Z","89c558fad65a71715c18309a18db82b721cdaca2a148004f888cdede69b0c2d6","https://www.leg.state.fl.us/statutes/index.cfm?App_mode=Display_Statute&URL=0800-0899/0800/Sections/0800.035.html","","","","","false","false","false",""
"section","800.045","","Fla. Stat. § 800.045","Lewd or lascivious images; penalties","not_yet_analyzed","Official text is cached, but no explicit analysis establishes offense coverage.","official_current_cache","2026-09-18T15:26:32.681Z","c6b3e265ff7f8d90f7edf8ba4d0f4b86d0a58f15cb262a572050821e6e4f7e35","https://www.leg.state.fl.us/statutes/index.cfm?App_mode=Display_Statute&URL=0800-0899/0800/Sections/0800.045.html","","","","","false","false","false",""
"section","800.101","","Fla. Stat. § 800.101","Offenses against students by authority figures","not_yet_analyzed","Official text is cached, but no explicit analysis establishes offense coverage.","official_current_cache","2026-09-18T15:26:32.681Z","28961527884e5296d58bd2c3dd77fa6c6037cc852d1950df17e06be9525f528d","https://www.leg.state.fl.us/statutes/index.cfm?App_mode=Display_Statute&URL=0800-0899/0800/Sections/0800.101.html","","","","","false","false","false",""
"section","806.01","","Fla. Stat. § 806.01","Arson","partially_covered","One or more cited scopes map to selectable records; no statewide offense denominator or complete branch analysis proves the entire section covered.","official_current_cache","2026-09-18T15:26:33.441Z","e13db2fe21460576183be83a4004bdd0ccf52a7c5d9013a3ead2a7621092305c","https://www.leg.state.fl.us/statutes/index.cfm?App_mode=Display_Statute&URL=0800-0899/0806/Sections/0806.01.html","fl-fs-806-01-1-arson-in-the-first-degree|fl-fs-806-01-2-arson-in-the-second-degree","fl-fs-806-01-1-arson-in-the-first-degree|fl-fs-806-01-2-arson-in-the-second-degree","eligible","","false","false","true",""
"scope","806.01","(1)","Fla. Stat. § 806.01(1)","Arson","covered","An explicit eligible analyst decision covers this cited scope; it does not establish unenumerated offenses.","official_current_cache","2026-09-18T15:26:33.441Z","e13db2fe21460576183be83a4004bdd0ccf52a7c5d9013a3ead2a7621092305c","https://www.leg.state.fl.us/statutes/index.cfm?App_mode=Display_Statute&URL=0800-0899/0806/Sections/0806.01.html","fl-fs-806-01-1-arson-in-the-first-degree","fl-fs-806-01-1-arson-in-the-first-degree","eligible","","false","false","true",""
"scope","806.01","(2)","Fla. Stat. § 806.01(2)","Arson","covered","An explicit eligible analyst decision covers this cited scope; it does not establish unenumerated offenses.","official_current_cache","2026-09-18T15:26:33.441Z","e13db2fe21460576183be83a4004bdd0ccf52a7c5d9013a3ead2a7621092305c","https://www.leg.state.fl.us/statutes/index.cfm?App_mode=Display_Statute&URL=0800-0899/0806/Sections/0806.01.html","fl-fs-806-01-2-arson-in-the-second-degree","fl-fs-806-01-2-arson-in-the-second-degree","eligible","","false","false","true",""
"section","806.10","","Fla. Stat. § 806.10","Preventing or obstructing extinguishment of fire","not_yet_analyzed","Official text is cached, but no explicit analysis establishes offense coverage.","official_current_cache","2026-09-18T15:26:33.441Z","cfc7ff779f9c52310e0c0671d9d21c2a4dcd96b0e3ffc22541d476b717d4a3f8","https://www.leg.state.fl.us/statutes/index.cfm?App_mode=Display_Statute&URL=0800-0899/0806/Sections/0806.10.html","","","","","false","false","false",""
"section","806.13","","Fla. Stat. § 806.13","Criminal mischief; penalties; penalty for minor","partially_covered","One or more cited scopes map to selectable records; no statewide offense denominator or complete branch analysis proves the entire section covered.","official_current_cache","2026-09-18T15:26:33.441Z","2a26f6fe81a54e875fffe4fec87b9e390243943b9cf092999a9d8c13400852ac","https://www.leg.state.fl.us/statutes/index.cfm?App_mode=Display_Statute&URL=0800-0899/0806/Sections/0806.13.html","fl-fs-806-13-criminal-mischief","fl-fs-806-13-criminal-mischief","eligible","fl-vandalism","false","false","false",""
"scope","806.13","","Fla. Stat. § 806.13","Criminal mischief; penalties; penalty for minor","not_yet_analyzed","This legacy cleanup item has no explicit offense analysis and is not counted as a missing offense.","official_current_cache","2026-09-18T15:26:33.441Z","2a26f6fe81a54e875fffe4fec87b9e390243943b9cf092999a9d8c13400852ac","https://www.leg.state.fl.us/statutes/index.cfm?App_mode=Display_Statute&URL=0800-0899/0806/Sections/0806.13.html","","","","fl-vandalism","false","false","false",""
"scope","806.13","(1)","Fla. Stat. § 806.13(1)","Criminal mischief; penalties; penalty for minor","covered","An explicit eligible analyst decision covers this cited scope; it does not establish unenumerated offenses.","official_current_cache","2026-09-18T15:26:33.441Z","2a26f6fe81a54e875fffe4fec87b9e390243943b9cf092999a9d8c13400852ac","https://www.leg.state.fl.us/statutes/index.cfm?App_mode=Display_Statute&URL=0800-0899/0806/Sections/0806.13.html","fl-fs-806-13-criminal-mischief","fl-fs-806-13-criminal-mischief","eligible","","false","false","false",""
"section","806.14","","Fla. Stat. § 806.14","Art works in public buildings; willful damage; unauthorized removal; penalties","not_yet_analyzed","Official text is cached, but no explicit analysis establishes offense coverage.","official_current_cache","2026-09-18T15:26:33.441Z","f9c90f6713502ae5f4991942f553889ebc3ee6abad3c3efb8a28642bd6c73445","https://www.leg.state.fl.us/statutes/index.cfm?App_mode=Display_Statute&URL=0800-0899/0806/Sections/0806.14.html","","","","","false","false","false",""
"section","806.031","","Fla. Stat. § 806.031","Arson resulting in injury to another; penalty","not_yet_analyzed","Official text is cached, but no explicit analysis establishes offense coverage.","official_current_cache","2026-09-18T15:26:33.441Z","6ef1f722a1c9e8324511a2d120e83732b739d4c6ddad98ac3bf7b943a4ddfa14","https://www.leg.state.fl.us/statutes/index.cfm?App_mode=Display_Statute&URL=0800-0899/0806/Sections/0806.031.html","","","","","false","false","false",""
"section","806.101","","Fla. Stat. § 806.101","False alarms of fires","not_yet_analyzed","Official text is cached, but no explicit analysis establishes offense coverage.","official_current_cache","2026-09-18T15:26:33.441Z","d1552a74f63695ce197782080e2a529704404b0990906f97a91d124b18a5af20","https://www.leg.state.fl.us/statutes/index.cfm?App_mode=Display_Statute&URL=0800-0899/0806/Sections/0806.101.html","","","","","false","false","false",""
"section","806.111","","Fla. Stat. § 806.111","Fire bombs","not_yet_analyzed","Official text is cached, but no explicit analysis establishes offense coverage.","official_current_cache","2026-09-18T15:26:33.441Z","346f228c997a22d6a37828ea7f8e58367ffcc66b469449a124b8e9aec0f5877e","https://www.leg.state.fl.us/statutes/index.cfm?App_mode=Display_Statute&URL=0800-0899/0806/Sections/0806.111.html","","","","","false","false","false",""
"section","806.135","","Fla. Stat. § 806.135","Destroying or demolishing a memorial or historic property","not_yet_analyzed","Official text is cached, but no explicit analysis establishes offense coverage.","official_current_cache","2026-09-18T15:26:33.441Z","298937d6ce47a46705cfe8c15bf2a5a435a1abd50ed76b71d3e8c1e92eca0173","https://www.leg.state.fl.us/statutes/index.cfm?App_mode=Display_Statute&URL=0800-0899/0806/Sections/0806.135.html","","","","","false","false","false",""
"section","810.02","","Fla. Stat. § 810.02","Burglary","partially_covered","One or more cited scopes map to selectable records; no statewide offense denominator or complete branch analysis proves the entire section covered.","official_current_cache","2026-09-18T15:26:34.266Z","4304135fddba2643ae0244e10af5613fc0c08e2b3e5cff6a1c4bcc9d91acce6d","https://www.leg.state.fl.us/statutes/index.cfm?App_mode=Display_Statute&URL=0800-0899/0810/Sections/0810.02.html","fl-burglary-in-the-first-degree|fl-burglary-in-the-second-degree","fl-section-810.02","duplicate","fl-auto-burglary|fl-commercial-burglary|fl-residential-burglary","false","false","false",""
"scope","810.02","","Fla. Stat. § 810.02","Burglary","partially_covered","Existing manifest exact-alias records already cover first- and second-degree burglary at their reviewed subdivisions. A duplicate disposition alone does not establish current coverage of this exact cited scope.","official_current_cache","2026-09-18T15:26:34.266Z","4304135fddba2643ae0244e10af5613fc0c08e2b3e5cff6a1c4bcc9d91acce6d","https://www.leg.state.fl.us/statutes/index.cfm?App_mode=Display_Statute&URL=0800-0899/0810/Sections/0810.02.html","","fl-section-810.02","duplicate","","true","false","false",""
"scope","810.02","(2)","Fla. Stat. § 810.02(2)","Burglary","covered","The current legacy manifest explicitly retains this exact cited scope; no broader section completeness is inferred.","official_current_cache","2026-09-18T15:26:34.266Z","4304135fddba2643ae0244e10af5613fc0c08e2b3e5cff6a1c4bcc9d91acce6d","https://www.leg.state.fl.us/statutes/index.cfm?App_mode=Display_Statute&URL=0800-0899/0810/Sections/0810.02.html","fl-burglary-in-the-first-degree","","","fl-residential-burglary","false","true","false",""
"scope","810.02","(3)","Fla. Stat. § 810.02(3)","Burglary","covered","The current legacy manifest explicitly retains this exact cited scope; no broader section completeness is inferred.","official_current_cache","2026-09-18T15:26:34.266Z","4304135fddba2643ae0244e10af5613fc0c08e2b3e5cff6a1c4bcc9d91acce6d","https://www.leg.state.fl.us/statutes/index.cfm?App_mode=Display_Statute&URL=0800-0899/0810/Sections/0810.02.html","fl-burglary-in-the-second-degree","","","fl-commercial-burglary","false","true","false",""
"scope","810.02","(4)","Fla. Stat. § 810.02(4)","Burglary","not_yet_analyzed","This legacy cleanup item has no explicit offense analysis and is not counted as a missing offense.","official_current_cache","2026-09-18T15:26:34.266Z","4304135fddba2643ae0244e10af5613fc0c08e2b3e5cff6a1c4bcc9d91acce6d","https://www.leg.state.fl.us/statutes/index.cfm?App_mode=Display_Statute&URL=0800-0899/0810/Sections/0810.02.html","","","","fl-auto-burglary","false","false","false",""
"section","810.06","","Fla. Stat. § 810.06","Possession of burglary tools","not_yet_analyzed","Official text is cached, but no explicit analysis establishes offense coverage.","official_current_cache","2026-09-18T15:26:34.266Z","f608e2aef3a227e297bb7f83872dc5990d19226da1de32dc4c25bce4683a08a2","https://www.leg.state.fl.us/statutes/index.cfm?App_mode=Display_Statute&URL=0800-0899/0810/Sections/0810.06.html","","","","","false","false","false",""
"section","810.07","","Fla. Stat. § 810.07","Prima facie evidence of intent","not_yet_analyzed","Official text is cached, but no explicit analysis establishes offense coverage.","official_current_cache","2026-09-18T15:26:34.266Z","65bb72fd4693d29028626130ee52e737059f2fe5d2d01316df6172833b8cb885","https://www.leg.state.fl.us/statutes/index.cfm?App_mode=Display_Statute&URL=0800-0899/0810/Sections/0810.07.html","","","","","false","false","false",""
"section","810.08","","Fla. Stat. § 810.08","Trespass in structure or conveyance","partially_covered","One or more cited scopes map to selectable records; no statewide offense denominator or complete branch analysis proves the entire section covered.","official_current_cache","2026-09-18T15:26:34.266Z","d257c8570e1a0e486b605580b3ae19c3e828437be9660c372d9d8a6f7bf03de4","https://www.leg.state.fl.us/statutes/index.cfm?App_mode=Display_Statute&URL=0800-0899/0810/Sections/0810.08.html","fl-trespass-in-structure","fl-section-810.08","duplicate","","false","false","false",""
"scope","810.08","","Fla. Stat. § 810.08","Trespass in structure or conveyance","partially_covered","The existing manifest retains trespass in structure at section 810.08 with the same operative scope. A duplicate disposition alone does not establish current coverage of this exact cited scope.","official_current_cache","2026-09-18T15:26:34.266Z","d257c8570e1a0e486b605580b3ae19c3e828437be9660c372d9d8a6f7bf03de4","https://www.leg.state.fl.us/statutes/index.cfm?App_mode=Display_Statute&URL=0800-0899/0810/Sections/0810.08.html","fl-trespass-in-structure","fl-section-810.08","duplicate","","true","false","false",""
"section","810.09","","Fla. Stat. § 810.09","Trespass on property other than structure or conveyance","partially_covered","One or more cited scopes map to selectable records; no statewide offense denominator or complete branch analysis proves the entire section covered.","official_current_cache","2026-09-18T15:26:34.266Z","8d5da32e2029d8936090727630db84c1aadf8b060e51fce3d24001b864d671ec","https://www.leg.state.fl.us/statutes/index.cfm?App_mode=Display_Statute&URL=0800-0899/0810/Sections/0810.09.html","fl-fs-810-09-trespass-on-property-other-than-structure-or-conveyance","fl-fs-810-09-trespass-on-property-other-than-structure-or-conveyance","eligible","fl-trespass-after-warning","false","false","false",""
"scope","810.09","","Fla. Stat. § 810.09","Trespass on property other than structure or conveyance","not_yet_analyzed","This legacy cleanup item has no explicit offense analysis and is not counted as a missing offense.","official_current_cache","2026-09-18T15:26:34.266Z","8d5da32e2029d8936090727630db84c1aadf8b060e51fce3d24001b864d671ec","https://www.leg.state.fl.us/statutes/index.cfm?App_mode=Display_Statute&URL=0800-0899/0810/Sections/0810.09.html","","","","fl-trespass-after-warning","false","false","false",""
"scope","810.09","(1)-(2)","Fla. Stat. § 810.09(1)-(2)","Trespass on property other than structure or conveyance","covered","An explicit eligible analyst decision covers this cited scope; it does not establish unenumerated offenses.","official_current_cache","2026-09-18T15:26:34.266Z","8d5da32e2029d8936090727630db84c1aadf8b060e51fce3d24001b864d671ec","https://www.leg.state.fl.us/statutes/index.cfm?App_mode=Display_Statute&URL=0800-0899/0810/Sections/0810.09.html","fl-fs-810-09-trespass-on-property-other-than-structure-or-conveyance","fl-fs-810-09-trespass-on-property-other-than-structure-or-conveyance","eligible","","false","false","false",""
"section","810.10","","Fla. Stat. § 810.10","Posted land; removing notices unlawful; penalty","not_yet_analyzed","Official text is cached, but no explicit analysis establishes offense coverage.","official_current_cache","2026-09-18T15:26:34.266Z","90a298848f2d66e52caf7e1221fcab25f717a78c4c241ee85e63a78d01942ef9","https://www.leg.state.fl.us/statutes/index.cfm?App_mode=Display_Statute&URL=0800-0899/0810/Sections/0810.10.html","","","","","false","false","false",""
"section","810.011","","Fla. Stat. § 810.011","Definitions","not_yet_analyzed","Official text is cached, but no explicit analysis establishes offense coverage.","official_current_cache","2026-09-18T15:26:34.266Z","468602d34d5856eaba3645c3174e8f598866f1b0098f6e2c8c9320bafbe8821d","https://www.leg.state.fl.us/statutes/index.cfm?App_mode=Display_Statute&URL=0800-0899/0810/Sections/0810.011.html","","","","","false","false","false",""
"section","810.11","","Fla. Stat. § 810.11","Placing signs adjacent to highways; penalty","not_yet_analyzed","Official text is cached, but no explicit analysis establishes offense coverage.","official_current_cache","2026-09-18T15:26:34.266Z","c0dcaa7b919e8384b28b39a6ad5bf61a3351f86d938d120c7bf1c02f95d3a7fe","https://www.leg.state.fl.us/statutes/index.cfm?App_mode=Display_Statute&URL=0800-0899/0810/Sections/0810.11.html","","","","","false","false","false",""
"section","810.12","","Fla. Stat. § 810.12","Unauthorized entry on land; prima facie evidence of trespass","not_yet_analyzed","Official text is cached, but no explicit analysis establishes offense coverage.","official_current_cache","2026-09-18T15:26:34.266Z","0844545fb26f908766dff1280faf4fb97641d7e705b60ab6861488d55572cc9e","https://www.leg.state.fl.us/statutes/index.cfm?App_mode=Display_Statute&URL=0800-0899/0810/Sections/0810.12.html","","","","","false","false","false",""
"section","810.13","","Fla. Stat. § 810.13","Cave vandalism and related offenses","not_yet_analyzed","Official text is cached, but no explicit analysis establishes offense coverage.","official_current_cache","2026-09-18T15:26:34.266Z","352844d2988ed45fd715fabe32cfb83a591cec4384816a4e66f1b8f1ede55358","https://www.leg.state.fl.us/statutes/index.cfm?App_mode=Display_Statute&URL=0800-0899/0810/Sections/0810.13.html","","","","","false","false","false",""
"section","810.14","","Fla. Stat. § 810.14","Voyeurism prohibited; penalties","not_yet_analyzed","Official text is cached, but no explicit analysis establishes offense coverage.","official_current_cache","2026-09-18T15:26:34.266Z","b70725b7724a218d0a8d6f7d5d948b3e1c918f45dcc37212158bd06cab773bbd","https://www.leg.state.fl.us/statutes/index.cfm?App_mode=Display_Statute&URL=0800-0899/0810/Sections/0810.14.html","","","","","false","false","false",""
"section","810.015","","Fla. Stat. § 810.015","Legislative findings and intent; burglary","not_yet_analyzed","Official text is cached, but no explicit analysis establishes offense coverage.","official_current_cache","2026-09-18T15:26:34.266Z","d37cb8abae80a4e0226aaab67031afcd542437707d6aab43008e8b26a0450dba","https://www.leg.state.fl.us/statutes/index.cfm?App_mode=Display_Statute&URL=0800-0899/0810/Sections/0810.015.html","","","","","false","false","false",""
"section","810.15","","Fla. Stat. § 810.15","Residential picketing","not_yet_analyzed","Official text is cached, but no explicit analysis establishes offense coverage.","official_current_cache","2026-09-18T15:26:34.266Z","3545b2d4d8011abcb9398984e754c99af3bb11e9d75dbb4af65db7a51d46e3cc","https://www.leg.state.fl.us/statutes/index.cfm?App_mode=Display_Statute&URL=0800-0899/0810/Sections/0810.15.html","","","","","false","false","false",""
"section","810.061","","Fla. Stat. § 810.061","Impairing or impeding telephone or power to a dwelling; facilitating or furthering a burglary; penalty","not_yet_analyzed","Official text is cached, but no explicit analysis establishes offense coverage.","official_current_cache","2026-09-18T15:26:34.266Z","b39daed855dca7329ba06e5af163eb2cc2ea22850a9455ee5dfd16703e9c0408","https://www.leg.state.fl.us/statutes/index.cfm?App_mode=Display_Statute&URL=0800-0899/0810/Sections/0810.061.html","","","","","false","false","false",""
"section","810.095","","Fla. Stat. § 810.095","Trespass on school property with firearm or other weapon prohibited","not_yet_analyzed","Official text is cached, but no explicit analysis establishes offense coverage.","official_current_cache","2026-09-18T15:26:34.266Z","dd768ca8030e7b1eaf898ec59fa2b15ca0a3748a69389b444022fbd12c632584","https://www.leg.state.fl.us/statutes/index.cfm?App_mode=Display_Statute&URL=0800-0899/0810/Sections/0810.095.html","","","","","false","false","false",""
"section","810.097","","Fla. Stat. § 810.097","Trespass upon grounds or facilities of a school; penalties; arrest","not_yet_analyzed","Official text is cached, but no explicit analysis establishes offense coverage.","official_current_cache","2026-09-18T15:26:34.266Z","256a39d9f243561c53732472e446865c93732da4efcfcd1f0ae8de8ef352efc4","https://www.leg.state.fl.us/statutes/index.cfm?App_mode=Display_Statute&URL=0800-0899/0810/Sections/0810.097.html","","","","","false","false","false",""
"section","810.098","","Fla. Stat. § 810.098","Trespass for the purpose of threatening or intimidating another person","not_yet_analyzed","Official text is cached, but no explicit analysis establishes offense coverage.","official_current_cache","2026-09-18T15:26:34.266Z","49c554a127c187f2adbdcd3e121a74c1d56ff3e5f9496779e6d2ac2c9f3865b8","https://www.leg.state.fl.us/statutes/index.cfm?App_mode=Display_Statute&URL=0800-0899/0810/Sections/0810.098.html","","","","","false","false","false",""
"section","810.115","","Fla. Stat. § 810.115","Breaking or injuring fences","not_yet_analyzed","Official text is cached, but no explicit analysis establishes offense coverage.","official_current_cache","2026-09-18T15:26:34.266Z","3aeccbbf5b6a5a65cfb07c89fd7d68f4c817cf6d604ad85ae8650ab79b9c46f8","https://www.leg.state.fl.us/statutes/index.cfm?App_mode=Display_Statute&URL=0800-0899/0810/Sections/0810.115.html","","","","","false","false","false",""
"section","810.125","","Fla. Stat. § 810.125","Injury to certain trespassers on agricultural land; recovery limited","not_yet_analyzed","Official text is cached, but no explicit analysis establishes offense coverage.","official_current_cache","2026-09-18T15:26:34.266Z","e57dd584dd4e19e0079c5530e30ec7c11b4f24a08e376bfe9c18908c31aded58","https://www.leg.state.fl.us/statutes/index.cfm?App_mode=Display_Statute&URL=0800-0899/0810/Sections/0810.125.html","","","","","false","false","false",""
"section","810.145","","Fla. Stat. § 810.145","Digital voyeurism","not_yet_analyzed","Official text is cached, but no explicit analysis establishes offense coverage.","official_current_cache","2026-09-18T15:26:34.266Z","97a3c4cef1822382b56fb8eb42cb89a8c89cecd654b0bf57426f0b10c8a019ee","https://www.leg.state.fl.us/statutes/index.cfm?App_mode=Display_Statute&URL=0800-0899/0810/Sections/0810.145.html","","","","","false","false","false",""
"section","810.0975","","Fla. Stat. § 810.0975","School safety zones; definition; trespass prohibited; penalty","not_yet_analyzed","Official text is cached, but no explicit analysis establishes offense coverage.","official_current_cache","2026-09-18T15:26:34.266Z","38ec624e87e626e7f9d232210dff10cc795a92909a4ac4fa63dd249c46ed1723","https://www.leg.state.fl.us/statutes/index.cfm?App_mode=Display_Statute&URL=0800-0899/0810/Sections/0810.0975.html","","","","","false","false","false",""
"section","812.005","","Fla. Stat. § 812.005","Short title","not_yet_analyzed","Official text is cached, but no explicit analysis establishes offense coverage.","official_current_cache","2026-09-18T15:26:35.104Z","9f070824137155f4e6a780c18ef4d323bdb9675fb68e0228e76c51acea404cbb","https://www.leg.state.fl.us/statutes/index.cfm?App_mode=Display_Statute&URL=0800-0899/0812/Sections/0812.005.html","","","","","false","false","false",""
"section","812.012","","Fla. Stat. § 812.012","Definitions","not_yet_analyzed","Official text is cached, but no explicit analysis establishes offense coverage.","official_current_cache","2026-09-18T15:26:35.104Z","8137f28be09f21d9e5ac28cb5e2aa97152d87b8a76ac55a10da426e9655a53f0","https://www.leg.state.fl.us/statutes/index.cfm?App_mode=Display_Statute&URL=0800-0899/0812/Sections/0812.012.html","","","","","false","false","false",""
"section","812.13","","Fla. Stat. § 812.13","Robbery","partially_covered","One or more cited scopes map to selectable records; no statewide offense denominator or complete branch analysis proves the entire section covered.","official_current_cache","2026-09-18T15:26:35.104Z","0d5d581d9d5addc1c5c5838c926ba898bded5423bf5237bbdbc36d36e2d50a13","https://www.leg.state.fl.us/statutes/index.cfm?App_mode=Display_Statute&URL=0800-0899/0812/Sections/0812.13.html","fl-robbery-in-the-first-degree|fl-robbery-in-the-second-degree","fl-section-812.13","duplicate","","false","false","false",""
"scope","812.13","","Fla. Stat. § 812.13","Robbery","partially_covered","Existing exact aliases cover first- and second-degree robbery under this section. A duplicate disposition alone does not establish current coverage of this exact cited scope.","official_current_cache","2026-09-18T15:26:35.104Z","0d5d581d9d5addc1c5c5838c926ba898bded5423bf5237bbdbc36d36e2d50a13","https://www.leg.state.fl.us/statutes/index.cfm?App_mode=Display_Statute&URL=0800-0899/0812/Sections/0812.13.html","","fl-section-812.13","duplicate","","true","false","false",""
"scope","812.13","(2)(a)","Fla. Stat. § 812.13(2)(a)","Robbery","covered","The current legacy manifest explicitly retains this exact cited scope; no broader section completeness is inferred.","official_current_cache","2026-09-18T15:26:35.104Z","0d5d581d9d5addc1c5c5838c926ba898bded5423bf5237bbdbc36d36e2d50a13","https://www.leg.state.fl.us/statutes/index.cfm?App_mode=Display_Statute&URL=0800-0899/0812/Sections/0812.13.html","fl-robbery-in-the-first-degree","","","","false","false","false",""
"scope","812.13","(2)(c)","Fla. Stat. § 812.13(2)(c)","Robbery","covered","The current legacy manifest explicitly retains this exact cited scope; no broader section completeness is inferred.","official_current_cache","2026-09-18T15:26:35.104Z","0d5d581d9d5addc1c5c5838c926ba898bded5423bf5237bbdbc36d36e2d50a13","https://www.leg.state.fl.us/statutes/index.cfm?App_mode=Display_Statute&URL=0800-0899/0812/Sections/0812.13.html","fl-robbery-in-the-second-degree","","","","false","false","false",""
"section","812.014","","Fla. Stat. § 812.014","Theft","partially_covered","One or more cited scopes map to selectable records; no statewide offense denominator or complete branch analysis proves the entire section covered.","official_current_cache","2026-09-18T15:26:35.104Z","fe7a7c622d57b4b205f717d630c5e1b9c3414f6ce68327a1ce0d17f004247ec3","https://www.leg.state.fl.us/statutes/index.cfm?App_mode=Display_Statute&URL=0800-0899/0812/Sections/0812.014.html","fl-fs-812-014-2-e-petit-theft-of-the-first-degree|fl-fs-812-014-2-f-petit-theft-of-the-first-degree|fl-fs-812-014-3-a-petit-theft-of-the-second-degree|fl-fs-812-014-3-b-petit-theft|fl-fs-812-014-3-c-petit-theft|fl-grand-theft-in-the-first-degree|fl-grand-theft-in-the-second-degree|fl-grand-theft-in-the-third-degree","fl-fs-812-014-2-e-petit-theft-of-the-first-degree|fl-fs-812-014-2-f-petit-theft-of-the-first-degree|fl-fs-812-014-3-a-petit-theft-of-the-second-degree|fl-fs-812-014-3-b-petit-theft|fl-fs-812-014-3-c-petit-theft|fl-section-812.014","duplicate|eligible","fl-embezzlement|fl-petit-theft|fl-petty-theft","false","false","true",""
"scope","812.014","","Fla. Stat. § 812.014","Theft","partially_covered","Existing exact aliases already cover grand theft in the first, second, and third degrees at reviewed subdivisions. A duplicate disposition alone does not establish current coverage of this exact cited scope.","official_current_cache","2026-09-18T15:26:35.104Z","fe7a7c622d57b4b205f717d630c5e1b9c3414f6ce68327a1ce0d17f004247ec3","https://www.leg.state.fl.us/statutes/index.cfm?App_mode=Display_Statute&URL=0800-0899/0812/Sections/0812.014.html","","fl-section-812.014","duplicate","fl-petty-theft","true","false","true",""
"scope","812.014","(2)","Fla. Stat. § 812.014(2)","Theft","not_yet_analyzed","This legacy cleanup item has no explicit offense analysis and is not counted as a missing offense.","official_current_cache","2026-09-18T15:26:35.104Z","fe7a7c622d57b4b205f717d630c5e1b9c3414f6ce68327a1ce0d17f004247ec3","https://www.leg.state.fl.us/statutes/index.cfm?App_mode=Display_Statute&URL=0800-0899/0812/Sections/0812.014.html","","","","fl-embezzlement","false","false","true",""
"scope","812.014","(2)(a)","Fla. Stat. § 812.014(2)(a)","Theft","covered","The current legacy manifest explicitly retains this exact cited scope; no broader section completeness is inferred.","official_current_cache","2026-09-18T15:26:35.104Z","fe7a7c622d57b4b205f717d630c5e1b9c3414f6ce68327a1ce0d17f004247ec3","https://www.leg.state.fl.us/statutes/index.cfm?App_mode=Display_Statute&URL=0800-0899/0812/Sections/0812.014.html","fl-grand-theft-in-the-first-degree","","","","false","false","true",""
"scope","812.014","(2)(b)","Fla. Stat. § 812.014(2)(b)","Theft","covered","The current legacy manifest explicitly retains this exact cited scope; no broader section completeness is inferred.","official_current_cache","2026-09-18T15:26:35.104Z","fe7a7c622d57b4b205f717d630c5e1b9c3414f6ce68327a1ce0d17f004247ec3","https://www.leg.state.fl.us/statutes/index.cfm?App_mode=Display_Statute&URL=0800-0899/0812/Sections/0812.014.html","fl-grand-theft-in-the-second-degree","","","","false","false","true",""
"scope","812.014","(2)(c)","Fla. Stat. § 812.014(2)(c)","Theft","covered","The current legacy manifest explicitly retains this exact cited scope; no broader section completeness is inferred.","official_current_cache","2026-09-18T15:26:35.104Z","fe7a7c622d57b4b205f717d630c5e1b9c3414f6ce68327a1ce0d17f004247ec3","https://www.leg.state.fl.us/statutes/index.cfm?App_mode=Display_Statute&URL=0800-0899/0812/Sections/0812.014.html","fl-grand-theft-in-the-third-degree","","","","false","false","true",""
"scope","812.014","(2)(e)","Fla. Stat. § 812.014(2)(e)","Theft","covered","An explicit eligible analyst decision covers this cited scope; it does not establish unenumerated offenses.","official_current_cache","2026-09-18T15:26:35.104Z","fe7a7c622d57b4b205f717d630c5e1b9c3414f6ce68327a1ce0d17f004247ec3","https://www.leg.state.fl.us/statutes/index.cfm?App_mode=Display_Statute&URL=0800-0899/0812/Sections/0812.014.html","fl-fs-812-014-2-e-petit-theft-of-the-first-degree","fl-fs-812-014-2-e-petit-theft-of-the-first-degree","eligible","fl-petit-theft","false","true","true",""
"scope","812.014","(2)(f)","Fla. Stat. § 812.014(2)(f)","Theft","covered","An explicit eligible analyst decision covers this cited scope; it does not establish unenumerated offenses.","official_current_cache","2026-09-18T15:26:35.104Z","fe7a7c622d57b4b205f717d630c5e1b9c3414f6ce68327a1ce0d17f004247ec3","https://www.leg.state.fl.us/statutes/index.cfm?App_mode=Display_Statute&URL=0800-0899/0812/Sections/0812.014.html","fl-fs-812-014-2-f-petit-theft-of-the-first-degree","fl-fs-812-014-2-f-petit-theft-of-the-first-degree","eligible","","false","false","true",""
"scope","812.014","(3)(a)","Fla. Stat. § 812.014(3)(a)","Theft","covered","An explicit eligible analyst decision covers this cited scope; it does not establish unenumerated offenses.","official_current_cache","2026-09-18T15:26:35.104Z","fe7a7c622d57b4b205f717d630c5e1b9c3414f6ce68327a1ce0d17f004247ec3","https://www.leg.state.fl.us/statutes/index.cfm?App_mode=Display_Statute&URL=0800-0899/0812/Sections/0812.014.html","fl-fs-812-014-3-a-petit-theft-of-the-second-degree","fl-fs-812-014-3-a-petit-theft-of-the-second-degree","eligible","","false","false","true",""
"scope","812.014","(3)(b)","Fla. Stat. § 812.014(3)(b)","Theft","covered","An explicit eligible analyst decision covers this cited scope; it does not establish unenumerated offenses.","official_current_cache","2026-09-18T15:26:35.104Z","fe7a7c622d57b4b205f717d630c5e1b9c3414f6ce68327a1ce0d17f004247ec3","https://www.leg.state.fl.us/statutes/index.cfm?App_mode=Display_Statute&URL=0800-0899/0812/Sections/0812.014.html","fl-fs-812-014-3-b-petit-theft","fl-fs-812-014-3-b-petit-theft","eligible","","false","false","true",""
"scope","812.014","(3)(c)","Fla. Stat. § 812.014(3)(c)","Theft","covered","An explicit eligible analyst decision covers this cited scope; it does not establish unenumerated offenses.","official_current_cache","2026-09-18T15:26:35.104Z","fe7a7c622d57b4b205f717d630c5e1b9c3414f6ce68327a1ce0d17f004247ec3","https://www.leg.state.fl.us/statutes/index.cfm?App_mode=Display_Statute&URL=0800-0899/0812/Sections/0812.014.html","fl-fs-812-014-3-c-petit-theft","fl-fs-812-014-3-c-petit-theft","eligible","","false","false","true",""
"section","812.14","","Fla. Stat. § 812.14","Trespass and larceny with relation to utility fixtures; theft of utility services","not_yet_analyzed","Official text is cached, but no explicit analysis establishes offense coverage.","official_current_cache","2026-09-18T15:26:35.104Z","ef854e3b3536a05cbc59283d64bd1be428147af5f5e0540088902247b1210e83","https://www.leg.state.fl.us/statutes/index.cfm?App_mode=Display_Statute&URL=0800-0899/0812/Sections/0812.14.html","","","","","false","false","false",""
"section","812.015","","Fla. Stat. § 812.015","Retail and farm theft; transit fare evasion; mandatory fine; alternative punishment; detention and arrest; exemption from liability for false arrest; resisting arrest; penalties","partially_covered","One or more cited scopes map to selectable records; no statewide offense denominator or complete branch analysis proves the entire section covered.","official_current_cache","2026-09-18T15:26:35.104Z","291dd86e6b9004c610ac61c3064051a0e6175c3ad02ab4be30995591133b7238","https://www.leg.state.fl.us/statutes/index.cfm?App_mode=Display_Statute&URL=0800-0899/0812/Sections/0812.015.html","fl-fs-812-015-retail-theft","fl-fs-812-015-retail-theft","eligible","fl-shoplifting","false","false","false",""
"scope","812.015","","Fla. Stat. § 812.015","Retail and farm theft; transit fare evasion; mandatory fine; alternative punishment; detention and arrest; exemption from liability for false arrest; resisting arrest; penalties","not_yet_analyzed","This legacy cleanup item has no explicit offense analysis and is not counted as a missing offense.","official_current_cache","2026-09-18T15:26:35.104Z","291dd86e6b9004c610ac61c3064051a0e6175c3ad02ab4be30995591133b7238","https://www.leg.state.fl.us/statutes/index.cfm?App_mode=Display_Statute&URL=0800-0899/0812/Sections/0812.015.html","","","","fl-shoplifting","false","false","false",""
"scope","812.015","(8)-(11)","Fla. Stat. § 812.015(8)-(11)","Retail and farm theft; transit fare evasion; mandatory fine; alternative punishment; detention and arrest; exemption from liability for false arrest; resisting arrest; penalties","covered","An explicit eligible analyst decision covers this cited scope; it does not establish unenumerated offenses.","official_current_cache","2026-09-18T15:26:35.104Z","291dd86e6b9004c610ac61c3064051a0e6175c3ad02ab4be30995591133b7238","https://www.leg.state.fl.us/statutes/index.cfm?App_mode=Display_Statute&URL=0800-0899/0812/Sections/0812.015.html","fl-fs-812-015-retail-theft","fl-fs-812-015-retail-theft","eligible","","false","false","false",""
"section","812.15","","Fla. Stat. § 812.15","Unauthorized reception of communications services; penalties","not_yet_analyzed","Official text is cached, but no explicit analysis establishes offense coverage.","official_current_cache","2026-09-18T15:26:35.104Z","686d94c2468d81fde62b992c6460f0bd941a16172977495a2b6514bb678ce426","https://www.leg.state.fl.us/statutes/index.cfm?App_mode=Display_Statute&URL=0800-0899/0812/Sections/0812.15.html","","","","","false","false","false",""
"section","812.016","","Fla. Stat. § 812.016","Possession of altered property","not_yet_analyzed","Official text is cached, but no explicit analysis establishes offense coverage.","official_current_cache","2026-09-18T15:26:35.104Z","4c9243309862a03c005444de43c229e7c8043160eaccc0812f72c189ce9e65c5","https://www.leg.state.fl.us/statutes/index.cfm?App_mode=Display_Statute&URL=0800-0899/0812/Sections/0812.016.html","","","","","false","false","false",""
"section","812.16","","Fla. Stat. § 812.16","Operating chop shops; definitions; penalties; restitution; forfeiture","not_yet_analyzed","Official text is cached, but no explicit analysis establishes offense coverage.","official_current_cache","2026-09-18T15:26:35.104Z","686accf7a9e0da598350c63c02eca2a492a95de30679991e58497e3770525fbb","https://www.leg.state.fl.us/statutes/index.cfm?App_mode=Display_Statute&URL=0800-0899/0812/Sections/0812.16.html","","","","","false","false","false",""
"section","812.017","","Fla. Stat. § 812.017","Use of a fraudulently obtained or false receipt","not_yet_analyzed","Official text is cached, but no explicit analysis establishes offense coverage.","official_current_cache","2026-09-18T15:26:35.104Z","5d584488927958ac3a0347fac734f98260655ecadead5b0872bbebf6c7b557ea","https://www.leg.state.fl.us/statutes/index.cfm?App_mode=Display_Statute&URL=0800-0899/0812/Sections/0812.017.html","","","","","false","false","false",""
"section","812.019","","Fla. Stat. § 812.019","Dealing in stolen property","partially_covered","One or more cited scopes map to selectable records; no statewide offense denominator or complete branch analysis proves the entire section covered.","official_current_cache","2026-09-18T15:26:35.104Z","94489dd693272ea5c58d6d5dc382e7726fd64c97e88ffc43506ef932c38a1a89","https://www.leg.state.fl.us/statutes/index.cfm?App_mode=Display_Statute&URL=0800-0899/0812/Sections/0812.019.html","fl-fs-812-019-dealing-in-stolen-property","fl-fs-812-019-dealing-in-stolen-property","eligible","fl-theft-by-receiving","false","false","false",""
"scope","812.019","","Fla. Stat. § 812.019","Dealing in stolen property","covered","An explicit eligible analyst decision covers this cited scope; it does not establish unenumerated offenses.","official_current_cache","2026-09-18T15:26:35.104Z","94489dd693272ea5c58d6d5dc382e7726fd64c97e88ffc43506ef932c38a1a89","https://www.leg.state.fl.us/statutes/index.cfm?App_mode=Display_Statute&URL=0800-0899/0812/Sections/0812.019.html","fl-fs-812-019-dealing-in-stolen-property","fl-fs-812-019-dealing-in-stolen-property","eligible","fl-theft-by-receiving","false","true","false",""
"section","812.022","","Fla. Stat. § 812.022","Evidence of theft or dealing in stolen property","not_yet_analyzed","Official text is cached, but no explicit analysis establishes offense coverage.","official_current_cache","2026-09-18T15:26:35.104Z","82a046513f201be1a93a3f15709439245d8626b9926020c7854470319dbaf15d","https://www.leg.state.fl.us/statutes/index.cfm?App_mode=Display_Statute&URL=0800-0899/0812/Sections/0812.022.html","","","","","false","false","false",""
"section","812.025","","Fla. Stat. § 812.025","Charging theft and dealing in stolen property","not_yet_analyzed","Official text is cached, but no explicit analysis establishes offense coverage.","official_current_cache","2026-09-18T15:26:35.104Z","f578cf966d2cf01466a009fc3f90724e7494c30965c2b04cf9d575a8b63ef46f","https://www.leg.state.fl.us/statutes/index.cfm?App_mode=Display_Statute&URL=0800-0899/0812/Sections/0812.025.html","","","","","false","false","false",""
"section","812.028","","Fla. Stat. § 812.028","Defenses precluded","not_yet_analyzed","Official text is cached, but no explicit analysis establishes offense coverage.","official_current_cache","2026-09-18T15:26:35.104Z","fc40f95e2cae95027556cafcedf52abfd5aec263486da1918bb088d9e8caf2c5","https://www.leg.state.fl.us/statutes/index.cfm?App_mode=Display_Statute&URL=0800-0899/0812/Sections/0812.028.html","","","","","false","false","false",""
"section","812.032","","Fla. Stat. § 812.032","Supplemental fine","not_yet_analyzed","Official text is cached, but no explicit analysis establishes offense coverage.","official_current_cache","2026-09-18T15:26:35.104Z","4017a4b197febdc47895466081f976fe42381feca4d0b2a9ece3acf358cfb57b","https://www.leg.state.fl.us/statutes/index.cfm?App_mode=Display_Statute&URL=0800-0899/0812/Sections/0812.032.html","","","","","false","false","false",""
"section","812.035","","Fla. Stat. § 812.035","Civil remedies; limitation on civil and criminal actions","not_yet_analyzed","Official text is cached, but no explicit analysis establishes offense coverage.","official_current_cache","2026-09-18T15:26:35.104Z","c0be2a1b24d021f5b0936151b7784eb405d738314bc2fb730a909fc9b9717ae9","https://www.leg.state.fl.us/statutes/index.cfm?App_mode=Display_Statute&URL=0800-0899/0812/Sections/0812.035.html","","","","","false","false","false",""
"section","812.037","","Fla. Stat. § 812.037","Construction of ss. 812.012-812.037","not_yet_analyzed","Official text is cached, but no explicit analysis establishes offense coverage.","official_current_cache","2026-09-18T15:26:35.104Z","4c665b3e085223a254f663a38a94874d4b834f63e074239614db6ee809c21f07","https://www.leg.state.fl.us/statutes/index.cfm?App_mode=Display_Statute&URL=0800-0899/0812/Sections/0812.037.html","","","","","false","false","false",""
"section","812.052","","Fla. Stat. § 812.052","Certain purchases prohibited","not_yet_analyzed","Official text is cached, but no explicit analysis establishes offense coverage.","official_current_cache","2026-09-18T15:26:35.104Z","128e34952bc7aef671ebd237c3a30258ad2118ce6bfb1b331f3cc16e7319d8f4","https://www.leg.state.fl.us/statutes/index.cfm?App_mode=Display_Statute&URL=0800-0899/0812/Sections/0812.052.html","","","","","false","false","false",""
"section","812.055","","Fla. Stat. § 812.055","Physical inspection of junkyards, scrap metal processing plants, salvage yards, licensed motor vehicle or vessel dealers, repair shops, parking lots, public garages, towing and storage facilities","not_yet_analyzed","Official text is cached, but no explicit analysis establishes offense coverage.","official_current_cache","2026-09-18T15:26:35.104Z","f796b6ee5695496b3b3d8788567749a1ac0e4789f2bd1571cc7ed9ffc2736b40","https://www.leg.state.fl.us/statutes/index.cfm?App_mode=Display_Statute&URL=0800-0899/0812/Sections/0812.055.html","","","","","false","false","false",""
"section","812.061","","Fla. Stat. § 812.061","Larceny; return of property to owner; procedure","not_yet_analyzed","Official text is cached, but no explicit analysis establishes offense coverage.","official_current_cache","2026-09-18T15:26:35.104Z","25293d8822fb213ed4ff6c714464dc67fb22b0158b34c833f24b6a1c73a48147","https://www.leg.state.fl.us/statutes/index.cfm?App_mode=Display_Statute&URL=0800-0899/0812/Sections/0812.061.html","","","","","false","false","false",""
"section","812.062","","Fla. Stat. § 812.062","Notification to owner and law enforcement agency initiating stolen motor vehicle report upon recovery of stolen vehicle","not_yet_analyzed","Official text is cached, but no explicit analysis establishes offense coverage.","official_current_cache","2026-09-18T15:26:35.104Z","cb9a6a44447537b3b985e4c3de156bf1bbf2586c12244c07468dd29c1a7a2f8b","https://www.leg.state.fl.us/statutes/index.cfm?App_mode=Display_Statute&URL=0800-0899/0812/Sections/0812.062.html","","","","","false","false","false",""
"section","812.081","","Fla. Stat. § 812.081","Theft of or trafficking in trade secrets; definitions; penalties; providing to foreign entities; restitution","not_yet_analyzed","Official text is cached, but no explicit analysis establishes offense coverage.","official_current_cache","2026-09-18T15:26:35.104Z","3d3e5ff301c0622a00014f243fb8a1bb03a3cc8570683768268643a6f9ef77a5","https://www.leg.state.fl.us/statutes/index.cfm?App_mode=Display_Statute&URL=0800-0899/0812/Sections/0812.081.html","","","","","false","false","false",""
"section","812.131","","Fla. Stat. § 812.131","Robbery by sudden snatching","not_yet_analyzed","Official text is cached, but no explicit analysis establishes offense coverage.","official_current_cache","2026-09-18T15:26:35.104Z","e3d920d8b13393beeabb0daa6f11626e09a4fbd7bb636ae66ce8f227f51cb830","https://www.leg.state.fl.us/statutes/index.cfm?App_mode=Display_Statute&URL=0800-0899/0812/Sections/0812.131.html","","","","","false","false","false",""
"section","812.133","","Fla. Stat. § 812.133","Carjacking","partially_covered","One or more cited scopes map to selectable records; no statewide offense denominator or complete branch analysis proves the entire section covered.","official_current_cache","2026-09-18T15:26:35.104Z","e07a48c30636240415041f086686d15e0f8a2efa08cbb0a01e1361e21150d458","https://www.leg.state.fl.us/statutes/index.cfm?App_mode=Display_Statute&URL=0800-0899/0812/Sections/0812.133.html","fl-carjacking","fl-section-812.133","duplicate","","false","false","false",""
"scope","812.133","","Fla. Stat. § 812.133","Carjacking","partially_covered","The existing manifest retains carjacking with the same section-wide conduct and grade scope. A duplicate disposition alone does not establish current coverage of this exact cited scope.","official_current_cache","2026-09-18T15:26:35.104Z","e07a48c30636240415041f086686d15e0f8a2efa08cbb0a01e1361e21150d458","https://www.leg.state.fl.us/statutes/index.cfm?App_mode=Display_Statute&URL=0800-0899/0812/Sections/0812.133.html","fl-carjacking","fl-section-812.133","duplicate","","true","false","false",""
"section","812.135","","Fla. Stat. § 812.135","Home-invasion robbery","not_yet_analyzed","Official text is cached, but no explicit analysis establishes offense coverage.","official_current_cache","2026-09-18T15:26:35.104Z","5d7bd103c6b471132b4a5cc9351f6ce1e1be066047cf23bcdfb9c94c28d546d3","https://www.leg.state.fl.us/statutes/index.cfm?App_mode=Display_Statute&URL=0800-0899/0812/Sections/0812.135.html","","","","","false","false","false",""
"section","812.136","","Fla. Stat. § 812.136","Mail theft","not_yet_analyzed","Official text is cached, but no explicit analysis establishes offense coverage.","official_current_cache","2026-09-18T15:26:35.104Z","b5385a2d73d775d575b354f13eb46188b141badb3ff0e09a00d0695fb6cf8d44","https://www.leg.state.fl.us/statutes/index.cfm?App_mode=Display_Statute&URL=0800-0899/0812/Sections/0812.136.html","","","","","false","false","false",""
"section","812.141","","Fla. Stat. § 812.141","Offenses involving critical infrastructure; improper tampering; civil remedies; trespass on critical infrastructure; computer offenses involving critical infrastructure","not_yet_analyzed","Official text is cached, but no explicit analysis establishes offense coverage.","official_current_cache","2026-09-18T15:26:35.104Z","1187a09a7446d774cdae9293ec8d5b123d5c3aa758594f561d1e48a49f73087c","https://www.leg.state.fl.us/statutes/index.cfm?App_mode=Display_Statute&URL=0800-0899/0812/Sections/0812.141.html","","","","","false","false","false",""
"section","812.0145","","Fla. Stat. § 812.0145","Theft from persons 65 years of age or older; reclassification of offenses","not_yet_analyzed","Official text is cached, but no explicit analysis establishes offense coverage.","official_current_cache","2026-09-18T15:26:35.104Z","8a882dd6f1229b96fe1b02348e2d9e94714aa3f176f280eb34e0875cb15587b1","https://www.leg.state.fl.us/statutes/index.cfm?App_mode=Display_Statute&URL=0800-0899/0812/Sections/0812.0145.html","","","","","false","false","false",""
"section","812.145","","Fla. Stat. § 812.145","Theft of copper or other nonferrous metals","not_yet_analyzed","Official text is cached, but no explicit analysis establishes offense coverage.","official_current_cache","2026-09-18T15:26:35.104Z","467fef0b689d7d52375ce09ce5ce7ea28579f8c190af61e521ff42e653cf89bd","https://www.leg.state.fl.us/statutes/index.cfm?App_mode=Display_Statute&URL=0800-0899/0812/Sections/0812.145.html","","","","","false","false","false",""
"section","812.146","","Fla. Stat. § 812.146","Civil liability of owner of metal property","not_yet_analyzed","Official text is cached, but no explicit analysis establishes offense coverage.","official_current_cache","2026-09-18T15:26:35.104Z","52334827116a326fedca599f2b26fa6a1d251517baf04f7bdeb04f4b03086170","https://www.leg.state.fl.us/statutes/index.cfm?App_mode=Display_Statute&URL=0800-0899/0812/Sections/0812.146.html","","","","","false","false","false",""
"section","812.0147","","Fla. Stat. § 812.0147","Unlawful possession or use of a fifth wheel","not_yet_analyzed","Official text is cached, but no explicit analysis establishes offense coverage.","official_current_cache","2026-09-18T15:26:35.104Z","f97daafd09d194c26a737269780410dabd64242c971c194d69d4dacd4c71fc36","https://www.leg.state.fl.us/statutes/index.cfm?App_mode=Display_Statute&URL=0800-0899/0812/Sections/0812.0147.html","","","","","false","false","false",""
"section","812.0151","","Fla. Stat. § 812.0151","Retail fuel theft","not_yet_analyzed","Official text is cached, but no explicit analysis establishes offense coverage.","official_current_cache","2026-09-18T15:26:35.104Z","5a8e5fbbe781bc268e3b34ce8faf03a228296d68c4a38177f0715b0be2284672","https://www.leg.state.fl.us/statutes/index.cfm?App_mode=Display_Statute&URL=0800-0899/0812/Sections/0812.0151.html","","","","","false","false","false",""
"section","812.0155","","Fla. Stat. § 812.0155","Driver license suspension as an alternative sentence for a person under 18 years of age","not_yet_analyzed","Official text is cached, but no explicit analysis establishes offense coverage.","official_current_cache","2026-09-18T15:26:35.104Z","f80b3294774231c5a6abaa927990d4442146f00971534288fba52352bf378494","https://www.leg.state.fl.us/statutes/index.cfm?App_mode=Display_Statute&URL=0800-0899/0812/Sections/0812.0155.html","","","","","false","false","false",""
"section","812.155","","Fla. Stat. § 812.155","Hiring, leasing, or obtaining personal property or equipment with the intent to defraud; failing to return hired or leased personal property or equipment; rules of evidence","not_yet_analyzed","Official text is cached, but no explicit analysis establishes offense coverage.","official_current_cache","2026-09-18T15:26:35.104Z","4b3e3694fa909330e02c51886af8475417adff54501bdbe156526dfa7f454095","https://www.leg.state.fl.us/statutes/index.cfm?App_mode=Display_Statute&URL=0800-0899/0812/Sections/0812.155.html","","","","","false","false","false",""
"section","812.171","","Fla. Stat. § 812.171","Definition","not_yet_analyzed","Official text is cached, but no explicit analysis establishes offense coverage.","official_current_cache","2026-09-18T15:26:35.104Z","ebbfc62c60329a29d13e781573d75ad24c9ef5e0fc76f1632c88689bd499a220","https://www.leg.state.fl.us/statutes/index.cfm?App_mode=Display_Statute&URL=0800-0899/0812/Sections/0812.171.html","","","","","false","false","false",""
"section","812.172","","Fla. Stat. § 812.172","Intent","not_yet_analyzed","Official text is cached, but no explicit analysis establishes offense coverage.","official_current_cache","2026-09-18T15:26:35.104Z","d7c2c8d5b237e4449cff7fbb32f923fc65b3911040590463541b3ab28a0f013c","https://www.leg.state.fl.us/statutes/index.cfm?App_mode=Display_Statute&URL=0800-0899/0812/Sections/0812.172.html","","","","","false","false","false",""
"section","812.173","","Fla. Stat. § 812.173","Convenience business security","not_yet_analyzed","Official text is cached, but no explicit analysis establishes offense coverage.","official_current_cache","2026-09-18T15:26:35.104Z","737caa8827564e649f5443638ce79aebdca3ead892e6760142c6d1aa1a17f9ef","https://www.leg.state.fl.us/statutes/index.cfm?App_mode=Display_Statute&URL=0800-0899/0812/Sections/0812.173.html","","","","","false","false","false",""
"section","812.174","","Fla. Stat. § 812.174","Training of employees","not_yet_analyzed","Official text is cached, but no explicit analysis establishes offense coverage.","official_current_cache","2026-09-18T15:26:35.104Z","af55ea855949f9089083a0e6e55d1b0fd9484a440f87a1e0e3d95c00b7715ea9","https://www.leg.state.fl.us/statutes/index.cfm?App_mode=Display_Statute&URL=0800-0899/0812/Sections/0812.174.html","","","","","false","false","false",""
"section","812.175","","Fla. Stat. § 812.175","Enforcement; civil fine","not_yet_analyzed","Official text is cached, but no explicit analysis establishes offense coverage.","official_current_cache","2026-09-18T15:26:35.104Z","9839ae87a864f35d02e60ba7196062e1fa4b2a1e7baeb2547a2dd9d5e46e1c65","https://www.leg.state.fl.us/statutes/index.cfm?App_mode=Display_Statute&URL=0800-0899/0812/Sections/0812.175.html","","","","","false","false","false",""
"section","812.176","","Fla. Stat. § 812.176","Rulemaking authority","not_yet_analyzed","Official text is cached, but no explicit analysis establishes offense coverage.","official_current_cache","2026-09-18T15:26:35.104Z","b30cc37204e17dac141c4098dcd3e5e29beb8c634748897aa229e7d72e73b1c5","https://www.leg.state.fl.us/statutes/index.cfm?App_mode=Display_Statute&URL=0800-0899/0812/Sections/0812.176.html","","","","","false","false","false",""
"section","812.0191","","Fla. Stat. § 812.0191","Dealing in property paid for in whole or in part by the Medicaid program","not_yet_analyzed","Official text is cached, but no explicit analysis establishes offense coverage.","official_current_cache","2026-09-18T15:26:35.104Z","87eaad6383b4f4c1427c73bf2bb1342f08306e963543f8fb9facbcb49f19e09b","https://www.leg.state.fl.us/statutes/index.cfm?App_mode=Display_Statute&URL=0800-0899/0812/Sections/0812.0191.html","","","","","false","false","false",""
"section","812.0195","","Fla. Stat. § 812.0195","Dealing in stolen property by use of the Internet","not_yet_analyzed","Official text is cached, but no explicit analysis establishes offense coverage.","official_current_cache","2026-09-18T15:26:35.104Z","0baa6c0baccef386e8b96b62eef14f0efa3169e96b827eee646389b5b59f6e33","https://www.leg.state.fl.us/statutes/index.cfm?App_mode=Display_Statute&URL=0800-0899/0812/Sections/0812.0195.html","","","","","false","false","false",""
"section","812.1701","","Fla. Stat. § 812.1701","Short title","not_yet_analyzed","Official text is cached, but no explicit analysis establishes offense coverage.","official_current_cache","2026-09-18T15:26:35.104Z","65c5fb7c51a5ed01851dbf44bf5c1bab0fa21aa531b940734095382b2361ce2c","https://www.leg.state.fl.us/statutes/index.cfm?App_mode=Display_Statute&URL=0800-0899/0812/Sections/0812.1701.html","","","","","false","false","false",""
"section","812.1725","","Fla. Stat. § 812.1725","Preemption","not_yet_analyzed","Official text is cached, but no explicit analysis establishes offense coverage.","official_current_cache","2026-09-18T15:26:35.104Z","71a73ce9af2a45141d46559e8212c66e01172a87a501c2de40ee0a3c48002fc7","https://www.leg.state.fl.us/statutes/index.cfm?App_mode=Display_Statute&URL=0800-0899/0812/Sections/0812.1725.html","","","","","false","false","false",""
"section","815.01","","Fla. Stat. § 815.01","Short title","not_yet_analyzed","Official text is cached, but no explicit analysis establishes offense coverage.","official_current_cache","2026-09-18T15:26:35.843Z","bbbffd2005dc0c2287d5b7cc745f7e266441e054692daefa2b727ff3ae541b72","https://www.leg.state.fl.us/statutes/index.cfm?App_mode=Display_Statute&URL=0800-0899/0815/Sections/0815.01.html","","","","","false","false","false",""
"section","815.02","","Fla. Stat. § 815.02","Legislative intent","not_yet_analyzed","Official text is cached, but no explicit analysis establishes offense coverage.","official_current_cache","2026-09-18T15:26:35.843Z","855b99e23432fb484781da3775b246e7f256e3bfbd03e563dcab30367232a4dc","https://www.leg.state.fl.us/statutes/index.cfm?App_mode=Display_Statute&URL=0800-0899/0815/Sections/0815.02.html","","","","","false","false","false",""
"section","815.03","","Fla. Stat. § 815.03","Definitions","not_yet_analyzed","Official text is cached, but no explicit analysis establishes offense coverage.","official_current_cache","2026-09-18T15:26:35.843Z","f3230e6ebe48d4378409f75a0aa73b30f8ebeba0d08fbd41bff5341d843005cf","https://www.leg.state.fl.us/statutes/index.cfm?App_mode=Display_Statute&URL=0800-0899/0815/Sections/0815.03.html","","","","","false","false","false",""
"section","815.04","","Fla. Stat. § 815.04","Offenses against intellectual property","not_yet_analyzed","Official text is cached, but no explicit analysis establishes offense coverage.","official_current_cache","2026-09-18T15:26:35.843Z","5a1602f0ef505491b6b11ec9026862c5e2d1da63c026985e6c68ccdfab54f257","https://www.leg.state.fl.us/statutes/index.cfm?App_mode=Display_Statute&URL=0800-0899/0815/Sections/0815.04.html","","","","","false","false","false",""
"section","815.06","","Fla. Stat. § 815.06","Offenses against users of computers, computer systems, computer networks, and electronic devices","partially_covered","One or more cited scopes map to selectable records; no statewide offense denominator or complete branch analysis proves the entire section covered.","official_current_cache","2026-09-18T15:26:35.843Z","fa2eccee748350078b38da92e838a4525c91af38d1752a5eca4f9f1d0ba99377","https://www.leg.state.fl.us/statutes/index.cfm?App_mode=Display_Statute&URL=0800-0899/0815/Sections/0815.06.html","fl-fs-815-06-offense-against-users-of-computers-computer-systems-computer-networks-or-electronic-devices","fl-fs-815-06-offense-against-users-of-computers-computer-systems-computer-networks-or-electronic-devices","eligible","fl-computer-fraud","false","false","false",""
"scope","815.06","","Fla. Stat. § 815.06","Offenses against users of computers, computer systems, computer networks, and electronic devices","not_yet_analyzed","This legacy cleanup item has no explicit offense analysis and is not counted as a missing offense.","official_current_cache","2026-09-18T15:26:35.843Z","fa2eccee748350078b38da92e838a4525c91af38d1752a5eca4f9f1d0ba99377","https://www.leg.state.fl.us/statutes/index.cfm?App_mode=Display_Statute&URL=0800-0899/0815/Sections/0815.06.html","","","","fl-computer-fraud","false","false","false",""
"scope","815.06","(2)-(3)","Fla. Stat. § 815.06(2)-(3)","Offenses against users of computers, computer systems, computer networks, and electronic devices","covered","An explicit eligible analyst decision covers this cited scope; it does not establish unenumerated offenses.","official_current_cache","2026-09-18T15:26:35.843Z","fa2eccee748350078b38da92e838a4525c91af38d1752a5eca4f9f1d0ba99377","https://www.leg.state.fl.us/statutes/index.cfm?App_mode=Display_Statute&URL=0800-0899/0815/Sections/0815.06.html","fl-fs-815-06-offense-against-users-of-computers-computer-systems-computer-networks-or-electronic-devices","fl-fs-815-06-offense-against-users-of-computers-computer-systems-computer-networks-or-electronic-devices","eligible","","false","false","false",""
"section","815.07","","Fla. Stat. § 815.07","This chapter not exclusive","not_yet_analyzed","Official text is cached, but no explicit analysis establishes offense coverage.","official_current_cache","2026-09-18T15:26:35.843Z","3895e1d38ba7d14bd817ccdd0b8e17b8874d7dba683a8642024a43310f18636e","https://www.leg.state.fl.us/statutes/index.cfm?App_mode=Display_Statute&URL=0800-0899/0815/Sections/0815.07.html","","","","","false","false","false",""
"section","815.045","","Fla. Stat. § 815.045","Trade secret information","not_yet_analyzed","Official text is cached, but no explicit analysis establishes offense coverage.","official_current_cache","2026-09-18T15:26:35.843Z","bb53dc0592d6fe407de9b193585cd452d44a929da6e760912b96cf6fa72a8f85","https://www.leg.state.fl.us/statutes/index.cfm?App_mode=Display_Statute&URL=0800-0899/0815/Sections/0815.045.html","","","","","false","false","false",""
"section","815.061","","Fla. Stat. § 815.061","Offenses against public utilities","not_yet_analyzed","Official text is cached, but no explicit analysis establishes offense coverage.","official_current_cache","2026-09-18T15:26:35.843Z","0f44bcd834ceda40869dd4ad8d7cb27db24ccce99b2508fd21af62f3141c73e4","https://www.leg.state.fl.us/statutes/index.cfm?App_mode=Display_Statute&URL=0800-0899/0815/Sections/0815.061.html","","","","","false","false","false",""
"section","815.062","","Fla. Stat. § 815.062","Offenses against governmental entities","not_yet_analyzed","Official text is cached, but no explicit analysis establishes offense coverage.","official_current_cache","2026-09-18T15:26:35.843Z","256d14f9048f452b04a3abb8354ea7e15a7677c48190cd32ed21d1a2460cf8f8","https://www.leg.state.fl.us/statutes/index.cfm?App_mode=Display_Statute&URL=0800-0899/0815/Sections/0815.062.html","","","","","false","false","false",""
"section","817.02","","Fla. Stat. § 817.02","Obtaining property by false personation","not_yet_analyzed","Official text is cached, but no explicit analysis establishes offense coverage.","official_current_cache","2026-09-18T15:26:36.719Z","c35fe00ec3b03f7699ffddfc6fd30291094a396ba4423bfb1ef79545c89a229f","https://www.leg.state.fl.us/statutes/index.cfm?App_mode=Display_Statute&URL=0800-0899/0817/Sections/0817.02.html","","","","","false","false","false",""
"section","817.03","","Fla. Stat. § 817.03","Making false statement to obtain property or credit or to detain real property","not_yet_analyzed","Official text is cached, but no explicit analysis establishes offense coverage.","official_current_cache","2026-09-18T15:26:36.719Z","66810712a952bffbb59a33ed8c4732e2ee7c06e0ebef617aaaa17c210ccfee96","https://www.leg.state.fl.us/statutes/index.cfm?App_mode=Display_Statute&URL=0800-0899/0817/Sections/0817.03.html","","","","","false","false","false",""
"section","817.05","","Fla. Stat. § 817.05","False statements to merchants as to financial condition","not_yet_analyzed","Official text is cached, but no explicit analysis establishes offense coverage.","official_current_cache","2026-09-18T15:26:36.719Z","bb46ec6ea7387e0d5cb4f6a8f930abdc68b52a4b4ca98b1602c8ce7f4b7e7be9","https://www.leg.state.fl.us/statutes/index.cfm?App_mode=Display_Statute&URL=0800-0899/0817/Sections/0817.05.html","","","","","false","false","false",""
"section","817.06","","Fla. Stat. § 817.06","Misleading advertisements prohibited; penalty","not_yet_analyzed","Official text is cached, but no explicit analysis establishes offense coverage.","official_current_cache","2026-09-18T15:26:36.719Z","3b09baf6ff156c6b58ca94fe3ab8f27102faaffa13d001c2408b13b62efb1970","https://www.leg.state.fl.us/statutes/index.cfm?App_mode=Display_Statute&URL=0800-0899/0817/Sections/0817.06.html","","","","","false","false","false",""
"section","817.08","","Fla. Stat. § 817.08","Receiving money or property upon false promises of services as seaman or sponge fisher","not_yet_analyzed","Official text is cached, but no explicit analysis establishes offense coverage.","official_current_cache","2026-09-18T15:26:36.719Z","99b9b48c24f056f73300c5d6728c49758dbebce44673db516075864e53443c70","https://www.leg.state.fl.us/statutes/index.cfm?App_mode=Display_Statute&URL=0800-0899/0817/Sections/0817.08.html","","","","","false","false","false",""
"section","817.011","","Fla. Stat. § 817.011","Definition","not_yet_analyzed","Official text is cached, but no explicit analysis establishes offense coverage.","official_current_cache","2026-09-18T15:26:36.719Z","11331e4cc781c479061ec2c9ca6270450c598beb21881c5feb83f153fe0c6bed","https://www.leg.state.fl.us/statutes/index.cfm?App_mode=Display_Statute&URL=0800-0899/0817/Sections/0817.011.html","","","","","false","false","false",""
"section","817.11","","Fla. Stat. § 817.11","Obtaining property by fraudulent promise to furnish inside information","not_yet_analyzed","Official text is cached, but no explicit analysis establishes offense coverage.","official_current_cache","2026-09-18T15:26:36.719Z","11ab66694e98f58012017acc0159737fef9ca2727eef1bcb424a871754c3380e","https://www.leg.state.fl.us/statutes/index.cfm?App_mode=Display_Statute&URL=0800-0899/0817/Sections/0817.11.html","","","","","false","false","false",""
"section","817.14","","Fla. Stat. § 817.14","Procuring assignments of produce upon false representations","not_yet_analyzed","Official text is cached, but no explicit analysis establishes offense coverage.","official_current_cache","2026-09-18T15:26:36.719Z","1f6ebfe410d15986b3e287560ec4c84187fc6ddec4515887834cdcc9d162138d","https://www.leg.state.fl.us/statutes/index.cfm?App_mode=Display_Statute&URL=0800-0899/0817/Sections/0817.14.html","","","","","false","false","false",""
"section","817.15","","Fla. Stat. § 817.15","False entries in books of business entity","not_yet_analyzed","Official text is cached, but no explicit analysis establishes offense coverage.","official_current_cache","2026-09-18T15:26:36.719Z","2685e1f716cc78353aafcc34ea1370f12e5eebeb28d565727c0e90cf2adb3e98","https://www.leg.state.fl.us/statutes/index.cfm?App_mode=Display_Statute&URL=0800-0899/0817/Sections/0817.15.html","","","","","false","false","false",""
"section","817.16","","Fla. Stat. § 817.16","False reports, etc., by officers of banks, trust companies, etc., with intent to defraud","not_yet_analyzed","Official text is cached, but no explicit analysis establishes offense coverage.","official_current_cache","2026-09-18T15:26:36.719Z","182fe733668ace8f6e0aab6b05e462992481ed3b925d104bcc2c477df6943a9b","https://www.leg.state.fl.us/statutes/index.cfm?App_mode=Display_Statute&URL=0800-0899/0817/Sections/0817.16.html","","","","","false","false","false",""
"section","817.17","","Fla. Stat. § 817.17","Wrongful use of city, county, or other political subdivision name","not_yet_analyzed","Official text is cached, but no explicit analysis establishes offense coverage.","official_current_cache","2026-09-18T15:26:36.719Z","41a15a7c0bd5dfa908289bb50d36d5e7eed518b4e3cf537884ea128e9b7882ff","https://www.leg.state.fl.us/statutes/index.cfm?App_mode=Display_Statute&URL=0800-0899/0817/Sections/0817.17.html","","","","","false","false","false",""
"section","817.18","","Fla. Stat. § 817.18","Wrongful marking with a city, county, or other political subdivision name","not_yet_analyzed","Official text is cached, but no explicit analysis establishes offense coverage.","official_current_cache","2026-09-18T15:26:36.719Z","733aa3147ea6ceaab893d519c48f1d88b4cd63528ebd973afadcb9c51c0366ba","https://www.leg.state.fl.us/statutes/index.cfm?App_mode=Display_Statute&URL=0800-0899/0817/Sections/0817.18.html","","","","","false","false","false",""
"section","817.19","","Fla. Stat. § 817.19","Fraudulent issue of stock certificate or indicia of membership interest","not_yet_analyzed","Official text is cached, but no explicit analysis establishes offense coverage.","official_current_cache","2026-09-18T15:26:36.719Z","93f7e62f9d925df0828cb924c016928db744acb8df363ecf6c538e5a3eb33b12","https://www.leg.state.fl.us/statutes/index.cfm?App_mode=Display_Statute&URL=0800-0899/0817/Sections/0817.19.html","","","","","false","false","false",""
"section","817.20","","Fla. Stat. § 817.20","Issuing stock or obligation of corporation beyond authorized amount","not_yet_analyzed","Official text is cached, but no explicit analysis establishes offense coverage.","official_current_cache","2026-09-18T15:26:36.719Z","d5fe2a3587e16a6528eabd7effbb5eb878b8f7782bcbd5644e1361ed825bb2d0","https://www.leg.state.fl.us/statutes/index.cfm?App_mode=Display_Statute&URL=0800-0899/0817/Sections/0817.20.html","","","","","false","false","false",""
"section","817.021","","Fla. Stat. § 817.021","False information to obtain a seaport security identification card","not_yet_analyzed","Official text is cached, but no explicit analysis establishes offense coverage.","official_current_cache","2026-09-18T15:26:36.719Z","d4b770f5eaac8cd0e5aabd51e9c9746d1b00b2acb2b17578fe3b9bfe14446bbc","https://www.leg.state.fl.us/statutes/index.cfm?App_mode=Display_Statute&URL=0800-0899/0817/Sections/0817.021.html","","","","","false","false","false",""
"section","817.21","","Fla. Stat. § 817.21","Books to be evidence in such cases","not_yet_analyzed","Official text is cached, but no explicit analysis establishes offense coverage.","official_current_cache","2026-09-18T15:26:36.719Z","966eb8b423943f913acf072a387750bed2bb994f0a924ed21798be51c83e477d","https://www.leg.state.fl.us/statutes/index.cfm?App_mode=Display_Statute&URL=0800-0899/0817/Sections/0817.21.html","","","","","false","false","false",""
"section","817.22","","Fla. Stat. § 817.22","Making false invoice to defraud insurer","not_yet_analyzed","Official text is cached, but no explicit analysis establishes offense coverage.","official_current_cache","2026-09-18T15:26:36.719Z","87dda85b8d34a424cd4dc53c668bceede9eb787fa80d57ae9914eff8fb73ad8f","https://www.leg.state.fl.us/statutes/index.cfm?App_mode=Display_Statute&URL=0800-0899/0817/Sections/0817.22.html","","","","","false","false","false",""
"section","817.23","","Fla. Stat. § 817.23","Making false affidavit to defraud insurer","not_yet_analyzed","Official text is cached, but no explicit analysis establishes offense coverage.","official_current_cache","2026-09-18T15:26:36.719Z","60e5f8231906da41c55e836070cc89a470ee4af55e6cb7702b62415b3f99f444","https://www.leg.state.fl.us/statutes/index.cfm?App_mode=Display_Statute&URL=0800-0899/0817/Sections/0817.23.html","","","","","false","false","false",""
"section","817.24","","Fla. Stat. § 817.24","Unlawful to add or alter or deface existing brand","not_yet_analyzed","Official text is cached, but no explicit analysis establishes offense coverage.","official_current_cache","2026-09-18T15:26:36.719Z","0adbe23f1ff31aa15d72d86125b37d51e6e5631c5a560077629729230afb999b","https://www.leg.state.fl.us/statutes/index.cfm?App_mode=Display_Statute&URL=0800-0899/0817/Sections/0817.24.html","","","","","false","false","false",""
"section","817.025","","Fla. Stat. § 817.025","Home or private business invasion by false personation; penalties","not_yet_analyzed","Official text is cached, but no explicit analysis establishes offense coverage.","official_current_cache","2026-09-18T15:26:36.719Z","0c1d1b4fbe227f83c3610671013d1ea81f9f9e539b5a9175a13662c5e1840427","https://www.leg.state.fl.us/statutes/index.cfm?App_mode=Display_Statute&URL=0800-0899/0817/Sections/0817.025.html","","","","","false","false","false",""
"section","817.25","","Fla. Stat. § 817.25","Fraudulently marking or branding","not_yet_analyzed","Official text is cached, but no explicit analysis establishes offense coverage.","official_current_cache","2026-09-18T15:26:36.719Z","bce9635d167b951161e56ce584d3e9b373726de1d1f6d2c41c1ec1ae027445b2","https://www.leg.state.fl.us/statutes/index.cfm?App_mode=Display_Statute&URL=0800-0899/0817/Sections/0817.25.html","","","","","false","false","false",""
"section","817.26","","Fla. Stat. § 817.26","Fraudulently changing marks on animal","not_yet_analyzed","Official text is cached, but no explicit analysis establishes offense coverage.","official_current_cache","2026-09-18T15:26:36.719Z","bdabf84a86551b541557b1734451231f4f17663956a2341cc2db197841ff6d20","https://www.leg.state.fl.us/statutes/index.cfm?App_mode=Display_Statute&URL=0800-0899/0817/Sections/0817.26.html","","","","","false","false","false",""
"section","817.28","","Fla. Stat. § 817.28","Fraudulent obtaining of property by gaming","not_yet_analyzed","Official text is cached, but no explicit analysis establishes offense coverage.","official_current_cache","2026-09-18T15:26:36.719Z","abb10eab65ed5712d77ac3a3a562125025d365d94ca2c633f76a491fc40682bc","https://www.leg.state.fl.us/statutes/index.cfm?App_mode=Display_Statute&URL=0800-0899/0817/Sections/0817.28.html","","","","","false","false","false",""
"section","817.29","","Fla. Stat. § 817.29","Cheating","not_yet_analyzed","Official text is cached, but no explicit analysis establishes offense coverage.","official_current_cache","2026-09-18T15:26:36.719Z","b85f8a73fa5b3e5195b18bae0c074a5f811b8bdddfdf1f31d37ebcbb2492f1f4","https://www.leg.state.fl.us/statutes/index.cfm?App_mode=Display_Statute&URL=0800-0899/0817/Sections/0817.29.html","","","","","false","false","false",""
"section","817.30","","Fla. Stat. § 817.30","Punishment for unlawful use of badge of certain orders and organizations","not_yet_analyzed","Official text is cached, but no explicit analysis establishes offense coverage.","official_current_cache","2026-09-18T15:26:36.719Z","52e8134c3e147e45e398f71139918e72945892b5a208ecab73d52cd3bafc1261","https://www.leg.state.fl.us/statutes/index.cfm?App_mode=Display_Statute&URL=0800-0899/0817/Sections/0817.30.html","","","","","false","false","false",""
"section","817.031","","Fla. Stat. § 817.031","Making false statements; venue of prosecution","not_yet_analyzed","Official text is cached, but no explicit analysis establishes offense coverage.","official_current_cache","2026-09-18T15:26:36.719Z","d2faa2ce3ed8983d2bdb00d370ec28cfbb7830d156b1163c3e30ae9fa7ca209f","https://www.leg.state.fl.us/statutes/index.cfm?App_mode=Display_Statute&URL=0800-0899/0817/Sections/0817.031.html","","","","","false","false","false",""
"section","817.31","","Fla. Stat. § 817.31","Unlawful use of insignia of American Legion; penalty","not_yet_analyzed","Official text is cached, but no explicit analysis establishes offense coverage.","official_current_cache","2026-09-18T15:26:36.719Z","8ab3eee016be478f3014669b596e4bad376b32233d986e425a864e57aba03f48","https://www.leg.state.fl.us/statutes/index.cfm?App_mode=Display_Statute&URL=0800-0899/0817/Sections/0817.31.html","","","","","false","false","false",""
"section","817.032","","Fla. Stat. § 817.032","Information available to identity theft victims","not_yet_analyzed","Official text is cached, but no explicit analysis establishes offense coverage.","official_current_cache","2026-09-18T15:26:36.719Z","beff7a6fb9fc08174113d11fb3e76b84ce5b746afdaf0a25fca237ae6e5f15cd","https://www.leg.state.fl.us/statutes/index.cfm?App_mode=Display_Statute&URL=0800-0899/0817/Sections/0817.032.html","","","","","false","false","false",""
"section","817.32","","Fla. Stat. § 817.32","Fraudulent operation of coin-operated devices","not_yet_analyzed","Official text is cached, but no explicit analysis establishes offense coverage.","official_current_cache","2026-09-18T15:26:36.719Z","21bf1885e70203d01fa9c7312a7c500cb2f3a6a1d4dbbdc681f0f0caae9be386","https://www.leg.state.fl.us/statutes/index.cfm?App_mode=Display_Statute&URL=0800-0899/0817/Sections/0817.32.html","","","","","false","false","false",""
"section","817.33","","Fla. Stat. § 817.33","Manufacture, etc., of slugs to be used in coin-operated devices prohibited","not_yet_analyzed","Official text is cached, but no explicit analysis establishes offense coverage.","official_current_cache","2026-09-18T15:26:36.719Z","43fdfca79010548425630e8bd6e2435ca076f0190150805b2deeddc320ae0156","https://www.leg.state.fl.us/statutes/index.cfm?App_mode=Display_Statute&URL=0800-0899/0817/Sections/0817.33.html","","","","","false","false","false",""
"section","817.034","","Fla. Stat. § 817.034","Florida Communications Fraud Act","not_yet_analyzed","Official text is cached, but no explicit analysis establishes offense coverage.","official_current_cache","2026-09-18T15:26:36.719Z","e48de263f98aafea41273f74040881fca5ec06a1eb946b77ffdfca3bd120caab","https://www.leg.state.fl.us/statutes/index.cfm?App_mode=Display_Statute&URL=0800-0899/0817/Sections/0817.034.html","","","","","false","false","false",""
"section","817.34","","Fla. Stat. § 817.34","False entries and statements by investment companies offering stock or security for sale","not_yet_analyzed","Official text is cached, but no explicit analysis establishes offense coverage.","official_current_cache","2026-09-18T15:26:36.719Z","168d5aa318162763e5fdc1bf04a0e10e93fa11995dd8b2c72e66833d3565c14d","https://www.leg.state.fl.us/statutes/index.cfm?App_mode=Display_Statute&URL=0800-0899/0817/Sections/0817.34.html","","","","","false","false","false",""
"section","817.35","","Fla. Stat. § 817.35","Sale of cemetery lots or mausoleum space; promises","not_yet_analyzed","Official text is cached, but no explicit analysis establishes offense coverage.","official_current_cache","2026-09-18T15:26:36.719Z","91232a094e19ff5e2ae0979a310a1b4c8ff0ddc8bfadae07b53bdd03e84ee8f3","https://www.leg.state.fl.us/statutes/index.cfm?App_mode=Display_Statute&URL=0800-0899/0817/Sections/0817.35.html","","","","","false","false","false",""
"section","817.36","","Fla. Stat. § 817.36","Resale of tickets","not_yet_analyzed","Official text is cached, but no explicit analysis establishes offense coverage.","official_current_cache","2026-09-18T15:26:36.719Z","a4dc9fd2029e3f1db741639bc9aece100f034eae4f90c6f20b7eb008985d3176","https://www.leg.state.fl.us/statutes/index.cfm?App_mode=Display_Statute&URL=0800-0899/0817/Sections/0817.36.html","","","","","false","false","false",""
"section","817.037","","Fla. Stat. § 817.037","Fraudulent refunds","not_yet_analyzed","Official text is cached, but no explicit analysis establishes offense coverage.","official_current_cache","2026-09-18T15:26:36.719Z","90e71c94bae71e9545f5a42e4a3a0c49a900ea07baf6863c8635af085ec53d7b","https://www.leg.state.fl.us/statutes/index.cfm?App_mode=Display_Statute&URL=0800-0899/0817/Sections/0817.037.html","","","","","false","false","false",""
"section","817.37","","Fla. Stat. § 817.37","Touting; defining; providing punishment; ejection from racetracks","not_yet_analyzed","Official text is cached, but no explicit analysis establishes offense coverage.","official_current_cache","2026-09-18T15:26:36.719Z","1c0e5022f5343be6c04263b658a0167c43abaeab11f0be42ed7dc32b3780f293","https://www.leg.state.fl.us/statutes/index.cfm?App_mode=Display_Statute&URL=0800-0899/0817/Sections/0817.37.html","","","","","false","false","false",""
"section","817.38","","Fla. Stat. § 817.38","Simulated process","not_yet_analyzed","Official text is cached, but no explicit analysis establishes offense coverage.","official_current_cache","2026-09-18T15:26:36.719Z","ba7e9d0cb4e778d3822e2ae48adad93ca831044989fcc2ea75217bc41edac93c","https://www.leg.state.fl.us/statutes/index.cfm?App_mode=Display_Statute&URL=0800-0899/0817/Sections/0817.38.html","","","","","false","false","false",""
"section","817.39","","Fla. Stat. § 817.39","Simulated forms of court or legal process, or official seal or stationery; publication, sale or circulation unlawful; penalty","not_yet_analyzed","Official text is cached, but no explicit analysis establishes offense coverage.","official_current_cache","2026-09-18T15:26:36.719Z","8d9c2bd4163254c2c6a1c9fba7843a007a5f346e2115259f0c49d185a8083b7e","https://www.leg.state.fl.us/statutes/index.cfm?App_mode=Display_Statute&URL=0800-0899/0817/Sections/0817.39.html","","","","","false","false","false",""
"section","817.40","","Fla. Stat. § 817.40","False, misleading and deceptive advertising and sales; definitions","not_yet_analyzed","Official text is cached, but no explicit analysis establishes offense coverage.","official_current_cache","2026-09-18T15:26:36.719Z","a10098489ad2a3c69242da2bb73b781aa05a993f1b2cdd804dbae193b5928b36","https://www.leg.state.fl.us/statutes/index.cfm?App_mode=Display_Statute&URL=0800-0899/0817/Sections/0817.40.html","","","","","false","false","false",""
"section","817.41","","Fla. Stat. § 817.41","Misleading advertising prohibited","not_yet_analyzed","Official text is cached, but no explicit analysis establishes offense coverage.","official_current_cache","2026-09-18T15:26:36.719Z","7fb28f00f1e4c89cbab7bacaff1867fd2e84f76d8f23d3437977788f2fd2aa7f","https://www.leg.state.fl.us/statutes/index.cfm?App_mode=Display_Statute&URL=0800-0899/0817/Sections/0817.41.html","","","","","false","false","false",""
"section","817.43","","Fla. Stat. § 817.43","Exemption","not_yet_analyzed","Official text is cached, but no explicit analysis establishes offense coverage.","official_current_cache","2026-09-18T15:26:36.719Z","4c05f9464a1ea03664e782dfa2a70fccfda9cbc9087b7492899922c3bb2cf816","https://www.leg.state.fl.us/statutes/index.cfm?App_mode=Display_Statute&URL=0800-0899/0817/Sections/0817.43.html","","","","","false","false","false",""
"section","817.44","","Fla. Stat. § 817.44","Intentional false advertising prohibited","not_yet_analyzed","Official text is cached, but no explicit analysis establishes offense coverage.","official_current_cache","2026-09-18T15:26:36.719Z","0a40e0ba99a0419811b0074fe0ef2c4ac548aa3c38d256acfb438b36811da400","https://www.leg.state.fl.us/statutes/index.cfm?App_mode=Display_Statute&URL=0800-0899/0817/Sections/0817.44.html","","","","","false","false","false",""
"section","817.45","","Fla. Stat. § 817.45","Penalty","not_yet_analyzed","Official text is cached, but no explicit analysis establishes offense coverage.","official_current_cache","2026-09-18T15:26:36.719Z","a966fed906ece682573acfa51ebb64272f12dd8eb2a597fd79ce8bb5802a1bc2","https://www.leg.state.fl.us/statutes/index.cfm?App_mode=Display_Statute&URL=0800-0899/0817/Sections/0817.45.html","","","","","false","false","false",""
"section","817.47","","Fla. Stat. § 817.47","Insurance advertising exempt","not_yet_analyzed","Official text is cached, but no explicit analysis establishes offense coverage.","official_current_cache","2026-09-18T15:26:36.719Z","3623096da4389875051c8fbf46aa2a3908b7aed787b9c484d7ac03e6652fc31b","https://www.leg.state.fl.us/statutes/index.cfm?App_mode=Display_Statute&URL=0800-0899/0817/Sections/0817.47.html","","","","","false","false","false",""
"section","817.49","","Fla. Stat. § 817.49","False reports of commission of crimes; penalty","not_yet_analyzed","Official text is cached, but no explicit analysis establishes offense coverage.","official_current_cache","2026-09-18T15:26:36.719Z","5b5767be92806bb67197156d5dab93121368c9be1f128dd2b5b5933274e5a3e8","https://www.leg.state.fl.us/statutes/index.cfm?App_mode=Display_Statute&URL=0800-0899/0817/Sections/0817.49.html","","","","","false","false","false",""
"section","817.50","","Fla. Stat. § 817.50","Fraudulently obtaining goods or services from a health care provider; false reports of a communicable disease","not_yet_analyzed","Official text is cached, but no explicit analysis establishes offense coverage.","official_current_cache","2026-09-18T15:26:36.719Z","98f75b1026e76c107192b77216f2f5d72451f0544a14d4faf7055f7d8a38b8c3","https://www.leg.state.fl.us/statutes/index.cfm?App_mode=Display_Statute&URL=0800-0899/0817/Sections/0817.50.html","","","","","false","false","false",""
"section","817.51","","Fla. Stat. § 817.51","Obtaining groceries, retail poultry, dairy, bakery, and other retail products; intent to defraud","not_yet_analyzed","Official text is cached, but no explicit analysis establishes offense coverage.","official_current_cache","2026-09-18T15:26:36.719Z","56d5bf35f329eee211befa4a73c56c565f1ff3130ac656cd9cd2574205c5b76f","https://www.leg.state.fl.us/statutes/index.cfm?App_mode=Display_Statute&URL=0800-0899/0817/Sections/0817.51.html","","","","","false","false","false",""
"section","817.52","","Fla. Stat. § 817.52","Obtaining vehicles with intent to defraud, failing to return hired vehicle, or tampering with mileage device of hired vehicle","not_yet_analyzed","Official text is cached, but no explicit analysis establishes offense coverage.","official_current_cache","2026-09-18T15:26:36.719Z","bbf14f1dae1467693aacfdf4928ac6789bb041fe156bc11f6abecfe561e6c079","https://www.leg.state.fl.us/statutes/index.cfm?App_mode=Display_Statute&URL=0800-0899/0817/Sections/0817.52.html","","","","","false","false","false",""
"section","817.53","","Fla. Stat. § 817.53","False charges for radio and television repairs and parts; penalty","not_yet_analyzed","Official text is cached, but no explicit analysis establishes offense coverage.","official_current_cache","2026-09-18T15:26:36.719Z","9e289d7f19f8c08703dab88ce48d811ea1e8b4cb080504a207573894339cdaf4","https://www.leg.state.fl.us/statutes/index.cfm?App_mode=Display_Statute&URL=0800-0899/0817/Sections/0817.53.html","","","","","false","false","false",""
"section","817.54","","Fla. Stat. § 817.54","Obtaining of mortgage, mortgage note, promissory note, etc., by false representation","not_yet_analyzed","Official text is cached, but no explicit analysis establishes offense coverage.","official_current_cache","2026-09-18T15:26:36.719Z","82609caf75e45c478378cbfc1130d205eb5a98c4fdcfbac15a9dae02e47b3fcc","https://www.leg.state.fl.us/statutes/index.cfm?App_mode=Display_Statute&URL=0800-0899/0817/Sections/0817.54.html","","","","","false","false","false",""
"section","817.55","","Fla. Stat. § 817.55","Tourist attraction advertisement; misleading use of the word “free.”","not_yet_analyzed","Official text is cached, but no explicit analysis establishes offense coverage.","official_current_cache","2026-09-18T15:26:36.719Z","b655ddd1740f267e139b3b00118fed0f26c0f8f019a9195ebb53382deac2e82c","https://www.leg.state.fl.us/statutes/index.cfm?App_mode=Display_Statute&URL=0800-0899/0817/Sections/0817.55.html","","","","","false","false","false",""
"section","817.57","","Fla. Stat. § 817.57","Short title","not_yet_analyzed","Official text is cached, but no explicit analysis establishes offense coverage.","official_current_cache","2026-09-18T15:26:36.719Z","9f3e0f981ee605a3620ff06d3ec688322dc49337f0f51b3efa90db892c9e6a94","https://www.leg.state.fl.us/statutes/index.cfm?App_mode=Display_Statute&URL=0800-0899/0817/Sections/0817.57.html","","","","","false","false","false",""
"section","817.58","","Fla. Stat. § 817.58","Definitions","not_yet_analyzed","Official text is cached, but no explicit analysis establishes offense coverage.","official_current_cache","2026-09-18T15:26:36.719Z","792ba2709bf138a6fe601d23e861d5d14117532bf02d748711c4e0765d3f1b2e","https://www.leg.state.fl.us/statutes/index.cfm?App_mode=Display_Statute&URL=0800-0899/0817/Sections/0817.58.html","","","","","false","false","false",""
"section","817.59","","Fla. Stat. § 817.59","False statement as to financial condition or identity","not_yet_analyzed","Official text is cached, but no explicit analysis establishes offense coverage.","official_current_cache","2026-09-18T15:26:36.719Z","2540d12480d2904a1fba3b68646824371d2281984d3e8b3955d2fb9b45837181","https://www.leg.state.fl.us/statutes/index.cfm?App_mode=Display_Statute&URL=0800-0899/0817/Sections/0817.59.html","","","","","false","false","false",""
"section","817.60","","Fla. Stat. § 817.60","Theft; obtaining credit card through fraudulent means","not_yet_analyzed","Official text is cached, but no explicit analysis establishes offense coverage.","official_current_cache","2026-09-18T15:26:36.719Z","f8c71d1480f2be3b1a3b2151dc200ce9e57aad4926404342983895a5804908fc","https://www.leg.state.fl.us/statutes/index.cfm?App_mode=Display_Statute&URL=0800-0899/0817/Sections/0817.60.html","","","","","false","false","false",""
"section","817.061","","Fla. Stat. § 817.061","Misleading solicitation of payments prohibited","not_yet_analyzed","Official text is cached, but no explicit analysis establishes offense coverage.","official_current_cache","2026-09-18T15:26:36.719Z","f5a3ad433b39e0c5f9521fef3e3f5074cf0ea6ebb0bf5eb5ff0597672e5fe208","https://www.leg.state.fl.us/statutes/index.cfm?App_mode=Display_Statute&URL=0800-0899/0817/Sections/0817.061.html","","","","","false","false","false",""
"section","817.61","","Fla. Stat. § 817.61","Fraudulent use of credit cards","partially_covered","One or more cited scopes map to selectable records; no statewide offense denominator or complete branch analysis proves the entire section covered.","official_current_cache","2026-09-18T15:26:36.719Z","0e9d649c4416380fa70119ad63b1642bc99589c8a37940ea5392a79381ba5f57","https://www.leg.state.fl.us/statutes/index.cfm?App_mode=Display_Statute&URL=0800-0899/0817/Sections/0817.61.html","fl-fs-817-61-fraudulent-use-of-credit-cards","fl-fs-817-61-fraudulent-use-of-credit-cards","eligible","fl-credit-card-fraud","false","false","false",""
"scope","817.61","","Fla. Stat. § 817.61","Fraudulent use of credit cards","covered","An explicit eligible analyst decision covers this cited scope; it does not establish unenumerated offenses.","official_current_cache","2026-09-18T15:26:36.719Z","0e9d649c4416380fa70119ad63b1642bc99589c8a37940ea5392a79381ba5f57","https://www.leg.state.fl.us/statutes/index.cfm?App_mode=Display_Statute&URL=0800-0899/0817/Sections/0817.61.html","fl-fs-817-61-fraudulent-use-of-credit-cards","fl-fs-817-61-fraudulent-use-of-credit-cards","eligible","fl-credit-card-fraud","false","true","false",""
"section","817.62","","Fla. Stat. § 817.62","Fraud by person authorized to provide goods or services","not_yet_analyzed","Official text is cached, but no explicit analysis establishes offense coverage.","official_current_cache","2026-09-18T15:26:36.719Z","ce4522dc584c817dd52fdcf2acfdac5392f0b04577baecdc7d49c592dbe1a6b1","https://www.leg.state.fl.us/statutes/index.cfm?App_mode=Display_Statute&URL=0800-0899/0817/Sections/0817.62.html","","","","","false","false","false",""
"section","817.64","","Fla. Stat. § 817.64","Receipt of money, etc., obtained by fraudulent use of credit cards","not_yet_analyzed","Official text is cached, but no explicit analysis establishes offense coverage.","official_current_cache","2026-09-18T15:26:36.719Z","d746a2f7e28fcb4b026d34d9a1594f207562a2bb02806ce6d5669d8d6b65ea07","https://www.leg.state.fl.us/statutes/index.cfm?App_mode=Display_Statute&URL=0800-0899/0817/Sections/0817.64.html","","","","","false","false","false",""
"section","817.65","","Fla. Stat. § 817.65","Defenses not available","not_yet_analyzed","Official text is cached, but no explicit analysis establishes offense coverage.","official_current_cache","2026-09-18T15:26:36.719Z","3fe94ba6e1f6e417e8e0f9888c52287c10148bc8d6e09cd9352ebe5cfaf1c6ce","https://www.leg.state.fl.us/statutes/index.cfm?App_mode=Display_Statute&URL=0800-0899/0817/Sections/0817.65.html","","","","","false","false","false",""
"section","817.66","","Fla. Stat. § 817.66","Presumptions","not_yet_analyzed","Official text is cached, but no explicit analysis establishes offense coverage.","official_current_cache","2026-09-18T15:26:36.719Z","00de2b80399d6b1f45343c805e719ae1551750b5efb52ee109e1413d333e418d","https://www.leg.state.fl.us/statutes/index.cfm?App_mode=Display_Statute&URL=0800-0899/0817/Sections/0817.66.html","","","","","false","false","false",""
"section","817.67","","Fla. Stat. § 817.67","Penalties","not_yet_analyzed","Official text is cached, but no explicit analysis establishes offense coverage.","official_current_cache","2026-09-18T15:26:36.719Z","3faf1736c17c9faef9dc39a2914f08bdb6362186ba84446af3c91b9f151a4158","https://www.leg.state.fl.us/statutes/index.cfm?App_mode=Display_Statute&URL=0800-0899/0817/Sections/0817.67.html","","","","","false","false","false",""
"section","817.68","","Fla. Stat. § 817.68","Part II not exclusive","not_yet_analyzed","Official text is cached, but no explicit analysis establishes offense coverage.","official_current_cache","2026-09-18T15:26:36.719Z","880d667414bcb1cc23b92fe65e39b2cd92b349386a77b3a04dd3dbef258b7de1","https://www.leg.state.fl.us/statutes/index.cfm?App_mode=Display_Statute&URL=0800-0899/0817/Sections/0817.68.html","","","","","false","false","false",""
"section","817.091","","Fla. Stat. § 817.091","Fraudulent use of gift cards","not_yet_analyzed","Official text is cached, but no explicit analysis establishes offense coverage.","official_current_cache","2026-09-18T15:26:36.719Z","1dd56e123a4762c4d879ad744e0a254c33b9b9d32f2c89207fbf627d5ee492de","https://www.leg.state.fl.us/statutes/index.cfm?App_mode=Display_Statute&URL=0800-0899/0817/Sections/0817.091.html","","","","","false","false","false",""
"section","817.155","","Fla. Stat. § 817.155","Matters within jurisdiction of Department of State; false, fictitious, or fraudulent acts, statements, and representations prohibited; penalty; statute of limitations","not_yet_analyzed","Official text is cached, but no explicit analysis establishes offense coverage.","official_current_cache","2026-09-18T15:26:36.719Z","ca3ed7425272d7aeed029f0e3576c4205505133d3e1bf445196b003a3c349d85","https://www.leg.state.fl.us/statutes/index.cfm?App_mode=Display_Statute&URL=0800-0899/0817/Sections/0817.155.html","","","","","false","false","false",""
"section","817.233","","Fla. Stat. § 817.233","Burning to defraud the insurer","not_yet_analyzed","Official text is cached, but no explicit analysis establishes offense coverage.","official_current_cache","2026-09-18T15:26:36.719Z","9d2f1e44a4dfe22a5c01072edf0d7ef241cdbefe00d06c34309aad136d41dd54","https://www.leg.state.fl.us/statutes/index.cfm?App_mode=Display_Statute&URL=0800-0899/0817/Sections/0817.233.html","","","","","false","false","false",""
"section","817.234","","Fla. Stat. § 817.234","False and fraudulent insurance claims","partially_covered","One or more cited scopes map to selectable records; no statewide offense denominator or complete branch analysis proves the entire section covered.","official_current_cache","2026-09-18T15:26:36.719Z","3f8622213620fe67548e2294bad82f7f83d8221086435a65a20d0497a62d75f5","https://www.leg.state.fl.us/statutes/index.cfm?App_mode=Display_Statute&URL=0800-0899/0817/Sections/0817.234.html","fl-fs-817-234-insurance-fraud","fl-fs-817-234-insurance-fraud","eligible","fl-insurance-fraud","false","false","false",""
"scope","817.234","","Fla. Stat. § 817.234","False and fraudulent insurance claims","not_yet_analyzed","This legacy cleanup item has no explicit offense analysis and is not counted as a missing offense.","official_current_cache","2026-09-18T15:26:36.719Z","3f8622213620fe67548e2294bad82f7f83d8221086435a65a20d0497a62d75f5","https://www.leg.state.fl.us/statutes/index.cfm?App_mode=Display_Statute&URL=0800-0899/0817/Sections/0817.234.html","","","","fl-insurance-fraud","false","false","false",""
"scope","817.234","(1)(a)","Fla. Stat. § 817.234(1)(a)","False and fraudulent insurance claims","covered","An explicit eligible analyst decision covers this cited scope; it does not establish unenumerated offenses.","official_current_cache","2026-09-18T15:26:36.719Z","3f8622213620fe67548e2294bad82f7f83d8221086435a65a20d0497a62d75f5","https://www.leg.state.fl.us/statutes/index.cfm?App_mode=Display_Statute&URL=0800-0899/0817/Sections/0817.234.html","fl-fs-817-234-insurance-fraud","fl-fs-817-234-insurance-fraud","eligible","","false","false","false",""
"section","817.235","","Fla. Stat. § 817.235","Personal property; removing or altering identification marks","not_yet_analyzed","Official text is cached, but no explicit analysis establishes offense coverage.","official_current_cache","2026-09-18T15:26:36.719Z","7861fddb1b2e184952dbf58384538d8f74f50045833e3b4e0a9c70df25b28ae4","https://www.leg.state.fl.us/statutes/index.cfm?App_mode=Display_Statute&URL=0800-0899/0817/Sections/0817.235.html","","","","","false","false","false",""
"section","817.236","","Fla. Stat. § 817.236","False and fraudulent motor vehicle insurance application","not_yet_analyzed","Official text is cached, but no explicit analysis establishes offense coverage.","official_current_cache","2026-09-18T15:26:36.719Z","7258466e9c370442738d9762f16af102262c53abcbe48578ea715523aa2a273b","https://www.leg.state.fl.us/statutes/index.cfm?App_mode=Display_Statute&URL=0800-0899/0817/Sections/0817.236.html","","","","","false","false","false",""
"section","817.265","","Fla. Stat. § 817.265","False or fraudulent proof of need for an emotional support animal","not_yet_analyzed","Official text is cached, but no explicit analysis establishes offense coverage.","official_current_cache","2026-09-18T15:26:36.719Z","33a0d240d8ba05ebe0384aa6ee3b1c747773fa6e81e505ef546fa8ecd8051b2f","https://www.leg.state.fl.us/statutes/index.cfm?App_mode=Display_Statute&URL=0800-0899/0817/Sections/0817.265.html","","","","","false","false","false",""
"section","817.0311","","Fla. Stat. § 817.0311","Fraudulent sale or lease of real property","not_yet_analyzed","Official text is cached, but no explicit analysis establishes offense coverage.","official_current_cache","2026-09-18T15:26:36.719Z","ee78ae08b743dfbff04b18dfc7c4d68dba594e84e4be2f505f3be5b8c45f96b9","https://www.leg.state.fl.us/statutes/index.cfm?App_mode=Display_Statute&URL=0800-0899/0817/Sections/0817.0311.html","","","","","false","false","false",""
"section","817.311","","Fla. Stat. § 817.311","Unlawful use of badges, etc","not_yet_analyzed","Official text is cached, but no explicit analysis establishes offense coverage.","official_current_cache","2026-09-18T15:26:36.719Z","dba866363f655c8d86fbc68562afcf11bc51dc35dda12b379ab3807a2a710ef8","https://www.leg.state.fl.us/statutes/index.cfm?App_mode=Display_Statute&URL=0800-0899/0817/Sections/0817.311.html","","","","","false","false","false",""
"section","817.312","","Fla. Stat. § 817.312","Unlawful use of uniforms, medals, or insignia","not_yet_analyzed","Official text is cached, but no explicit analysis establishes offense coverage.","official_current_cache","2026-09-18T15:26:36.719Z","31f3216abe6330afd02b7b49407ffa5a5fcca93b63e70f57859c397c0783343a","https://www.leg.state.fl.us/statutes/index.cfm?App_mode=Display_Statute&URL=0800-0899/0817/Sections/0817.312.html","","","","","false","false","false",""
"section","817.0345","","Fla. Stat. § 817.0345","Prohibition of fraudulent marketing practices","not_yet_analyzed","Official text is cached, but no explicit analysis establishes offense coverage.","official_current_cache","2026-09-18T15:26:36.719Z","895b71400b3ec68fd3744a8c9ea35c8faa3a299fe4f8f177bb6e7b1f7de43ec8","https://www.leg.state.fl.us/statutes/index.cfm?App_mode=Display_Statute&URL=0800-0899/0817/Sections/0817.0345.html","","","","","false","false","false",""
"section","817.355","","Fla. Stat. § 817.355","Fraudulent creation or possession of admission ticket","not_yet_analyzed","Official text is cached, but no explicit analysis establishes offense coverage.","official_current_cache","2026-09-18T15:26:36.719Z","052837712dac8f839d9d377f049fca270bdfa7586e7017ca0d4b8a6e51487246","https://www.leg.state.fl.us/statutes/index.cfm?App_mode=Display_Statute&URL=0800-0899/0817/Sections/0817.355.html","","","","","false","false","false",""
"section","817.357","","Fla. Stat. § 817.357","Purchase of tickets","not_yet_analyzed","Official text is cached, but no explicit analysis establishes offense coverage.","official_current_cache","2026-09-18T15:26:36.719Z","941ae35180775dad57e526c2fa7a3fd6bd798f5f7338b146fa6587135d2196d9","https://www.leg.state.fl.us/statutes/index.cfm?App_mode=Display_Statute&URL=0800-0899/0817/Sections/0817.357.html","","","","","false","false","false",""
"section","817.361","","Fla. Stat. § 817.361","Sale or transfer of multiuse tickets","not_yet_analyzed","Official text is cached, but no explicit analysis establishes offense coverage.","official_current_cache","2026-09-18T15:26:36.719Z","b6794e91000a9bf7d66b89562261af07667a3e1966213bcc6b353c4dd7cbe74d","https://www.leg.state.fl.us/statutes/index.cfm?App_mode=Display_Statute&URL=0800-0899/0817/Sections/0817.361.html","","","","","false","false","false",""
"section","817.411","","Fla. Stat. § 817.411","False information; advertising","not_yet_analyzed","Official text is cached, but no explicit analysis establishes offense coverage.","official_current_cache","2026-09-18T15:26:36.719Z","7f977e1d89be3af397f265209452e5cbfb001c51df3e220dc9787f821e443f5c","https://www.leg.state.fl.us/statutes/index.cfm?App_mode=Display_Statute&URL=0800-0899/0817/Sections/0817.411.html","","","","","false","false","false",""
"section","817.412","","Fla. Stat. § 817.412","Sale of used goods as new; penalty","not_yet_analyzed","Official text is cached, but no explicit analysis establishes offense coverage.","official_current_cache","2026-09-18T15:26:36.719Z","a62d5ffa2340a6c7bf763fb5a6c7bed5e88225bc3e6948f7d160f80bbba2eebd","https://www.leg.state.fl.us/statutes/index.cfm?App_mode=Display_Statute&URL=0800-0899/0817/Sections/0817.412.html","","","","","false","false","false",""
"section","817.413","","Fla. Stat. § 817.413","Sale of used motor vehicle goods as new; penalty","not_yet_analyzed","Official text is cached, but no explicit analysis establishes offense coverage.","official_current_cache","2026-09-18T15:26:36.719Z","e23b0eb75c2d4a42b843d60543f3d5a1d27fadae5fd42cab83d3244893182302","https://www.leg.state.fl.us/statutes/index.cfm?App_mode=Display_Statute&URL=0800-0899/0817/Sections/0817.413.html","","","","","false","false","false",""
"section","817.414","","Fla. Stat. § 817.414","Sale of counterfeit security signs and decals","not_yet_analyzed","Official text is cached, but no explicit analysis establishes offense coverage.","official_current_cache","2026-09-18T15:26:36.719Z","8aff4aab8204bbcfe606d9ae709b5d10895beb1b5ffd5617a0162898fe0ae374","https://www.leg.state.fl.us/statutes/index.cfm?App_mode=Display_Statute&URL=0800-0899/0817/Sections/0817.414.html","","","","","false","false","false",""
"section","817.415","","Fla. Stat. § 817.415","Florida Free Gift Advertising Law","not_yet_analyzed","Official text is cached, but no explicit analysis establishes offense coverage.","official_current_cache","2026-09-18T15:26:36.719Z","020b6d00a826d185f062348354fbc3694347770406c902fc8b232b5eb9737af7","https://www.leg.state.fl.us/statutes/index.cfm?App_mode=Display_Statute&URL=0800-0899/0817/Sections/0817.415.html","","","","","false","false","false",""
"section","817.416","","Fla. Stat. § 817.416","Franchises and distributorships; misrepresentations","not_yet_analyzed","Official text is cached, but no explicit analysis establishes offense coverage.","official_current_cache","2026-09-18T15:26:36.719Z","a323a1c3ec4adb0a4859e7c5729018b4bce94420c435df52e80e854cf6ca852a","https://www.leg.state.fl.us/statutes/index.cfm?App_mode=Display_Statute&URL=0800-0899/0817/Sections/0817.416.html","","","","","false","false","false",""
"section","817.417","","Fla. Stat. § 817.417","Government Impostor and Deceptive Advertisements Act","not_yet_analyzed","Official text is cached, but no explicit analysis establishes offense coverage.","official_current_cache","2026-09-18T15:26:36.719Z","aa4870cee850394e769b0144c25bb2b4ec25eb961934f6f8288bba06fd85a86b","https://www.leg.state.fl.us/statutes/index.cfm?App_mode=Display_Statute&URL=0800-0899/0817/Sections/0817.417.html","","","","","false","false","false",""
"section","817.418","","Fla. Stat. § 817.418","Offering for sale or advertising personal protective equipment with intent to defraud","not_yet_analyzed","Official text is cached, but no explicit analysis establishes offense coverage.","official_current_cache","2026-09-18T15:26:36.719Z","05a1e04f395916f0fbd33e3cb6030febdef3615e52df629308dbd33ade37e6b4","https://www.leg.state.fl.us/statutes/index.cfm?App_mode=Display_Statute&URL=0800-0899/0817/Sections/0817.418.html","","","","","false","false","false",""
"section","817.481","","Fla. Stat. § 817.481","Credit or purchases; obtaining illicitly","not_yet_analyzed","Official text is cached, but no explicit analysis establishes offense coverage.","official_current_cache","2026-09-18T15:26:36.719Z","3e6f1fc492059a5d49a748e188935bfaa941101e8253a0c1a19400fde3c29eb2","https://www.leg.state.fl.us/statutes/index.cfm?App_mode=Display_Statute&URL=0800-0899/0817/Sections/0817.481.html","","","","","false","false","false",""
"section","817.482","","Fla. Stat. § 817.482","Possessing or transferring device for theft of telecommunications service; concealment of destination of telecommunications service","not_yet_analyzed","Official text is cached, but no explicit analysis establishes offense coverage.","official_current_cache","2026-09-18T15:26:36.719Z","4a1586d45913d90807bc990257abb244ba5a41b613e9f74ce653410626670f8d","https://www.leg.state.fl.us/statutes/index.cfm?App_mode=Display_Statute&URL=0800-0899/0817/Sections/0817.482.html","","","","","false","false","false",""
"section","817.483","","Fla. Stat. § 817.483","Transmission or publication of information regarding schemes, devices, means, or methods for theft of communication services","not_yet_analyzed","Official text is cached, but no explicit analysis establishes offense coverage.","official_current_cache","2026-09-18T15:26:36.719Z","df208b0188bdf98be6808cb05e9bed19c5d2ebb4cc33e8bda0061b35612197fd","https://www.leg.state.fl.us/statutes/index.cfm?App_mode=Display_Statute&URL=0800-0899/0817/Sections/0817.483.html","","","","","false","false","false",""
"section","817.484","","Fla. Stat. § 817.484","Obtaining telephone calling records by fraudulent means prohibited","not_yet_analyzed","Official text is cached, but no explicit analysis establishes offense coverage.","official_current_cache","2026-09-18T15:26:36.719Z","89f82bd677e5e1aca1654e469c1d0532ae511e085401cdb0edc7f7c7dfc83b7d","https://www.leg.state.fl.us/statutes/index.cfm?App_mode=Display_Statute&URL=0800-0899/0817/Sections/0817.484.html","","","","","false","false","false",""
"section","817.487","","Fla. Stat. § 817.487","Telephone caller identification systems","not_yet_analyzed","Official text is cached, but no explicit analysis establishes offense coverage.","official_current_cache","2026-09-18T15:26:36.719Z","8964a3202eeffb9bffa7198ce53aa4de16ae37dfeef1b7ee74f1dce402315ff2","https://www.leg.state.fl.us/statutes/index.cfm?App_mode=Display_Statute&URL=0800-0899/0817/Sections/0817.487.html","","","","","false","false","false",""
"section","817.504","","Fla. Stat. § 817.504","Offering or advertising a vaccine with intent to defraud","not_yet_analyzed","Official text is cached, but no explicit analysis establishes offense coverage.","official_current_cache","2026-09-18T15:26:36.719Z","f034c43854a740374d058b2803290e5b3c4c0b72fa5ebaf7abcf757764b27158","https://www.leg.state.fl.us/statutes/index.cfm?App_mode=Display_Statute&URL=0800-0899/0817/Sections/0817.504.html","","","","","false","false","false",""
"section","817.505","","Fla. Stat. § 817.505","Patient brokering prohibited; exceptions; penalties","not_yet_analyzed","Official text is cached, but no explicit analysis establishes offense coverage.","official_current_cache","2026-09-18T15:26:36.719Z","14fe4dfc77080e1a3c1a048c56c3c928dba9f16914a3d35a4ba1e310a70abca1","https://www.leg.state.fl.us/statutes/index.cfm?App_mode=Display_Statute&URL=0800-0899/0817/Sections/0817.505.html","","","","","false","false","false",""
"section","817.535","","Fla. Stat. § 817.535","Unlawful filing of false documents or records against real or personal property","not_yet_analyzed","Official text is cached, but no explicit analysis establishes offense coverage.","official_current_cache","2026-09-18T15:26:36.719Z","93dafa44b412afa2a35cb7766edc0133e3631b10846f1e9530153167119e451e","https://www.leg.state.fl.us/statutes/index.cfm?App_mode=Display_Statute&URL=0800-0899/0817/Sections/0817.535.html","","","","","false","false","false",""
"section","817.537","","Fla. Stat. § 817.537","Fraudulent entry of a residential dwelling unit","not_yet_analyzed","Official text is cached, but no explicit analysis establishes offense coverage.","official_current_cache","2026-09-18T15:26:36.719Z","3d20c9963969a51a57d4dffc74eeab2436b426f4355c21bdf2cdb8920163f3d1","https://www.leg.state.fl.us/statutes/index.cfm?App_mode=Display_Statute&URL=0800-0899/0817/Sections/0817.537.html","","","","","false","false","false",""
"section","817.545","","Fla. Stat. § 817.545","Mortgage fraud","not_yet_analyzed","Official text is cached, but no explicit analysis establishes offense coverage.","official_current_cache","2026-09-18T15:26:36.719Z","25cb71a572a1d6e0ccb6ab0dc8149e2a2fed13461b330034cbcea1f37ff8fe4b","https://www.leg.state.fl.us/statutes/index.cfm?App_mode=Display_Statute&URL=0800-0899/0817/Sections/0817.545.html","","","","","false","false","false",""
"section","817.554","","Fla. Stat. § 817.554","Fraudulently offering for sale tour or travel-related services","not_yet_analyzed","Official text is cached, but no explicit analysis establishes offense coverage.","official_current_cache","2026-09-18T15:26:36.719Z","f85f588b81d24a76824611d886534bd4ee855847616076dc795abedb4b5d37f1","https://www.leg.state.fl.us/statutes/index.cfm?App_mode=Display_Statute&URL=0800-0899/0817/Sections/0817.554.html","","","","","false","false","false",""
"section","817.558","","Fla. Stat. § 817.558","Water-treatment devices","not_yet_analyzed","Official text is cached, but no explicit analysis establishes offense coverage.","official_current_cache","2026-09-18T15:26:36.719Z","c82b406692be9e1f06fb64ce32b0ed1aad9746e4762cba415c8cc9f9aa133fc4","https://www.leg.state.fl.us/statutes/index.cfm?App_mode=Display_Statute&URL=0800-0899/0817/Sections/0817.558.html","","","","","false","false","false",""
"section","817.561","","Fla. Stat. § 817.561","Violations may be enjoined","not_yet_analyzed","Official text is cached, but no explicit analysis establishes offense coverage.","official_current_cache","2026-09-18T15:26:36.719Z","2bb65167e4b6f2abaad5b6a00e7c1f19b9f5fdfc7ae0d9ee740bb65ed0b45052","https://www.leg.state.fl.us/statutes/index.cfm?App_mode=Display_Statute&URL=0800-0899/0817/Sections/0817.561.html","","","","","false","false","false",""
"section","817.562","","Fla. Stat. § 817.562","Fraud involving a security interest","not_yet_analyzed","Official text is cached, but no explicit analysis establishes offense coverage.","official_current_cache","2026-09-18T15:26:36.719Z","617c1f9707498afb4d37b0c2b15dc492847165703d105fd8841d0eeb4e9812d4","https://www.leg.state.fl.us/statutes/index.cfm?App_mode=Display_Statute&URL=0800-0899/0817/Sections/0817.562.html","","","","","false","false","false",""
"section","817.563","","Fla. Stat. § 817.563","Controlled substance named or described in s. 893.03; sale of substance in lieu thereof","not_yet_analyzed","Official text is cached, but no explicit analysis establishes offense coverage.","official_current_cache","2026-09-18T15:26:36.719Z","cdd4544631a363c4bd3a3b025d6ff8870a78246162c24f7e96a97149f264a34f","https://www.leg.state.fl.us/statutes/index.cfm?App_mode=Display_Statute&URL=0800-0899/0817/Sections/0817.563.html","","","","","false","false","false",""
"section","817.564","","Fla. Stat. § 817.564","Imitation controlled substances defined; possession and distribution prohibited","not_yet_analyzed","Official text is cached, but no explicit analysis establishes offense coverage.","official_current_cache","2026-09-18T15:26:36.719Z","95dcf2760481ffe6aeff06b2a2f229870f3109f4a787545d39b7b447a5b8bae9","https://www.leg.state.fl.us/statutes/index.cfm?App_mode=Display_Statute&URL=0800-0899/0817/Sections/0817.564.html","","","","","false","false","false",""
"section","817.565","","Fla. Stat. § 817.565","Urine testing, fraudulent practices; penalties","not_yet_analyzed","Official text is cached, but no explicit analysis establishes offense coverage.","official_current_cache","2026-09-18T15:26:36.719Z","d2293f6e08e6300c69504dd631218f57bf4972b82a5569f27cd1ceb21acde326","https://www.leg.state.fl.us/statutes/index.cfm?App_mode=Display_Statute&URL=0800-0899/0817/Sections/0817.565.html","","","","","false","false","false",""
"section","817.566","","Fla. Stat. § 817.566","Misrepresentation of association with, or academic standing at, postsecondary educational institution","not_yet_analyzed","Official text is cached, but no explicit analysis establishes offense coverage.","official_current_cache","2026-09-18T15:26:36.719Z","7ee3be12af2e5819abd8c57382d9ce6d54a57db55a22b70f0c46ea5e5297a257","https://www.leg.state.fl.us/statutes/index.cfm?App_mode=Display_Statute&URL=0800-0899/0817/Sections/0817.566.html","","","","","false","false","false",""
"section","817.568","","Fla. Stat. § 817.568","Criminal use of personal identification information","partially_covered","One or more cited scopes map to selectable records; no statewide offense denominator or complete branch analysis proves the entire section covered.","official_current_cache","2026-09-18T15:26:36.719Z","77a435e6d986110e314948f8e07ce0d1acb6f5807138f6026f3e0344c6158402","https://www.leg.state.fl.us/statutes/index.cfm?App_mode=Display_Statute&URL=0800-0899/0817/Sections/0817.568.html","fl-fs-817-568-fraudulent-creation-or-use-or-possession-with-intent-to-fraudulently-use-counterfeit-or-fictitious-personal-identification-information|fl-fs-817-568-fraudulent-use-of-personal-identification-information|fl-fs-817-568-fraudulent-use-or-possession-with-intent-to-use-personal-identification-information-of-a-deceased-individual-or-dissolved-business-entity|fl-fs-817-568-harassment-by-use-of-personal-identification-information","fl-fs-817-568-fraudulent-creation-or-use-or-possession-with-intent-to-fraudulently-use-counterfeit-or-fictitious-personal-identification-information|fl-fs-817-568-fraudulent-use-of-personal-identification-information|fl-fs-817-568-fraudulent-use-or-possession-with-intent-to-use-personal-identification-information-of-a-deceased-individual-or-dissolved-business-entity|fl-fs-817-568-harassment-by-use-of-personal-identification-information","eligible","fl-identity-theft","false","false","false",""
"scope","817.568","","Fla. Stat. § 817.568","Criminal use of personal identification information","not_yet_analyzed","This legacy cleanup item has no explicit offense analysis and is not counted as a missing offense.","official_current_cache","2026-09-18T15:26:36.719Z","77a435e6d986110e314948f8e07ce0d1acb6f5807138f6026f3e0344c6158402","https://www.leg.state.fl.us/statutes/index.cfm?App_mode=Display_Statute&URL=0800-0899/0817/Sections/0817.568.html","","","","fl-identity-theft","false","false","false",""
"scope","817.568","(2)","Fla. Stat. § 817.568(2)","Criminal use of personal identification information","covered","An explicit eligible analyst decision covers this cited scope; it does not establish unenumerated offenses.","official_current_cache","2026-09-18T15:26:36.719Z","77a435e6d986110e314948f8e07ce0d1acb6f5807138f6026f3e0344c6158402","https://www.leg.state.fl.us/statutes/index.cfm?App_mode=Display_Statute&URL=0800-0899/0817/Sections/0817.568.html","fl-fs-817-568-fraudulent-use-of-personal-identification-information","fl-fs-817-568-fraudulent-use-of-personal-identification-information","eligible","","false","false","false",""
"scope","817.568","(4)","Fla. Stat. § 817.568(4)","Criminal use of personal identification information","covered","An explicit eligible analyst decision covers this cited scope; it does not establish unenumerated offenses.","official_current_cache","2026-09-18T15:26:36.719Z","77a435e6d986110e314948f8e07ce0d1acb6f5807138f6026f3e0344c6158402","https://www.leg.state.fl.us/statutes/index.cfm?App_mode=Display_Statute&URL=0800-0899/0817/Sections/0817.568.html","fl-fs-817-568-harassment-by-use-of-personal-identification-information","fl-fs-817-568-harassment-by-use-of-personal-identification-information","eligible","","false","false","false",""
"scope","817.568","(8)","Fla. Stat. § 817.568(8)","Criminal use of personal identification information","covered","An explicit eligible analyst decision covers this cited scope; it does not establish unenumerated offenses.","official_current_cache","2026-09-18T15:26:36.719Z","77a435e6d986110e314948f8e07ce0d1acb6f5807138f6026f3e0344c6158402","https://www.leg.state.fl.us/statutes/index.cfm?App_mode=Display_Statute&URL=0800-0899/0817/Sections/0817.568.html","fl-fs-817-568-fraudulent-use-or-possession-with-intent-to-use-personal-identification-information-of-a-deceased-individual-or-dissolved-business-entity","fl-fs-817-568-fraudulent-use-or-possession-with-intent-to-use-personal-identification-information-of-a-deceased-individual-or-dissolved-business-entity","eligible","","false","false","false",""
"scope","817.568","(9)","Fla. Stat. § 817.568(9)","Criminal use of personal identification information","covered","An explicit eligible analyst decision covers this cited scope; it does not establish unenumerated offenses.","official_current_cache","2026-09-18T15:26:36.719Z","77a435e6d986110e314948f8e07ce0d1acb6f5807138f6026f3e0344c6158402","https://www.leg.state.fl.us/statutes/index.cfm?App_mode=Display_Statute&URL=0800-0899/0817/Sections/0817.568.html","fl-fs-817-568-fraudulent-creation-or-use-or-possession-with-intent-to-fraudulently-use-counterfeit-or-fictitious-personal-identification-information","fl-fs-817-568-fraudulent-creation-or-use-or-possession-with-intent-to-fraudulently-use-counterfeit-or-fictitious-personal-identification-information","eligible","","false","false","false",""
"section","817.569","","Fla. Stat. § 817.569","Criminal use of a public record or public records information; providing false information; penalties","not_yet_analyzed","Official text is cached, but no explicit analysis establishes offense coverage.","official_current_cache","2026-09-18T15:26:36.719Z","1c047c1de17127e41739f1c1d0eb8928ab47a1406614b0b90d99f9136f888e9d","https://www.leg.state.fl.us/statutes/index.cfm?App_mode=Display_Statute&URL=0800-0899/0817/Sections/0817.569.html","","","","","false","false","false",""
"section","817.611","","Fla. Stat. § 817.611","Traffic in or possess counterfeit credit cards","not_yet_analyzed","Official text is cached, but no explicit analysis establishes offense coverage.","official_current_cache","2026-09-18T15:26:36.719Z","ccd3e8f9c97de014f70affb2629df30d2fad1d0ea9d514cc9a58eeb7faa1a092","https://www.leg.state.fl.us/statutes/index.cfm?App_mode=Display_Statute&URL=0800-0899/0817/Sections/0817.611.html","","","","","false","false","false",""
"section","817.612","","Fla. Stat. § 817.612","Expired or revoked credit cards","not_yet_analyzed","Official text is cached, but no explicit analysis establishes offense coverage.","official_current_cache","2026-09-18T15:26:36.719Z","301bd1f7a8864167b0e09383e77590f1740ffed275fc782eb10b8bb9dfce9138","https://www.leg.state.fl.us/statutes/index.cfm?App_mode=Display_Statute&URL=0800-0899/0817/Sections/0817.612.html","","","","","false","false","false",""
"section","817.625","","Fla. Stat. § 817.625","Use of scanning device, skimming device, or reencoder to defraud; possession of skimming device; penalties","not_yet_analyzed","Official text is cached, but no explicit analysis establishes offense coverage.","official_current_cache","2026-09-18T15:26:36.719Z","dfb4d94c272498ec64292511555312aedd7d14f3f397aedfdbdef0447de201d9","https://www.leg.state.fl.us/statutes/index.cfm?App_mode=Display_Statute&URL=0800-0899/0817/Sections/0817.625.html","","","","","false","false","false",""
"section","817.631","","Fla. Stat. § 817.631","Possession and transfer of credit-card-making equipment","not_yet_analyzed","Official text is cached, but no explicit analysis establishes offense coverage.","official_current_cache","2026-09-18T15:26:36.719Z","f0f0d2a757b91a21a806916d06bfee4b74a1af5ab5a28c30d4738d5574dcce12","https://www.leg.state.fl.us/statutes/index.cfm?App_mode=Display_Statute&URL=0800-0899/0817/Sections/0817.631.html","","","","","false","false","false",""
"section","817.645","","Fla. Stat. § 817.645","Alteration of credit card invoice; penalties","not_yet_analyzed","Official text is cached, but no explicit analysis establishes offense coverage.","official_current_cache","2026-09-18T15:26:36.719Z","e0558fecd0f4bec547f506b919b9d4d6b613eb736ab91d786d3216e3c8cd6490","https://www.leg.state.fl.us/statutes/index.cfm?App_mode=Display_Statute&URL=0800-0899/0817/Sections/0817.645.html","","","","","false","false","false",""
"section","817.646","","Fla. Stat. § 817.646","Credit card lists prohibited; penalty","not_yet_analyzed","Official text is cached, but no explicit analysis establishes offense coverage.","official_current_cache","2026-09-18T15:26:36.719Z","db318f07357cd6c045224036355eb85e8b905d26bc761abf5b371cc93b007e30","https://www.leg.state.fl.us/statutes/index.cfm?App_mode=Display_Statute&URL=0800-0899/0817/Sections/0817.646.html","","","","","false","false","false",""
"section","817.685","","Fla. Stat. § 817.685","Credit card transaction records","not_yet_analyzed","Official text is cached, but no explicit analysis establishes offense coverage.","official_current_cache","2026-09-18T15:26:36.719Z","d79da0cd7edd3ac45de17e4f62762faea0a557e81a79f5b9c57f4ea8693cb6c3","https://www.leg.state.fl.us/statutes/index.cfm?App_mode=Display_Statute&URL=0800-0899/0817/Sections/0817.685.html","","","","","false","false","false",""
"section","817.701","","Fla. Stat. § 817.701","Surety bonds; exemption","not_yet_analyzed","Official text is cached, but no explicit analysis establishes offense coverage.","official_current_cache","2026-09-18T15:26:36.719Z","6a59cb40b563b7e98f93862b90e6e22e556c42cb1e8d776561136e03b2e0ca3c","https://www.leg.state.fl.us/statutes/index.cfm?App_mode=Display_Statute&URL=0800-0899/0817/Sections/0817.701.html","","","","","false","false","false",""
"section","817.702","","Fla. Stat. § 817.702","Statement to buyer","not_yet_analyzed","Official text is cached, but no explicit analysis establishes offense coverage.","official_current_cache","2026-09-18T15:26:36.719Z","cebc26c333eef9b2a8d924e5dd877fb2e5467d025571cdc687cfc69f2f1c9e5b","https://www.leg.state.fl.us/statutes/index.cfm?App_mode=Display_Statute&URL=0800-0899/0817/Sections/0817.702.html","","","","","false","false","false",""
"section","817.703","","Fla. Stat. § 817.703","Information statement","not_yet_analyzed","Official text is cached, but no explicit analysis establishes offense coverage.","official_current_cache","2026-09-18T15:26:36.719Z","aa254b93a14710a4056abffc66a5a367e7fb4ec1064f0745c3830c6e8562f8e5","https://www.leg.state.fl.us/statutes/index.cfm?App_mode=Display_Statute&URL=0800-0899/0817/Sections/0817.703.html","","","","","false","false","false",""
"section","817.704","","Fla. Stat. § 817.704","Provisions of contract","not_yet_analyzed","Official text is cached, but no explicit analysis establishes offense coverage.","official_current_cache","2026-09-18T15:26:36.719Z","c409427f0b5365493668e6cdd212c571e37838a21311d158661b004f076e2e18","https://www.leg.state.fl.us/statutes/index.cfm?App_mode=Display_Statute&URL=0800-0899/0817/Sections/0817.704.html","","","","","false","false","false",""
"section","817.705","","Fla. Stat. § 817.705","Waivers; burden of proof; penalties","not_yet_analyzed","Official text is cached, but no explicit analysis establishes offense coverage.","official_current_cache","2026-09-18T15:26:36.719Z","cabc649f77ddf29db8af883a0f5fff7fd38a800e9d9792317051ab9c27ceac74","https://www.leg.state.fl.us/statutes/index.cfm?App_mode=Display_Statute&URL=0800-0899/0817/Sections/0817.705.html","","","","","false","false","false",""
"section","817.706","","Fla. Stat. § 817.706","Actions for damages","not_yet_analyzed","Official text is cached, but no explicit analysis establishes offense coverage.","official_current_cache","2026-09-18T15:26:36.719Z","e714acc8dba58c35c0c39d2b041e50cb11c5d932a21cd9a6f094bf47d8831b50","https://www.leg.state.fl.us/statutes/index.cfm?App_mode=Display_Statute&URL=0800-0899/0817/Sections/0817.706.html","","","","","false","false","false",""
"section","817.801","","Fla. Stat. § 817.801","Definitions","not_yet_analyzed","Official text is cached, but no explicit analysis establishes offense coverage.","official_current_cache","2026-09-18T15:26:36.719Z","9fa3fd998a71b3bcf69f5f7498e845a4c7261237a343510561dd3f3787a90b35","https://www.leg.state.fl.us/statutes/index.cfm?App_mode=Display_Statute&URL=0800-0899/0817/Sections/0817.801.html","","","","","false","false","false",""
"section","817.802","","Fla. Stat. § 817.802","Unlawful fees and costs","not_yet_analyzed","Official text is cached, but no explicit analysis establishes offense coverage.","official_current_cache","2026-09-18T15:26:36.719Z","821bae9eaa2d794943f65ad150a82cb0e0f4a57d0093c1cd59a01746c84c76a7","https://www.leg.state.fl.us/statutes/index.cfm?App_mode=Display_Statute&URL=0800-0899/0817/Sections/0817.802.html","","","","","false","false","false",""
"section","817.803","","Fla. Stat. § 817.803","Exceptions","not_yet_analyzed","Official text is cached, but no explicit analysis establishes offense coverage.","official_current_cache","2026-09-18T15:26:36.719Z","1939de7d5e2338c6fd629171bddbf2e5c6e0557218e781b7914919c87979f8d8","https://www.leg.state.fl.us/statutes/index.cfm?App_mode=Display_Statute&URL=0800-0899/0817/Sections/0817.803.html","","","","","false","false","false",""
"section","817.804","","Fla. Stat. § 817.804","Requirements; disclosure and financial reporting","not_yet_analyzed","Official text is cached, but no explicit analysis establishes offense coverage.","official_current_cache","2026-09-18T15:26:36.719Z","02dda4822347948ec2a64d3953ec6482770014070e5810507ba2f3c5af944a69","https://www.leg.state.fl.us/statutes/index.cfm?App_mode=Display_Statute&URL=0800-0899/0817/Sections/0817.804.html","","","","","false","false","false",""
"section","817.805","","Fla. Stat. § 817.805","Disbursement of funds","not_yet_analyzed","Official text is cached, but no explicit analysis establishes offense coverage.","official_current_cache","2026-09-18T15:26:36.719Z","79dc9b6df5d42757ff655dc41c1174429bdc694e22abbdb317f935412093a886","https://www.leg.state.fl.us/statutes/index.cfm?App_mode=Display_Statute&URL=0800-0899/0817/Sections/0817.805.html","","","","","false","false","false",""
"section","817.806","","Fla. Stat. § 817.806","Violations","not_yet_analyzed","Official text is cached, but no explicit analysis establishes offense coverage.","official_current_cache","2026-09-18T15:26:36.719Z","ab52e5b8449ea66ae0658f211505e612b746ca26b54fed283da03fe638755d6d","https://www.leg.state.fl.us/statutes/index.cfm?App_mode=Display_Statute&URL=0800-0899/0817/Sections/0817.806.html","","","","","false","false","false",""
"section","817.2341","","Fla. Stat. § 817.2341","False or misleading statements or supporting documents; penalty","not_yet_analyzed","Official text is cached, but no explicit analysis establishes offense coverage.","official_current_cache","2026-09-18T15:26:36.719Z","be90a791f27fdd1b84ae9dbc0ab445773649eefae19cc673b97282be6c56e251","https://www.leg.state.fl.us/statutes/index.cfm?App_mode=Display_Statute&URL=0800-0899/0817/Sections/0817.2341.html","","","","","false","false","false",""
"section","817.2361","","Fla. Stat. § 817.2361","False or fraudulent proof of motor vehicle insurance","not_yet_analyzed","Official text is cached, but no explicit analysis establishes offense coverage.","official_current_cache","2026-09-18T15:26:36.719Z","925e139f5eda12f60cff50337bb92c3526fd88a5ca85047f8793d4b22c7f4e25","https://www.leg.state.fl.us/statutes/index.cfm?App_mode=Display_Statute&URL=0800-0899/0817/Sections/0817.2361.html","","","","","false","false","false",""
"section","817.4115","","Fla. Stat. § 817.4115","False, deceptive, or misleading advertisement of live musical performances","not_yet_analyzed","Official text is cached, but no explicit analysis establishes offense coverage.","official_current_cache","2026-09-18T15:26:36.719Z","697c5e32f7e03837e266b867663b0c4f4a954c62c494fd229e0b85a7891bcd8e","https://www.leg.state.fl.us/statutes/index.cfm?App_mode=Display_Statute&URL=0800-0899/0817/Sections/0817.4115.html","","","","","false","false","false",""
"section","817.4821","","Fla. Stat. § 817.4821","Cellular telephone counterfeiting offenses","not_yet_analyzed","Official text is cached, but no explicit analysis establishes offense coverage.","official_current_cache","2026-09-18T15:26:36.719Z","3be3948e57d02503c872ed0eb0129a9b886b2204d5ebbc80cdac12c48f0b4968","https://www.leg.state.fl.us/statutes/index.cfm?App_mode=Display_Statute&URL=0800-0899/0817/Sections/0817.4821.html","","","","","false","false","false",""
"section","817.5615","","Fla. Stat. § 817.5615","Marks required on optical discs; prohibited acts; penalties","not_yet_analyzed","Official text is cached, but no explicit analysis establishes offense coverage.","official_current_cache","2026-09-18T15:26:36.719Z","f5e8aab5f94696de8a577bf269ea7b8a797fb8e5661daf5ae812c0fde0f4c1bf","https://www.leg.state.fl.us/statutes/index.cfm?App_mode=Display_Statute&URL=0800-0899/0817/Sections/0817.5615.html","","","","","false","false","false",""
"section","817.5621","","Fla. Stat. § 817.5621","Unlawful subleasing of a motor vehicle","not_yet_analyzed","Official text is cached, but no explicit analysis establishes offense coverage.","official_current_cache","2026-09-18T15:26:36.719Z","63b4fee32cccdc1a99fbd10c2d91234376be45d9a8c1c2b4c04a4dca067bb0dc","https://www.leg.state.fl.us/statutes/index.cfm?App_mode=Display_Statute&URL=0800-0899/0817/Sections/0817.5621.html","","","","","false","false","false",""
"section","817.5655","","Fla. Stat. § 817.5655","Unlawful use of DNA; penalties; exceptions","not_yet_analyzed","Official text is cached, but no explicit analysis establishes offense coverage.","official_current_cache","2026-09-18T15:26:36.719Z","7d8d680d968baa7c74885fc62ade542f0d22228a870cf783585c109fab52ccb3","https://www.leg.state.fl.us/statutes/index.cfm?App_mode=Display_Statute&URL=0800-0899/0817/Sections/0817.5655.html","","","","","false","false","false",""
"section","817.5685","","Fla. Stat. § 817.5685","Unlawful possession of the personal identification information of another person","not_yet_analyzed","Official text is cached, but no explicit analysis establishes offense coverage.","official_current_cache","2026-09-18T15:26:36.719Z","27008a277d026ea5215992cc3b459b7956b92abb2855fc5d330ee6ad8f1e6acf","https://www.leg.state.fl.us/statutes/index.cfm?App_mode=Display_Statute&URL=0800-0899/0817/Sections/0817.5685.html","","","","","false","false","false",""
"section","817.5695","","Fla. Stat. § 817.5695","Exploitation of a person 65 years of age or older","not_yet_analyzed","Official text is cached, but no explicit analysis establishes offense coverage.","official_current_cache","2026-09-18T15:26:36.719Z","2d9f522cf26ff81ae29a20fd9a5fe8c67980965090a20c8c515d022c4531c817","https://www.leg.state.fl.us/statutes/index.cfm?App_mode=Display_Statute&URL=0800-0899/0817/Sections/0817.5695.html","","","","","false","false","false",""
"section","817.7001","","Fla. Stat. § 817.7001","Definitions","not_yet_analyzed","Official text is cached, but no explicit analysis establishes offense coverage.","official_current_cache","2026-09-18T15:26:36.719Z","9e53d23108eae5fd5d598b431ae1112e964ecb6ff8df6eb4bf0ef86e200ad742","https://www.leg.state.fl.us/statutes/index.cfm?App_mode=Display_Statute&URL=0800-0899/0817/Sections/0817.7001.html","","","","","false","false","false",""
"section","817.7005","","Fla. Stat. § 817.7005","Prohibited acts","not_yet_analyzed","Official text is cached, but no explicit analysis establishes offense coverage.","official_current_cache","2026-09-18T15:26:36.719Z","a653ba5165cddafe36e39698a402a48cbe7af8354739838bd22a25f5916671de","https://www.leg.state.fl.us/statutes/index.cfm?App_mode=Display_Statute&URL=0800-0899/0817/Sections/0817.7005.html","","","","","false","false","false",""
"section","825.101","","Fla. Stat. § 825.101","Definitions","not_yet_analyzed","Official text is cached, but no explicit analysis establishes offense coverage.","official_current_cache","2026-09-18T16:20:48.216Z","d17c072dc5d6a9fd01ebba7d209167df5daa51f5f6f7b252d423bc37824fc15c","https://www.leg.state.fl.us/statutes/index.cfm?App_mode=Display_Statute&URL=0800-0899/0825/Sections/0825.101.html","","","","","false","false","false",""
"section","825.102","","Fla. Stat. § 825.102","Abuse, aggravated abuse, and neglect of an elderly person or disabled adult; penalties","not_yet_analyzed","Official text is cached, but no explicit analysis establishes offense coverage.","official_current_cache","2026-09-18T15:56:36.841Z","3e10ae58cfc3cb0bac6f33f759cfcabebfd47b4669469d3feab4d028dad80813","https://www.leg.state.fl.us/statutes/index.cfm?App_mode=Display_Statute&URL=0800-0899/0825/Sections/0825.102.html","","","","","false","false","false",""
"section","827.01","","Fla. Stat. § 827.01","Definitions","not_yet_analyzed","Official text is cached, but no explicit analysis establishes offense coverage.","official_current_cache","2026-09-18T15:26:37.447Z","b9affea3d8a2aff821678555ece05113167e9af78c36b46534ecea95f79de9b0","https://www.leg.state.fl.us/statutes/index.cfm?App_mode=Display_Statute&URL=0800-0899/0827/Sections/0827.01.html","","","","","false","false","false",""
"section","827.03","","Fla. Stat. § 827.03","Abuse, aggravated abuse, and neglect of a child; penalties","not_yet_analyzed","Official text is cached, but no explicit analysis establishes offense coverage.","official_current_cache","2026-09-18T15:26:37.447Z","5748c55edb59e945328d9eb507d06dc214730e7b64b4b7916f1ebb3c275a8645","https://www.leg.state.fl.us/statutes/index.cfm?App_mode=Display_Statute&URL=0800-0899/0827/Sections/0827.03.html","","","","","false","false","false",""
"section","827.04","","Fla. Stat. § 827.04","Contributing to the delinquency or dependency of a child; penalty","not_yet_analyzed","Official text is cached, but no explicit analysis establishes offense coverage.","official_current_cache","2026-09-18T15:26:37.447Z","763687374ae1d7768bc561a6ef79cced5762ed247e234af826234c7bef1503b1","https://www.leg.state.fl.us/statutes/index.cfm?App_mode=Display_Statute&URL=0800-0899/0827/Sections/0827.04.html","","","","","false","false","false",""
"section","827.06","","Fla. Stat. § 827.06","Nonsupport of dependents","partially_covered","One or more cited scopes map to selectable records; no statewide offense denominator or complete branch analysis proves the entire section covered.","official_current_cache","2026-09-18T15:26:37.447Z","b31c30167d25a0ad8dafaaf6086f2b1173a0a350945133f05c9eba7bb10111e0","https://www.leg.state.fl.us/statutes/index.cfm?App_mode=Display_Statute&URL=0800-0899/0827/Sections/0827.06.html","fl-fs-827-06-nonsupport-of-dependents","fl-fs-827-06-nonsupport-of-dependents","eligible","fl-failure-to-pay-child-support","false","false","false",""
"scope","827.06","","Fla. Stat. § 827.06","Nonsupport of dependents","not_yet_analyzed","This legacy cleanup item has no explicit offense analysis and is not counted as a missing offense.","official_current_cache","2026-09-18T15:26:37.447Z","b31c30167d25a0ad8dafaaf6086f2b1173a0a350945133f05c9eba7bb10111e0","https://www.leg.state.fl.us/statutes/index.cfm?App_mode=Display_Statute&URL=0800-0899/0827/Sections/0827.06.html","","","","fl-failure-to-pay-child-support","false","false","false",""
"scope","827.06","(2)-(3)","Fla. Stat. § 827.06(2)-(3)","Nonsupport of dependents","covered","An explicit eligible analyst decision covers this cited scope; it does not establish unenumerated offenses.","official_current_cache","2026-09-18T15:26:37.447Z","b31c30167d25a0ad8dafaaf6086f2b1173a0a350945133f05c9eba7bb10111e0","https://www.leg.state.fl.us/statutes/index.cfm?App_mode=Display_Statute&URL=0800-0899/0827/Sections/0827.06.html","fl-fs-827-06-nonsupport-of-dependents","fl-fs-827-06-nonsupport-of-dependents","eligible","","false","false","false",""
"section","827.08","","Fla. Stat. § 827.08","Misuse of child support money","not_yet_analyzed","Official text is cached, but no explicit analysis establishes offense coverage.","official_current_cache","2026-09-18T15:26:37.447Z","35f4e08740bf24d7987ea62b6444a8aaf0623069b508a699eec90790ece163e8","https://www.leg.state.fl.us/statutes/index.cfm?App_mode=Display_Statute&URL=0800-0899/0827/Sections/0827.08.html","","","","","false","false","false",""
"section","827.10","","Fla. Stat. § 827.10","Unlawful desertion of a child","not_yet_analyzed","Official text is cached, but no explicit analysis establishes offense coverage.","official_current_cache","2026-09-18T15:26:37.447Z","83dc88f12a4b38a8407530fe8a0ec779bcd53d430ffaeedd6356767f863f7575","https://www.leg.state.fl.us/statutes/index.cfm?App_mode=Display_Statute&URL=0800-0899/0827/Sections/0827.10.html","","","","","false","false","false",""
"section","827.11","","Fla. Stat. § 827.11","Exposing children to an adult live performance","not_yet_analyzed","Official text is cached, but no explicit analysis establishes offense coverage.","official_current_cache","2026-09-18T15:26:37.447Z","94677bc114e6bf16d09b111b0683316df359e45a2d46c96e616436d3972ce298","https://www.leg.state.fl.us/statutes/index.cfm?App_mode=Display_Statute&URL=0800-0899/0827/Sections/0827.11.html","","","","","false","false","false",""
"section","827.035","","Fla. Stat. § 827.035","Infants","not_yet_analyzed","Official text is cached, but no explicit analysis establishes offense coverage.","official_current_cache","2026-09-18T15:26:37.447Z","6d580c348b54c87991f9325b7d52c01383698f5991451db1c898851f395a2067","https://www.leg.state.fl.us/statutes/index.cfm?App_mode=Display_Statute&URL=0800-0899/0827/Sections/0827.035.html","","","","","false","false","false",""
"section","827.071","","Fla. Stat. § 827.071","Sexual performance by a child; child sexual abuse material; penalties","partially_covered","One or more cited scopes map to selectable records; no statewide offense denominator or complete branch analysis proves the entire section covered.","official_current_cache","2026-09-18T15:26:37.447Z","9fda3cb2d153dbfdc74f881f5db914649710922fcd258f34db885c6e7056e7a5","https://www.leg.state.fl.us/statutes/index.cfm?App_mode=Display_Statute&URL=0800-0899/0827/Sections/0827.071.html","fl-fs-827-071-2-a-use-of-a-child-in-a-sexual-performance|fl-fs-827-071-2-b-aggravated-use-of-a-child-in-a-sexual-performance|fl-fs-827-071-3-promoting-a-sexual-performance-by-a-child","fl-fs-827-071-2-a-use-of-a-child-in-a-sexual-performance|fl-fs-827-071-2-b-aggravated-use-of-a-child-in-a-sexual-performance|fl-fs-827-071-3-promoting-a-sexual-performance-by-a-child","eligible","fl-sexual-exploitation-of-minor","false","false","false",""
"scope","827.071","","Fla. Stat. § 827.071","Sexual performance by a child; child sexual abuse material; penalties","not_yet_analyzed","This legacy cleanup item has no explicit offense analysis and is not counted as a missing offense.","official_current_cache","2026-09-18T15:26:37.447Z","9fda3cb2d153dbfdc74f881f5db914649710922fcd258f34db885c6e7056e7a5","https://www.leg.state.fl.us/statutes/index.cfm?App_mode=Display_Statute&URL=0800-0899/0827/Sections/0827.071.html","","","","fl-sexual-exploitation-of-minor","false","false","false",""
"scope","827.071","(2)(a)","Fla. Stat. § 827.071(2)(a)","Sexual performance by a child; child sexual abuse material; penalties","covered","An explicit eligible analyst decision covers this cited scope; it does not establish unenumerated offenses.","official_current_cache","2026-09-18T15:26:37.447Z","9fda3cb2d153dbfdc74f881f5db914649710922fcd258f34db885c6e7056e7a5","https://www.leg.state.fl.us/statutes/index.cfm?App_mode=Display_Statute&URL=0800-0899/0827/Sections/0827.071.html","fl-fs-827-071-2-a-use-of-a-child-in-a-sexual-performance","fl-fs-827-071-2-a-use-of-a-child-in-a-sexual-performance","eligible","","false","false","false",""
"scope","827.071","(2)(b)","Fla. Stat. § 827.071(2)(b)","Sexual performance by a child; child sexual abuse material; penalties","covered","An explicit eligible analyst decision covers this cited scope; it does not establish unenumerated offenses.","official_current_cache","2026-09-18T15:26:37.447Z","9fda3cb2d153dbfdc74f881f5db914649710922fcd258f34db885c6e7056e7a5","https://www.leg.state.fl.us/statutes/index.cfm?App_mode=Display_Statute&URL=0800-0899/0827/Sections/0827.071.html","fl-fs-827-071-2-b-aggravated-use-of-a-child-in-a-sexual-performance","fl-fs-827-071-2-b-aggravated-use-of-a-child-in-a-sexual-performance","eligible","","false","false","false",""
"scope","827.071","(3)","Fla. Stat. § 827.071(3)","Sexual performance by a child; child sexual abuse material; penalties","covered","An explicit eligible analyst decision covers this cited scope; it does not establish unenumerated offenses.","official_current_cache","2026-09-18T15:26:37.447Z","9fda3cb2d153dbfdc74f881f5db914649710922fcd258f34db885c6e7056e7a5","https://www.leg.state.fl.us/statutes/index.cfm?App_mode=Display_Statute&URL=0800-0899/0827/Sections/0827.071.html","fl-fs-827-071-3-promoting-a-sexual-performance-by-a-child","fl-fs-827-071-3-promoting-a-sexual-performance-by-a-child","eligible","","false","false","false",""
"section","827.072","","Fla. Stat. § 827.072","Generated child sexual abuse material","not_yet_analyzed","Official text is cached, but no explicit analysis establishes offense coverage.","official_current_cache","2026-09-18T15:26:37.447Z","5239518bc7d37044b72ddce2e467ebdc36c79ea9446f8526fb4b60cf66a01043","https://www.leg.state.fl.us/statutes/index.cfm?App_mode=Display_Statute&URL=0800-0899/0827/Sections/0827.072.html","","","","","false","false","false",""
"section","828.02","","Fla. Stat. § 828.02","Definitions","not_yet_analyzed","Official text is cached, but no explicit analysis establishes offense coverage.","official_current_cache","2026-09-18T15:26:38.258Z","61180572621bdfbcd8573a17e31fb206c87e2921a1dc521c1ce5710f1a26fac1","https://www.leg.state.fl.us/statutes/index.cfm?App_mode=Display_Statute&URL=0800-0899/0828/Sections/0828.02.html","","","","","false","false","false",""
"section","828.03","","Fla. Stat. § 828.03","Agents of counties, societies, etc., may prosecute violators","not_yet_analyzed","Official text is cached, but no explicit analysis establishes offense coverage.","official_current_cache","2026-09-18T15:26:38.258Z","c4063bee31d8bfaf7caf1ed6eb4a9c628d3ddcd07cf0376f3d0207c1a1a4b5e1","https://www.leg.state.fl.us/statutes/index.cfm?App_mode=Display_Statute&URL=0800-0899/0828/Sections/0828.03.html","","","","","false","false","false",""
"section","828.05","","Fla. Stat. § 828.05","Killing an injured or diseased domestic animal","not_yet_analyzed","Official text is cached, but no explicit analysis establishes offense coverage.","official_current_cache","2026-09-18T15:26:38.258Z","235f1108a26f11aa9d554a51c125b54dd27764abb7d2a69b434b81853bf02314","https://www.leg.state.fl.us/statutes/index.cfm?App_mode=Display_Statute&URL=0800-0899/0828/Sections/0828.05.html","","","","","false","false","false",""
"section","828.08","","Fla. Stat. § 828.08","Penalty for exposing poison","not_yet_analyzed","Official text is cached, but no explicit analysis establishes offense coverage.","official_current_cache","2026-09-18T15:26:38.258Z","3974b3e6911839dfbbf6d1c26a8fc3554e98e0156a03ee3a709cc1075c819743","https://www.leg.state.fl.us/statutes/index.cfm?App_mode=Display_Statute&URL=0800-0899/0828/Sections/0828.08.html","","","","","false","false","false",""
"section","828.12","","Fla. Stat. § 828.12","Cruelty to animals","partially_covered","One or more cited scopes map to selectable records; no statewide offense denominator or complete branch analysis proves the entire section covered.","official_current_cache","2026-09-18T15:26:38.258Z","979062d1f596a3a8319f65588fc94dcffe3b0044221cf79f59134b0bc1871cee","https://www.leg.state.fl.us/statutes/index.cfm?App_mode=Display_Statute&URL=0800-0899/0828/Sections/0828.12.html","fl-fs-828-12-aggravated-animal-cruelty|fl-fs-828-12-animal-cruelty","fl-fs-828-12-aggravated-animal-cruelty|fl-fs-828-12-animal-cruelty","eligible","fl-animal-cruelty-misdemeanor","false","false","false",""
"scope","828.12","(1)","Fla. Stat. § 828.12(1)","Cruelty to animals","covered","An explicit eligible analyst decision covers this cited scope; it does not establish unenumerated offenses.","official_current_cache","2026-09-18T15:26:38.258Z","979062d1f596a3a8319f65588fc94dcffe3b0044221cf79f59134b0bc1871cee","https://www.leg.state.fl.us/statutes/index.cfm?App_mode=Display_Statute&URL=0800-0899/0828/Sections/0828.12.html","fl-fs-828-12-animal-cruelty","fl-fs-828-12-animal-cruelty","eligible","fl-animal-cruelty-misdemeanor","false","true","false",""
"scope","828.12","(2)","Fla. Stat. § 828.12(2)","Cruelty to animals","covered","An explicit eligible analyst decision covers this cited scope; it does not establish unenumerated offenses.","official_current_cache","2026-09-18T15:26:38.258Z","979062d1f596a3a8319f65588fc94dcffe3b0044221cf79f59134b0bc1871cee","https://www.leg.state.fl.us/statutes/index.cfm?App_mode=Display_Statute&URL=0800-0899/0828/Sections/0828.12.html","fl-fs-828-12-aggravated-animal-cruelty","fl-fs-828-12-aggravated-animal-cruelty","eligible","","false","false","false",""
"section","828.13","","Fla. Stat. § 828.13","Confinement of animals without sufficient food, water, or exercise; abandonment of animals","not_yet_analyzed","Official text is cached, but no explicit analysis establishes offense coverage.","official_current_cache","2026-09-18T15:26:38.258Z","6612f7c122278a2b7455c6d8d677ccca7766d2f1b6ac29d70d89a6943088c786","https://www.leg.state.fl.us/statutes/index.cfm?App_mode=Display_Statute&URL=0800-0899/0828/Sections/0828.13.html","","","","","false","false","false",""
"section","828.14","","Fla. Stat. § 828.14","Water and food for stock on trains, vessels, etc","not_yet_analyzed","Official text is cached, but no explicit analysis establishes offense coverage.","official_current_cache","2026-09-18T15:26:38.258Z","cdda2534476f23a66dfe9a903ab30dc78f8b1ce190f7ffd71563a75f51d3b573","https://www.leg.state.fl.us/statutes/index.cfm?App_mode=Display_Statute&URL=0800-0899/0828/Sections/0828.14.html","","","","","false","false","false",""
"section","828.16","","Fla. Stat. § 828.16","Contagious diseases","not_yet_analyzed","Official text is cached, but no explicit analysis establishes offense coverage.","official_current_cache","2026-09-18T15:26:38.258Z","edb9cf8b98d9286818f22d2208ba954354565952c27ff798f7d8016db735f42a","https://www.leg.state.fl.us/statutes/index.cfm?App_mode=Display_Statute&URL=0800-0899/0828/Sections/0828.16.html","","","","","false","false","false",""
"section","828.17","","Fla. Stat. § 828.17","Officer to arrest without warrant","not_yet_analyzed","Official text is cached, but no explicit analysis establishes offense coverage.","official_current_cache","2026-09-18T15:26:38.258Z","7feb7788510cf9adbe6dc481ca7ed0c286b8958eb085a3fa2d422104edabd106","https://www.leg.state.fl.us/statutes/index.cfm?App_mode=Display_Statute&URL=0800-0899/0828/Sections/0828.17.html","","","","","false","false","false",""
"section","828.22","","Fla. Stat. § 828.22","Humane Slaughter Act; humane slaughter and livestock euthanasia; requirements","not_yet_analyzed","Official text is cached, but no explicit analysis establishes offense coverage.","official_current_cache","2026-09-18T15:26:38.258Z","a098a5e378aad82a6668f9a9fbaeeb1672cca5116eb189d41a405951d7e7edbe","https://www.leg.state.fl.us/statutes/index.cfm?App_mode=Display_Statute&URL=0800-0899/0828/Sections/0828.22.html","","","","","false","false","false",""
"section","828.23","","Fla. Stat. § 828.23","Definitions; ss. 828.22-828.26","not_yet_analyzed","Official text is cached, but no explicit analysis establishes offense coverage.","official_current_cache","2026-09-18T15:26:38.258Z","a4fc9e3d50e407fe97f07159f595778aa5b7d638bf24e2d665b4bbc7e5fb20ca","https://www.leg.state.fl.us/statutes/index.cfm?App_mode=Display_Statute&URL=0800-0899/0828/Sections/0828.23.html","","","","","false","false","false",""
"section","828.24","","Fla. Stat. § 828.24","Prohibited acts; exemption","not_yet_analyzed","Official text is cached, but no explicit analysis establishes offense coverage.","official_current_cache","2026-09-18T15:26:38.258Z","e1a5cbd5842848d8a262b936eb7f5522abfd74e9f55b537ecb6716fc12d6f12c","https://www.leg.state.fl.us/statutes/index.cfm?App_mode=Display_Statute&URL=0800-0899/0828/Sections/0828.24.html","","","","","false","false","false",""
"section","828.25","","Fla. Stat. § 828.25","Administration; rules; inspection; fees","not_yet_analyzed","Official text is cached, but no explicit analysis establishes offense coverage.","official_current_cache","2026-09-18T15:26:38.258Z","49b39361d0d56a5ceabdc32850491e87eb32a009ed6466e54558ca51cfd7c2a7","https://www.leg.state.fl.us/statutes/index.cfm?App_mode=Display_Statute&URL=0800-0899/0828/Sections/0828.25.html","","","","","false","false","false",""
"section","828.26","","Fla. Stat. § 828.26","Penalties","not_yet_analyzed","Official text is cached, but no explicit analysis establishes offense coverage.","official_current_cache","2026-09-18T15:26:38.258Z","774dbb1cdb4340832733114cc6880acf0efc8e53e61a20a8ed508a8c865a55c6","https://www.leg.state.fl.us/statutes/index.cfm?App_mode=Display_Statute&URL=0800-0899/0828/Sections/0828.26.html","","","","","false","false","false",""
"section","828.27","","Fla. Stat. § 828.27","Local animal control or cruelty ordinances; penalty","not_yet_analyzed","Official text is cached, but no explicit analysis establishes offense coverage.","official_current_cache","2026-09-18T15:26:38.258Z","f923fb886a1c97ade7cd3326c51ec826f21ba141db8dfb37d94d15edaf66a15a","https://www.leg.state.fl.us/statutes/index.cfm?App_mode=Display_Statute&URL=0800-0899/0828/Sections/0828.27.html","","","","","false","false","false",""
"section","828.28","","Fla. Stat. § 828.28","Local animal licensing ordinances; notices","not_yet_analyzed","Official text is cached, but no explicit analysis establishes offense coverage.","official_current_cache","2026-09-18T15:26:38.258Z","74432c38edc1d14674e5e688e24f46013e9a22626095664c66fa61ab018d764f","https://www.leg.state.fl.us/statutes/index.cfm?App_mode=Display_Statute&URL=0800-0899/0828/Sections/0828.28.html","","","","","false","false","false",""
"section","828.29","","Fla. Stat. § 828.29","Dogs and cats transported or offered for sale; health requirements; consumer guarantee; disclosures","not_yet_analyzed","Official text is cached, but no explicit analysis establishes offense coverage.","official_current_cache","2026-09-18T15:26:38.258Z","ad048e11bc03a8af9b424b696a162dfc801fbf5ed53716f2670efa4544d8a5d6","https://www.leg.state.fl.us/statutes/index.cfm?App_mode=Display_Statute&URL=0800-0899/0828/Sections/0828.29.html","","","","","false","false","false",""
"section","828.30","","Fla. Stat. § 828.30","Rabies vaccination of dogs, cats, and ferrets","not_yet_analyzed","Official text is cached, but no explicit analysis establishes offense coverage.","official_current_cache","2026-09-18T15:26:38.258Z","f4eafec35e3153121bb03b5936ab8b8bb43fe8cf5341ed2ae64707465c973596","https://www.leg.state.fl.us/statutes/index.cfm?App_mode=Display_Statute&URL=0800-0899/0828/Sections/0828.30.html","","","","","false","false","false",""
"section","828.40","","Fla. Stat. § 828.40","Short title","not_yet_analyzed","Official text is cached, but no explicit analysis establishes offense coverage.","official_current_cache","2026-09-18T15:26:38.258Z","1fc051db60832106ba4c03e9f466e424fbae3a51cace628140441de32fffc900","https://www.leg.state.fl.us/statutes/index.cfm?App_mode=Display_Statute&URL=0800-0899/0828/Sections/0828.40.html","","","","","false","false","false",""
"section","828.41","","Fla. Stat. § 828.41","Definitions relating to Florida Animal Enterprise Protection Act","not_yet_analyzed","Official text is cached, but no explicit analysis establishes offense coverage.","official_current_cache","2026-09-18T15:26:38.258Z","231580188cea32b8d984ce698c9821eeb90694262b89b3e713aeffda8978d91b","https://www.leg.state.fl.us/statutes/index.cfm?App_mode=Display_Statute&URL=0800-0899/0828/Sections/0828.41.html","","","","","false","false","false",""
"section","828.42","","Fla. Stat. § 828.42","Animal enterprise disruption; criminal penalties","not_yet_analyzed","Official text is cached, but no explicit analysis establishes offense coverage.","official_current_cache","2026-09-18T15:26:38.258Z","8c577ccf6b533b74c6194ca56a9345d08ecca5bc8afa08e7322d0b2b168fe1eb","https://www.leg.state.fl.us/statutes/index.cfm?App_mode=Display_Statute&URL=0800-0899/0828/Sections/0828.42.html","","","","","false","false","false",""
"section","828.43","","Fla. Stat. § 828.43","Injunction","not_yet_analyzed","Official text is cached, but no explicit analysis establishes offense coverage.","official_current_cache","2026-09-18T15:26:38.258Z","b33ab47c061338edd8c51f138fbf447201e814911ae14c8f08b347b2b38c0cf6","https://www.leg.state.fl.us/statutes/index.cfm?App_mode=Display_Statute&URL=0800-0899/0828/Sections/0828.43.html","","","","","false","false","false",""
"section","828.055","","Fla. Stat. § 828.055","Controlled substances and legend drugs; permits for use","not_yet_analyzed","Official text is cached, but no explicit analysis establishes offense coverage.","official_current_cache","2026-09-18T15:26:38.258Z","f062811386b8f14be891f25c0f0b67d985ac7b26e45736148f1dc2d0e7f1cb0d","https://www.leg.state.fl.us/statutes/index.cfm?App_mode=Display_Statute&URL=0800-0899/0828/Sections/0828.055.html","","","","","false","false","false",""
"section","828.058","","Fla. Stat. § 828.058","Euthanasia of dogs and cats","not_yet_analyzed","Official text is cached, but no explicit analysis establishes offense coverage.","official_current_cache","2026-09-18T15:26:38.258Z","857b9e36d0ba13de5de7369904e859a414b29841f62639a59ed72f079ad0717f","https://www.leg.state.fl.us/statutes/index.cfm?App_mode=Display_Statute&URL=0800-0899/0828/Sections/0828.058.html","","","","","false","false","false",""
"section","828.065","","Fla. Stat. § 828.065","Euthanasia of animals offered for sale by pet shops","not_yet_analyzed","Official text is cached, but no explicit analysis establishes offense coverage.","official_current_cache","2026-09-18T15:26:38.258Z","5d2687b130614d46f4851a34a6747014921f9c0e79f7ad7d08a3b736e50bd96c","https://www.leg.state.fl.us/statutes/index.cfm?App_mode=Display_Statute&URL=0800-0899/0828/Sections/0828.065.html","","","","","false","false","false",""
"section","828.073","","Fla. Stat. § 828.073","Animals found in distress","not_yet_analyzed","Official text is cached, but no explicit analysis establishes offense coverage.","official_current_cache","2026-09-18T15:26:38.258Z","38747c3aaf9dc25f6db73f0f0855794649ff160c5f5df2d25e2332694355a2d4","https://www.leg.state.fl.us/statutes/index.cfm?App_mode=Display_Statute&URL=0800-0899/0828/Sections/0828.073.html","","","","","false","false","false",""
"section","828.121","","Fla. Stat. § 828.121","Conduct of simulated bullfighting exhibitions","not_yet_analyzed","Official text is cached, but no explicit analysis establishes offense coverage.","official_current_cache","2026-09-18T15:26:38.258Z","283c55c97fc3c5442d6b42b643579a5d221adb7b4432a17266fbdf655b861712","https://www.leg.state.fl.us/statutes/index.cfm?App_mode=Display_Statute&URL=0800-0899/0828/Sections/0828.121.html","","","","","false","false","false",""
"section","828.122","","Fla. Stat. § 828.122","Fighting or baiting animals; offenses; penalties","not_yet_analyzed","Official text is cached, but no explicit analysis establishes offense coverage.","official_current_cache","2026-09-18T15:26:38.258Z","6244efa65c36702ab9e3d79a6e488c41b8afc06e73d54f4146bc9dc2666dd6da","https://www.leg.state.fl.us/statutes/index.cfm?App_mode=Display_Statute&URL=0800-0899/0828/Sections/0828.122.html","","","","","false","false","false",""
"section","828.123","","Fla. Stat. § 828.123","Killing dog or cat with intent of selling or giving away pelt; possession, sale, or importation of pelt with intent of selling or giving away; penalty","not_yet_analyzed","Official text is cached, but no explicit analysis establishes offense coverage.","official_current_cache","2026-09-18T15:26:38.258Z","9616334714c2beb4b4e2031df3dbeb8d8ee092f5b52eba64796e711118db1056","https://www.leg.state.fl.us/statutes/index.cfm?App_mode=Display_Statute&URL=0800-0899/0828/Sections/0828.123.html","","","","","false","false","false",""
"section","828.125","","Fla. Stat. § 828.125","Killing or aggravated abuse of horses or cattle; offenses; penalties","not_yet_analyzed","Official text is cached, but no explicit analysis establishes offense coverage.","official_current_cache","2026-09-18T15:26:38.258Z","d2fb14e21368b008008c4427b9772841ef05a135d7ffb274925e17b24d065da5","https://www.leg.state.fl.us/statutes/index.cfm?App_mode=Display_Statute&URL=0800-0899/0828/Sections/0828.125.html","","","","","false","false","false",""
"section","828.126","","Fla. Stat. § 828.126","Sexual activities involving animals","not_yet_analyzed","Official text is cached, but no explicit analysis establishes offense coverage.","official_current_cache","2026-09-18T15:26:38.258Z","0f1b2e996d985a2e5f0733cf2779130cdb499e2f5e66515eee4fdd8fa1e7b7ae","https://www.leg.state.fl.us/statutes/index.cfm?App_mode=Display_Statute&URL=0800-0899/0828/Sections/0828.126.html","","","","","false","false","false",""
"section","828.251","","Fla. Stat. § 828.251","Instruction","not_yet_analyzed","Official text is cached, but no explicit analysis establishes offense coverage.","official_current_cache","2026-09-18T15:26:38.258Z","1576d9989bb5711930d07401e449d6eb7cc8cae8b3109635e52fd6b09d300aa8","https://www.leg.state.fl.us/statutes/index.cfm?App_mode=Display_Statute&URL=0800-0899/0828/Sections/0828.251.html","","","","","false","false","false",""
"section","828.252","","Fla. Stat. § 828.252","Nonambulatory animals","not_yet_analyzed","Official text is cached, but no explicit analysis establishes offense coverage.","official_current_cache","2026-09-18T15:26:38.258Z","eee6b127b9fa388025ec2734a5be52fdcdd30eb78293311aef724e7694c2e71b","https://www.leg.state.fl.us/statutes/index.cfm?App_mode=Display_Statute&URL=0800-0899/0828/Sections/0828.252.html","","","","","false","false","false",""
"section","828.291","","Fla. Stat. § 828.291","Best management practices for dog breeding","not_yet_analyzed","Official text is cached, but no explicit analysis establishes offense coverage.","official_current_cache","2026-09-18T15:26:38.258Z","af5c656023aa284a5bf8e3c0cdd92b1666e220e629b62870534009b2c411089c","https://www.leg.state.fl.us/statutes/index.cfm?App_mode=Display_Statute&URL=0800-0899/0828/Sections/0828.291.html","","","","","false","false","false",""
"section","828.1231","","Fla. Stat. § 828.1231","Sale of garments or items of clothing containing dog or cat fur prohibited; sale of pelt of any dog or cat prohibited; penalty","not_yet_analyzed","Official text is cached, but no explicit analysis establishes offense coverage.","official_current_cache","2026-09-18T15:26:38.258Z","4523efa05b45d9813b7c67c0e7ac811f5f10a1357611455daca791cb4e08ab4a","https://www.leg.state.fl.us/statutes/index.cfm?App_mode=Display_Statute&URL=0800-0899/0828/Sections/0828.1231.html","","","","","false","false","false",""
"section","828.1615","","Fla. Stat. § 828.1615","Prohibiting artificial coloring and sale of certain animals","not_yet_analyzed","Official text is cached, but no explicit analysis establishes offense coverage.","official_current_cache","2026-09-18T15:26:38.258Z","58f3e6f5949872064509b826d0c3310dc024c2546b9716b998cdfad0c50b003a","https://www.leg.state.fl.us/statutes/index.cfm?App_mode=Display_Statute&URL=0800-0899/0828/Sections/0828.1615.html","","","","","false","false","false",""
"section","831.01","","Fla. Stat. § 831.01","Forgery","partially_covered","One or more cited scopes map to selectable records; no statewide offense denominator or complete branch analysis proves the entire section covered.","official_current_cache","2026-09-18T15:33:55.797Z","2983b98d3ba1ac0396e3b97717ac8c5b2fcf572fb3f6a453117065d070c95dd5","https://www.leg.state.fl.us/statutes/index.cfm?App_mode=Display_Statute&URL=0800-0899/0831/Sections/0831.01.html","fl-forgery|fl-fs-831-01-forgery","fl-fs-831-01-forgery","eligible","","false","false","false",""
"scope","831.01","","Fla. Stat. § 831.01","Forgery","covered","An explicit eligible analyst decision covers this cited scope; it does not establish unenumerated offenses.","official_current_cache","2026-09-18T15:33:55.797Z","2983b98d3ba1ac0396e3b97717ac8c5b2fcf572fb3f6a453117065d070c95dd5","https://www.leg.state.fl.us/statutes/index.cfm?App_mode=Display_Statute&URL=0800-0899/0831/Sections/0831.01.html","fl-forgery|fl-fs-831-01-forgery","fl-fs-831-01-forgery","eligible","","true","false","false",""
"section","832.04","","Fla. Stat. § 832.04","Stopping payment; purchase of farm or grove products","not_yet_analyzed","Official text is cached, but no explicit analysis establishes offense coverage.","official_current_cache","2026-09-18T15:26:39.067Z","a09984a679cc7f952f039c7f991949622d05edcfb74f1d2e4398a14cae4009ad","https://www.leg.state.fl.us/statutes/index.cfm?App_mode=Display_Statute&URL=0800-0899/0832/Sections/0832.04.html","","","","","false","false","false",""
"section","832.05","","Fla. Stat. § 832.05","Giving worthless checks, drafts, and debit card orders; penalty; duty of drawee; evidence; costs; complaint form","partially_covered","One or more cited scopes map to selectable records; no statewide offense denominator or complete branch analysis proves the entire section covered.","official_current_cache","2026-09-18T15:26:39.067Z","f6ee675959afb225bdedeb7bde9a8bc72d4fc8230e7e5e589425f4f8fc5085a2","https://www.leg.state.fl.us/statutes/index.cfm?App_mode=Display_Statute&URL=0800-0899/0832/Sections/0832.05.html","fl-fs-832-05-giving-worthless-checks-drafts-and-debit-card-orders-penalty-duty-of-drawee-evidence-costs-complaint-form","fl-fs-832-05-giving-worthless-checks-drafts-and-debit-card-orders-penalty-duty-of-drawee-evidence-costs-complaint-form","eligible","fl-check-fraud","false","false","false",""
"scope","832.05","","Fla. Stat. § 832.05","Giving worthless checks, drafts, and debit card orders; penalty; duty of drawee; evidence; costs; complaint form","not_yet_analyzed","This legacy cleanup item has no explicit offense analysis and is not counted as a missing offense.","official_current_cache","2026-09-18T15:26:39.067Z","f6ee675959afb225bdedeb7bde9a8bc72d4fc8230e7e5e589425f4f8fc5085a2","https://www.leg.state.fl.us/statutes/index.cfm?App_mode=Display_Statute&URL=0800-0899/0832/Sections/0832.05.html","","","","fl-check-fraud","false","false","false",""
"scope","832.05","(2)-(4)","Fla. Stat. § 832.05(2)-(4)","Giving worthless checks, drafts, and debit card orders; penalty; duty of drawee; evidence; costs; complaint form","covered","An explicit eligible analyst decision covers this cited scope; it does not establish unenumerated offenses.","official_current_cache","2026-09-18T15:26:39.067Z","f6ee675959afb225bdedeb7bde9a8bc72d4fc8230e7e5e589425f4f8fc5085a2","https://www.leg.state.fl.us/statutes/index.cfm?App_mode=Display_Statute&URL=0800-0899/0832/Sections/0832.05.html","fl-fs-832-05-giving-worthless-checks-drafts-and-debit-card-orders-penalty-duty-of-drawee-evidence-costs-complaint-form","fl-fs-832-05-giving-worthless-checks-drafts-and-debit-card-orders-penalty-duty-of-drawee-evidence-costs-complaint-form","eligible","","false","false","false",""
"section","832.06","","Fla. Stat. § 832.06","Prosecution for worthless checks given tax collector for licenses or taxes; refunds","not_yet_analyzed","Official text is cached, but no explicit analysis establishes offense coverage.","official_current_cache","2026-09-18T15:26:39.067Z","bd9e70b85a4b4573c02c2d1d05435dd2faf4ce80da75083413dc267ee2620bab","https://www.leg.state.fl.us/statutes/index.cfm?App_mode=Display_Statute&URL=0800-0899/0832/Sections/0832.06.html","","","","","false","false","false",""
"section","832.07","","Fla. Stat. § 832.07","Prima facie evidence of intent; identity","not_yet_analyzed","Official text is cached, but no explicit analysis establishes offense coverage.","official_current_cache","2026-09-18T15:26:39.067Z","d41396f3326068b1323fd2543b1b1c4e168cf9ff1eae918082c347e852698d2e","https://www.leg.state.fl.us/statutes/index.cfm?App_mode=Display_Statute&URL=0800-0899/0832/Sections/0832.07.html","","","","","false","false","false",""
"section","832.08","","Fla. Stat. § 832.08","State attorney bad check diversion program; fees for collections","not_yet_analyzed","Official text is cached, but no explicit analysis establishes offense coverage.","official_current_cache","2026-09-18T15:26:39.067Z","6ae75c887a0b8be9651a40e55510e66f8d46e2389439763747644e21c587ffe8","https://www.leg.state.fl.us/statutes/index.cfm?App_mode=Display_Statute&URL=0800-0899/0832/Sections/0832.08.html","","","","","false","false","false",""
"section","832.09","","Fla. Stat. § 832.09","Suspension of driver license after warrant or capias is issued in worthless check case","not_yet_analyzed","Official text is cached, but no explicit analysis establishes offense coverage.","official_current_cache","2026-09-18T15:26:39.067Z","0f70830d3a551559bbfe8c53c820e5660c3a6d38577a6ecc908a79a56f069682","https://www.leg.state.fl.us/statutes/index.cfm?App_mode=Display_Statute&URL=0800-0899/0832/Sections/0832.09.html","","","","","false","false","false",""
"section","832.10","","Fla. Stat. § 832.10","Alternative to bad check diversion program; fees for collection","not_yet_analyzed","Official text is cached, but no explicit analysis establishes offense coverage.","official_current_cache","2026-09-18T15:26:39.067Z","4de7622e69b3f7709b19b461c8794392bf4d81e7b59d61dd0912264bf99449e3","https://www.leg.state.fl.us/statutes/index.cfm?App_mode=Display_Statute&URL=0800-0899/0832/Sections/0832.10.html","","","","","false","false","false",""
"section","832.041","","Fla. Stat. § 832.041","Stopping payment with intent to defraud","not_yet_analyzed","Official text is cached, but no explicit analysis establishes offense coverage.","official_current_cache","2026-09-18T15:26:39.067Z","9780e419bda90561014bed6179aa941f19fc1d3bae6efc1adcc3af1b1ad53222","https://www.leg.state.fl.us/statutes/index.cfm?App_mode=Display_Statute&URL=0800-0899/0832/Sections/0832.041.html","","","","","false","false","false",""
"section","832.062","","Fla. Stat. § 832.062","Prosecution for worthless checks, drafts, debit card orders, or electronic funds transfers made to pay any tax or associated amount administered by the Department of Revenue","not_yet_analyzed","Official text is cached, but no explicit analysis establishes offense coverage.","official_current_cache","2026-09-18T15:26:39.067Z","97cd37545a6b8d8aeabbd2b1933e4eb8519ed219400340158a48492f071678fd","https://www.leg.state.fl.us/statutes/index.cfm?App_mode=Display_Statute&URL=0800-0899/0832/Sections/0832.062.html","","","","","false","false","false",""
"section","832.075","","Fla. Stat. § 832.075","Requiring credit card information for check or draft acceptance prohibited","not_yet_analyzed","Official text is cached, but no explicit analysis establishes offense coverage.","official_current_cache","2026-09-18T15:26:39.067Z","59d4acf950bbfd7394c8abd6a0b060596dfe7b1f284f8c194368d325bf7a580c","https://www.leg.state.fl.us/statutes/index.cfm?App_mode=Display_Statute&URL=0800-0899/0832/Sections/0832.075.html","","","","","false","false","false",""
"section","837.02","","Fla. Stat. § 837.02","Perjury in official proceedings","partially_covered","One or more cited scopes map to selectable records; no statewide offense denominator or complete branch analysis proves the entire section covered.","official_current_cache","2026-09-18T15:26:39.853Z","2448db83e19e9ce5749aca27f5536a916bfba44acca4100f38343a3db94dc7a5","https://www.leg.state.fl.us/statutes/index.cfm?App_mode=Display_Statute&URL=0800-0899/0837/Sections/0837.02.html","fl-fs-837-02-1-2-perjury-in-official-proceedings","fl-fs-837-02-1-2-perjury-in-official-proceedings","eligible","","false","false","true",""
"scope","837.02","(1)-(2)","Fla. Stat. § 837.02(1)-(2)","Perjury in official proceedings","covered","An explicit eligible analyst decision covers this cited scope; it does not establish unenumerated offenses.","official_current_cache","2026-09-18T15:26:39.853Z","2448db83e19e9ce5749aca27f5536a916bfba44acca4100f38343a3db94dc7a5","https://www.leg.state.fl.us/statutes/index.cfm?App_mode=Display_Statute&URL=0800-0899/0837/Sections/0837.02.html","fl-fs-837-02-1-2-perjury-in-official-proceedings","fl-fs-837-02-1-2-perjury-in-official-proceedings","eligible","","false","false","true",""
"section","837.05","","Fla. Stat. § 837.05","False reports to law enforcement authorities","partially_covered","One or more cited scopes map to selectable records; no statewide offense denominator or complete branch analysis proves the entire section covered.","official_current_cache","2026-09-18T15:26:39.853Z","10d2fea76549f8dabb0137942a00134b5aec3a6d10c01b3ff8dbfb4c2cd21c7a","https://www.leg.state.fl.us/statutes/index.cfm?App_mode=Display_Statute&URL=0800-0899/0837/Sections/0837.05.html","fl-fs-837-05-false-reports-to-law-enforcement-authorities","fl-fs-837-05-false-reports-to-law-enforcement-authorities","eligible","fl-false-info-to-police","false","false","false",""
"scope","837.05","","Fla. Stat. § 837.05","False reports to law enforcement authorities","covered","An explicit eligible analyst decision covers this cited scope; it does not establish unenumerated offenses.","official_current_cache","2026-09-18T15:26:39.853Z","10d2fea76549f8dabb0137942a00134b5aec3a6d10c01b3ff8dbfb4c2cd21c7a","https://www.leg.state.fl.us/statutes/index.cfm?App_mode=Display_Statute&URL=0800-0899/0837/Sections/0837.05.html","fl-fs-837-05-false-reports-to-law-enforcement-authorities","fl-fs-837-05-false-reports-to-law-enforcement-authorities","eligible","fl-false-info-to-police","false","true","false",""
"section","837.06","","Fla. Stat. § 837.06","False official statements","not_yet_analyzed","Official text is cached, but no explicit analysis establishes offense coverage.","official_current_cache","2026-09-18T15:26:39.853Z","3b5cee267ea8850a20b639cec9fbd88f4146de096fd01b6e196f31f3061c0a0a","https://www.leg.state.fl.us/statutes/index.cfm?App_mode=Display_Statute&URL=0800-0899/0837/Sections/0837.06.html","","","","","false","false","false",""
"section","837.07","","Fla. Stat. § 837.07","Recantation as a defense","not_yet_analyzed","Official text is cached, but no explicit analysis establishes offense coverage.","official_current_cache","2026-09-18T15:26:39.853Z","e67b8ec7cd578207751c2d23ae198efca74fd85fe558579daae6577114bf082d","https://www.leg.state.fl.us/statutes/index.cfm?App_mode=Display_Statute&URL=0800-0899/0837/Sections/0837.07.html","","","","","false","false","false",""
"section","837.011","","Fla. Stat. § 837.011","Definitions","not_yet_analyzed","Official text is cached, but no explicit analysis establishes offense coverage.","official_current_cache","2026-09-18T15:26:39.853Z","00aeb266ce23e76879a8ca14fcd7b22966a4e95a77112c7fcfba0f4050fc6583","https://www.leg.state.fl.us/statutes/index.cfm?App_mode=Display_Statute&URL=0800-0899/0837/Sections/0837.011.html","","","","","false","false","false",""
"section","837.012","","Fla. Stat. § 837.012","Perjury when not in an official proceeding","not_yet_analyzed","Official text is cached, but no explicit analysis establishes offense coverage.","official_current_cache","2026-09-18T15:26:39.853Z","f3e8d4df488b49c509c67050ab5a991436b3e1c620b668049b44b4e61c7e32f1","https://www.leg.state.fl.us/statutes/index.cfm?App_mode=Display_Statute&URL=0800-0899/0837/Sections/0837.012.html","","","","","false","false","false",""
"section","837.021","","Fla. Stat. § 837.021","Perjury by contradictory statements","not_yet_analyzed","Official text is cached, but no explicit analysis establishes offense coverage.","official_current_cache","2026-09-18T15:26:39.853Z","4b871cc688f72a3bfaa9ae42cb0429d5a5a6fddb14a542dd37f2fc7416e32760","https://www.leg.state.fl.us/statutes/index.cfm?App_mode=Display_Statute&URL=0800-0899/0837/Sections/0837.021.html","","","","","false","false","false",""
"section","837.055","","Fla. Stat. § 837.055","False information to law enforcement during investigation","not_yet_analyzed","Official text is cached, but no explicit analysis establishes offense coverage.","official_current_cache","2026-09-18T15:26:39.853Z","d3c01fc1dbda996b5cc2ef3fa9ce664e5d59d5ad63eaf09410fc3b4719d8b044","https://www.leg.state.fl.us/statutes/index.cfm?App_mode=Display_Statute&URL=0800-0899/0837/Sections/0837.055.html","","","","","false","false","false",""
"section","843.01","","Fla. Stat. § 843.01","Resisting, obstructing, or opposing by offering or doing violence to legally authorized person, police canine, or police horse","partially_covered","One or more cited scopes map to selectable records; no statewide offense denominator or complete branch analysis proves the entire section covered.","official_current_cache","2026-09-18T15:26:40.662Z","73b17f040c91922032611719813fc53f91c96cb914bb26703521ec185c85160f","https://www.leg.state.fl.us/statutes/index.cfm?App_mode=Display_Statute&URL=0800-0899/0843/Sections/0843.01.html","fl-fs-843-01-resisting-obstructing-or-opposing-by-offering-or-doing-violence-to-legally-authorized-person-police-canine-or-police-horse","fl-fs-843-01-resisting-obstructing-or-opposing-by-offering-or-doing-violence-to-legally-authorized-person-police-canine-or-police-horse","eligible","fl-resisting-arrest","false","false","false",""
"scope","843.01","","Fla. Stat. § 843.01","Resisting, obstructing, or opposing by offering or doing violence to legally authorized person, police canine, or police horse","covered","An explicit eligible analyst decision covers this cited scope; it does not establish unenumerated offenses.","official_current_cache","2026-09-18T15:26:40.662Z","73b17f040c91922032611719813fc53f91c96cb914bb26703521ec185c85160f","https://www.leg.state.fl.us/statutes/index.cfm?App_mode=Display_Statute&URL=0800-0899/0843/Sections/0843.01.html","fl-fs-843-01-resisting-obstructing-or-opposing-by-offering-or-doing-violence-to-legally-authorized-person-police-canine-or-police-horse","fl-fs-843-01-resisting-obstructing-or-opposing-by-offering-or-doing-violence-to-legally-authorized-person-police-canine-or-police-horse","eligible","fl-resisting-arrest","false","true","false",""
"section","843.02","","Fla. Stat. § 843.02","Resisting officer without violence to his or her person","partially_covered","One or more cited scopes map to selectable records; no statewide offense denominator or complete branch analysis proves the entire section covered.","official_current_cache","2026-09-18T15:26:40.662Z","eaf7742e70e1e1ec3d3a4e5a10ea1f52595b0b8905255ecfbe621c9851bfe8b6","https://www.leg.state.fl.us/statutes/index.cfm?App_mode=Display_Statute&URL=0800-0899/0843/Sections/0843.02.html","fl-resisting-officer-without-violence","fl-section-843.02","duplicate","","false","false","false",""
"scope","843.02","","Fla. Stat. § 843.02","Resisting officer without violence to his or her person","partially_covered","The existing manifest has an exact alias for resisting officer without violence at section 843.02. A duplicate disposition alone does not establish current coverage of this exact cited scope.","official_current_cache","2026-09-18T15:26:40.662Z","eaf7742e70e1e1ec3d3a4e5a10ea1f52595b0b8905255ecfbe621c9851bfe8b6","https://www.leg.state.fl.us/statutes/index.cfm?App_mode=Display_Statute&URL=0800-0899/0843/Sections/0843.02.html","fl-resisting-officer-without-violence","fl-section-843.02","duplicate","","true","false","false",""
"section","843.03","","Fla. Stat. § 843.03","Obstruction by disguised person","not_yet_analyzed","Official text is cached, but no explicit analysis establishes offense coverage.","official_current_cache","2026-09-18T15:26:40.662Z","c6ecd39c8ea35cc8125ede8a6c5ca5cdb8611e46263478dec4af4dbecff2a088","https://www.leg.state.fl.us/statutes/index.cfm?App_mode=Display_Statute&URL=0800-0899/0843/Sections/0843.03.html","","","","","false","false","false",""
"section","843.04","","Fla. Stat. § 843.04","Refusing to assist prison officers in arresting escaped convicts","not_yet_analyzed","Official text is cached, but no explicit analysis establishes offense coverage.","official_current_cache","2026-09-18T15:26:40.662Z","669f01f666ad0a8b22ec03504b4cd7caccdcf55455b913ecb6878745668f93d5","https://www.leg.state.fl.us/statutes/index.cfm?App_mode=Display_Statute&URL=0800-0899/0843/Sections/0843.04.html","","","","","false","false","false",""
"section","843.05","","Fla. Stat. § 843.05","Resisting timber agent","not_yet_analyzed","Official text is cached, but no explicit analysis establishes offense coverage.","official_current_cache","2026-09-18T15:26:40.662Z","34c8bdddad38e3754c839ff3cae91d83915852b2cdddc149166c08b2dc01d7e4","https://www.leg.state.fl.us/statutes/index.cfm?App_mode=Display_Statute&URL=0800-0899/0843/Sections/0843.05.html","","","","","false","false","false",""
"section","843.06","","Fla. Stat. § 843.06","Neglect or refusal to aid peace officers","not_yet_analyzed","Official text is cached, but no explicit analysis establishes offense coverage.","official_current_cache","2026-09-18T15:26:40.662Z","120130e88edda8ea110ada2f9dc13cdb4b580a8279ebd8117fe4b290fbd417ff","https://www.leg.state.fl.us/statutes/index.cfm?App_mode=Display_Statute&URL=0800-0899/0843/Sections/0843.06.html","","","","","false","false","false",""
"section","843.08","","Fla. Stat. § 843.08","False personation","not_yet_analyzed","Official text is cached, but no explicit analysis establishes offense coverage.","official_current_cache","2026-09-18T15:26:40.662Z","2eaf8199e89324a273834d6aad5f420248976751e3b74c201c8058ad58c07941","https://www.leg.state.fl.us/statutes/index.cfm?App_mode=Display_Statute&URL=0800-0899/0843/Sections/0843.08.html","","","","","false","false","false",""
"section","843.09","","Fla. Stat. § 843.09","Escape through voluntary action of officer","not_yet_analyzed","Official text is cached, but no explicit analysis establishes offense coverage.","official_current_cache","2026-09-18T15:26:40.662Z","0de67702c4b412a54621d31a186eecc012702f778e11792d251967a935fdf763","https://www.leg.state.fl.us/statutes/index.cfm?App_mode=Display_Statute&URL=0800-0899/0843/Sections/0843.09.html","","","","","false","false","false",""
"section","843.10","","Fla. Stat. § 843.10","Escape by negligence of officer","not_yet_analyzed","Official text is cached, but no explicit analysis establishes offense coverage.","official_current_cache","2026-09-18T15:26:40.662Z","3d92cd92e0fda0c4fc42e0c3e105ab667a7aa0a98d630b3ca8e68256c23bb6e9","https://www.leg.state.fl.us/statutes/index.cfm?App_mode=Display_Statute&URL=0800-0899/0843/Sections/0843.10.html","","","","","false","false","false",""
"section","843.11","","Fla. Stat. § 843.11","Conveying tools into jail to aid escape; forcible rescue","not_yet_analyzed","Official text is cached, but no explicit analysis establishes offense coverage.","official_current_cache","2026-09-18T15:26:40.662Z","af9f54decd70ab9614b9f46a8acc2a9a56fe311c0dda4934ebab907216e3889b","https://www.leg.state.fl.us/statutes/index.cfm?App_mode=Display_Statute&URL=0800-0899/0843/Sections/0843.11.html","","","","","false","false","false",""
"section","843.12","","Fla. Stat. § 843.12","Aiding escape","not_yet_analyzed","Official text is cached, but no explicit analysis establishes offense coverage.","official_current_cache","2026-09-18T15:26:40.662Z","56815017f055c3b11ba7b96430cbfc3b16f0b29de4c6a70b1a68a8492f57aeda","https://www.leg.state.fl.us/statutes/index.cfm?App_mode=Display_Statute&URL=0800-0899/0843/Sections/0843.12.html","","","","","false","false","false",""
"section","843.13","","Fla. Stat. § 843.13","Aiding escape of juvenile inmates of correctional institutions","not_yet_analyzed","Official text is cached, but no explicit analysis establishes offense coverage.","official_current_cache","2026-09-18T15:26:40.662Z","ad2f540a49e15ab774495681d1ac22e98c5584dd4e54bdb3736127d84f0231e0","https://www.leg.state.fl.us/statutes/index.cfm?App_mode=Display_Statute&URL=0800-0899/0843/Sections/0843.13.html","","","","","false","false","false",""
"section","843.14","","Fla. Stat. § 843.14","Compounding felony","not_yet_analyzed","Official text is cached, but no explicit analysis establishes offense coverage.","official_current_cache","2026-09-18T15:26:40.662Z","e1b26410ca1f51f10031883a0cdc346f0c8e281a16066da5321a7f78b1ce0c26","https://www.leg.state.fl.us/statutes/index.cfm?App_mode=Display_Statute&URL=0800-0899/0843/Sections/0843.14.html","","","","","false","false","false",""
"section","843.15","","Fla. Stat. § 843.15","Failure of defendant on bail to appear","partially_covered","One or more cited scopes map to selectable records; no statewide offense denominator or complete branch analysis proves the entire section covered.","official_current_cache","2026-09-18T15:26:40.662Z","cf7b83030fd86432b4face535308860163812c3b80baedb44da0f97bc812b0d8","https://www.leg.state.fl.us/statutes/index.cfm?App_mode=Display_Statute&URL=0800-0899/0843/Sections/0843.15.html","fl-fs-843-15-failure-of-defendant-on-bail-to-appear","fl-fs-843-15-failure-of-defendant-on-bail-to-appear","eligible","fl-failure-to-appear","false","false","false",""
"scope","843.15","","Fla. Stat. § 843.15","Failure of defendant on bail to appear","not_yet_analyzed","This legacy cleanup item has no explicit offense analysis and is not counted as a missing offense.","official_current_cache","2026-09-18T15:26:40.662Z","cf7b83030fd86432b4face535308860163812c3b80baedb44da0f97bc812b0d8","https://www.leg.state.fl.us/statutes/index.cfm?App_mode=Display_Statute&URL=0800-0899/0843/Sections/0843.15.html","","","","fl-failure-to-appear","false","false","false",""
"scope","843.15","(1)","Fla. Stat. § 843.15(1)","Failure of defendant on bail to appear","covered","An explicit eligible analyst decision covers this cited scope; it does not establish unenumerated offenses.","official_current_cache","2026-09-18T15:26:40.662Z","cf7b83030fd86432b4face535308860163812c3b80baedb44da0f97bc812b0d8","https://www.leg.state.fl.us/statutes/index.cfm?App_mode=Display_Statute&URL=0800-0899/0843/Sections/0843.15.html","fl-fs-843-15-failure-of-defendant-on-bail-to-appear","fl-fs-843-15-failure-of-defendant-on-bail-to-appear","eligible","","false","false","false",""
"section","843.16","","Fla. Stat. § 843.16","Unlawful to install or transport radio equipment using assigned frequency of state or law enforcement officers; definitions; exceptions; penalties","not_yet_analyzed","Official text is cached, but no explicit analysis establishes offense coverage.","official_current_cache","2026-09-18T15:26:40.662Z","87848e9c13579a84de9579e39fe8e54b08050dc5e1001fa8b5c6f66eeffc41ea","https://www.leg.state.fl.us/statutes/index.cfm?App_mode=Display_Statute&URL=0800-0899/0843/Sections/0843.16.html","","","","","false","false","false",""
"section","843.17","","Fla. Stat. § 843.17","Publishing name and address of law enforcement officer","not_yet_analyzed","Official text is cached, but no explicit analysis establishes offense coverage.","official_current_cache","2026-09-18T15:26:40.662Z","754740e9bccdd34e2144114033340f8e3c7127cac3167183d3ce97ec88c1ba62","https://www.leg.state.fl.us/statutes/index.cfm?App_mode=Display_Statute&URL=0800-0899/0843/Sections/0843.17.html","","","","","false","false","false",""
"section","843.18","","Fla. Stat. § 843.18","Boats; fleeing or attempting to elude a law enforcement officer","not_yet_analyzed","Official text is cached, but no explicit analysis establishes offense coverage.","official_current_cache","2026-09-18T15:26:40.662Z","66e3469f192b36d87f5638b365373b44583a73daad138236bc4f2f05599b7887","https://www.leg.state.fl.us/statutes/index.cfm?App_mode=Display_Statute&URL=0800-0899/0843/Sections/0843.18.html","","","","","false","false","false",""
"section","843.19","","Fla. Stat. § 843.19","Offenses against police canines, fire canines, SAR canines, or police horses","not_yet_analyzed","Official text is cached, but no explicit analysis establishes offense coverage.","official_current_cache","2026-09-18T15:26:40.662Z","a0911c532005e085f3ad36a3a193bc259eab70e3a154403c8a2e23067bd1a656","https://www.leg.state.fl.us/statutes/index.cfm?App_mode=Display_Statute&URL=0800-0899/0843/Sections/0843.19.html","","","","","false","false","false",""
"section","843.20","","Fla. Stat. § 843.20","Harassment of participant of neighborhood crime watch program prohibited; penalty; definitions","not_yet_analyzed","Official text is cached, but no explicit analysis establishes offense coverage.","official_current_cache","2026-09-18T15:26:40.662Z","c8caf739064527b838b76d483ec5cc4889541797ab2039dfed1a30be93448c08","https://www.leg.state.fl.us/statutes/index.cfm?App_mode=Display_Statute&URL=0800-0899/0843/Sections/0843.20.html","","","","","false","false","false",""
"section","843.021","","Fla. Stat. § 843.021","Unlawful possession of a concealed handcuff key","not_yet_analyzed","Official text is cached, but no explicit analysis establishes offense coverage.","official_current_cache","2026-09-18T15:26:40.662Z","fdecafe55db40162f952188f98de2aac08e83ca0bfe3e20ff9535a56696fb537","https://www.leg.state.fl.us/statutes/index.cfm?App_mode=Display_Statute&URL=0800-0899/0843/Sections/0843.021.html","","","","","false","false","false",""
"section","843.21","","Fla. Stat. § 843.21","Depriving crime victim of medical care","not_yet_analyzed","Official text is cached, but no explicit analysis establishes offense coverage.","official_current_cache","2026-09-18T15:26:40.662Z","8cc1ec85a2264d9d2107df527dbc840f63f323502adcf3f43f7664e455f2f72d","https://www.leg.state.fl.us/statutes/index.cfm?App_mode=Display_Statute&URL=0800-0899/0843/Sections/0843.21.html","","","","","false","false","false",""
"section","843.22","","Fla. Stat. § 843.22","Traveling across county lines with intent to commit a burglary","not_yet_analyzed","Official text is cached, but no explicit analysis establishes offense coverage.","official_current_cache","2026-09-18T15:26:40.662Z","a036e48964b503d8a43428792a5a9f7716e70fdbc51cd475b8ccaa661eaf4b48","https://www.leg.state.fl.us/statutes/index.cfm?App_mode=Display_Statute&URL=0800-0899/0843/Sections/0843.22.html","","","","","false","false","false",""
"section","843.23","","Fla. Stat. § 843.23","Tampering with an electronic monitoring device","not_yet_analyzed","Official text is cached, but no explicit analysis establishes offense coverage.","official_current_cache","2026-09-18T15:26:40.662Z","7348ad66ecf5ea6fa44bc57fb603d723a079191f1f17fec24bfba21dbcb94ccd","https://www.leg.state.fl.us/statutes/index.cfm?App_mode=Display_Statute&URL=0800-0899/0843/Sections/0843.23.html","","","","","false","false","false",""
"section","843.025","","Fla. Stat. § 843.025","Depriving officer of means of protection or communication","not_yet_analyzed","Official text is cached, but no explicit analysis establishes offense coverage.","official_current_cache","2026-09-18T15:26:40.662Z","0d3fef7dee2ae2e7522c441fb96ea2d598f8c7a1bafd8ed48ac4f8ec5086ef70","https://www.leg.state.fl.us/statutes/index.cfm?App_mode=Display_Statute&URL=0800-0899/0843/Sections/0843.025.html","","","","","false","false","false",""
"section","843.31","","Fla. Stat. § 843.31","Approaching a first responder with specified intent after a warning","not_yet_analyzed","Official text is cached, but no explicit analysis establishes offense coverage.","official_current_cache","2026-09-18T15:26:40.662Z","9633c20adf12b8481b943b0bfd7f31a02529a314f42d141596d2438b05a4a0e3","https://www.leg.state.fl.us/statutes/index.cfm?App_mode=Display_Statute&URL=0800-0899/0843/Sections/0843.31.html","","","","","false","false","false",""
"section","843.081","","Fla. Stat. § 843.081","Prohibited use of certain lights; penalty","not_yet_analyzed","Official text is cached, but no explicit analysis establishes offense coverage.","official_current_cache","2026-09-18T15:26:40.662Z","4a1f3215d92fc28aad16a063f3f6ec0ee222213c68bdf9e1e89100ca953898a9","https://www.leg.state.fl.us/statutes/index.cfm?App_mode=Display_Statute&URL=0800-0899/0843/Sections/0843.081.html","","","","","false","false","false",""
"section","843.085","","Fla. Stat. § 843.085","Unlawful use of badges or other indicia of authority","not_yet_analyzed","Official text is cached, but no explicit analysis establishes offense coverage.","official_current_cache","2026-09-18T15:26:40.662Z","2af5a49e9c093f13a75d2b68a787f04fd56a0c26763c61c6a5ba743ef50312f5","https://www.leg.state.fl.us/statutes/index.cfm?App_mode=Display_Statute&URL=0800-0899/0843/Sections/0843.085.html","","","","","false","false","false",""
"section","843.165","","Fla. Stat. § 843.165","Unauthorized transmissions to and interference with governmental and associated radio frequencies prohibited; penalties; exceptions","not_yet_analyzed","Official text is cached, but no explicit analysis establishes offense coverage.","official_current_cache","2026-09-18T15:26:40.662Z","c31e142ccca0f0f6c7cf04f177d7c2da5ad6f15a0bceee79d4eb17ea43fabff8","https://www.leg.state.fl.us/statutes/index.cfm?App_mode=Display_Statute&URL=0800-0899/0843/Sections/0843.165.html","","","","","false","false","false",""
"section","843.167","","Fla. Stat. § 843.167","Unlawful use of police communications; enhanced penalties","not_yet_analyzed","Official text is cached, but no explicit analysis establishes offense coverage.","official_current_cache","2026-09-18T15:26:40.662Z","6d9e6f869d375ddd2456335705a62360321d4a5ecc867d0934a1b07bb1fd330b","https://www.leg.state.fl.us/statutes/index.cfm?App_mode=Display_Statute&URL=0800-0899/0843/Sections/0843.167.html","","","","","false","false","false",""
"section","843.0855","","Fla. Stat. § 843.0855","Criminal actions under color of law or through use of simulated legal process","not_yet_analyzed","Official text is cached, but no explicit analysis establishes offense coverage.","official_current_cache","2026-09-18T15:26:40.662Z","53088dc34b126ed323708dbd01e0f870994cb6b7e81fc83d0d8c4863b002a796","https://www.leg.state.fl.us/statutes/index.cfm?App_mode=Display_Statute&URL=0800-0899/0843/Sections/0843.0855.html","","","","","false","false","false",""
"section","849.25","","Fla. Stat. § 849.25","“Bookmaking” defined; penalties; exceptions","not_yet_analyzed","Official text is cached, but no explicit analysis establishes offense coverage.","official_current_cache","2026-09-18T15:56:34.676Z","ffb4c9f6afddc8e1221fd2a498755bb6199fac36342a8847c0558e1cadd85f55","https://www.leg.state.fl.us/statutes/index.cfm?App_mode=Display_Statute&URL=0800-0899/0849/Sections/0849.25.html","","","","","false","false","false",""
"section","856.011","","Fla. Stat. § 856.011","Disorderly intoxication","partially_covered","One or more cited scopes map to selectable records; no statewide offense denominator or complete branch analysis proves the entire section covered.","official_current_cache","2026-09-18T15:34:00.137Z","2fe9b9947943ee75dcd3c4adf5e26c8b0687701ee2eebf9bd261cc6c511c81b5","https://www.leg.state.fl.us/statutes/index.cfm?App_mode=Display_Statute&URL=0800-0899/0856/Sections/0856.011.html","fl-disorderly-intoxication","fl-section-856.011","duplicate","","false","false","false",""
"scope","856.011","","Fla. Stat. § 856.011","Disorderly intoxication","partially_covered","The manifest retains the existing disorderly-intoxication record at this same section and scope. A duplicate disposition alone does not establish current coverage of this exact cited scope.","official_current_cache","2026-09-18T15:34:00.137Z","2fe9b9947943ee75dcd3c4adf5e26c8b0687701ee2eebf9bd261cc6c511c81b5","https://www.leg.state.fl.us/statutes/index.cfm?App_mode=Display_Statute&URL=0800-0899/0856/Sections/0856.011.html","fl-disorderly-intoxication","fl-section-856.011","duplicate","","true","false","false",""
"section","856.021","","Fla. Stat. § 856.021","Loitering or prowling; penalty","partially_covered","One or more cited scopes map to selectable records; no statewide offense denominator or complete branch analysis proves the entire section covered.","official_current_cache","2026-09-18T15:33:57.915Z","03d918ac6fea866f7a21c3a11bfef7f9f673a24537dd8c55a41a01bf674b9001","https://www.leg.state.fl.us/statutes/index.cfm?App_mode=Display_Statute&URL=0800-0899/0856/Sections/0856.021.html","fl-loitering","fl-section-856.021","duplicate","fl-illegal-camping|fl-panhandling","false","false","false",""
"scope","856.021","","Fla. Stat. § 856.021","Loitering or prowling; penalty","partially_covered","The manifest preserves an exact alias to 'Loitering or prowling; penalty' for the same section and scope. A duplicate disposition alone does not establish current coverage of this exact cited scope.","official_current_cache","2026-09-18T15:33:57.915Z","03d918ac6fea866f7a21c3a11bfef7f9f673a24537dd8c55a41a01bf674b9001","https://www.leg.state.fl.us/statutes/index.cfm?App_mode=Display_Statute&URL=0800-0899/0856/Sections/0856.021.html","fl-loitering","fl-section-856.021","duplicate","fl-illegal-camping|fl-panhandling","true","false","false",""
"section","874.01","","Fla. Stat. § 874.01","Short title","not_yet_analyzed","Official text is cached, but no explicit analysis establishes offense coverage.","official_current_cache","2026-09-18T15:26:41.454Z","852ca1b0798ff6f797024cd979caec22961297c7717cf6674cae4a45f349a8f5","https://www.leg.state.fl.us/statutes/index.cfm?App_mode=Display_Statute&URL=0800-0899/0874/Sections/0874.01.html","","","","","false","false","false",""
"section","874.02","","Fla. Stat. § 874.02","Legislative findings and intent","not_yet_analyzed","Official text is cached, but no explicit analysis establishes offense coverage.","official_current_cache","2026-09-18T15:26:41.454Z","e3065969e12e389eb2d4ba1c807c7e8875bab4d102e045ab083879f888c22a38","https://www.leg.state.fl.us/statutes/index.cfm?App_mode=Display_Statute&URL=0800-0899/0874/Sections/0874.02.html","","","","","false","false","false",""
"section","874.03","","Fla. Stat. § 874.03","Definitions","not_yet_analyzed","Official text is cached, but no explicit analysis establishes offense coverage.","official_current_cache","2026-09-18T15:26:41.454Z","aff14a8547565fe8d244d0a798e91648c89f80bbb8015a9eb42625adbd803f8b","https://www.leg.state.fl.us/statutes/index.cfm?App_mode=Display_Statute&URL=0800-0899/0874/Sections/0874.03.html","","","","","false","false","false",""
"section","874.04","","Fla. Stat. § 874.04","Gang-related offenses; enhanced penalties","not_yet_analyzed","Official text is cached, but no explicit analysis establishes offense coverage.","official_current_cache","2026-09-18T15:26:41.454Z","da872aaedc45f61809b1c04ae840b5f53e49e607e4693870a6e4c1dc3acdb647","https://www.leg.state.fl.us/statutes/index.cfm?App_mode=Display_Statute&URL=0800-0899/0874/Sections/0874.04.html","","","","","false","false","false",""
"section","874.05","","Fla. Stat. § 874.05","Causing, encouraging, soliciting, or recruiting criminal gang membership","not_yet_analyzed","Official text is cached, but no explicit analysis establishes offense coverage.","official_current_cache","2026-09-18T15:26:41.454Z","01a7d785d8031b197371225c6253384d25337a23789bc915db8f74f7becd0a68","https://www.leg.state.fl.us/statutes/index.cfm?App_mode=Display_Statute&URL=0800-0899/0874/Sections/0874.05.html","","","","","false","false","false",""
"section","874.06","","Fla. Stat. § 874.06","Civil cause of action","not_yet_analyzed","Official text is cached, but no explicit analysis establishes offense coverage.","official_current_cache","2026-09-18T15:26:41.454Z","80a5d6380698458225c6aff4670b6170bd5d08a90b268bb8eb48f0080da46760","https://www.leg.state.fl.us/statutes/index.cfm?App_mode=Display_Statute&URL=0800-0899/0874/Sections/0874.06.html","","","","","false","false","false",""
"section","874.08","","Fla. Stat. § 874.08","Criminal gang activity and recruitment; forfeiture","not_yet_analyzed","Official text is cached, but no explicit analysis establishes offense coverage.","official_current_cache","2026-09-18T15:26:41.454Z","03766abb6c01afe2580770946b74eff2ec0c5dc376dcbb0999a5a34b7997c0a5","https://www.leg.state.fl.us/statutes/index.cfm?App_mode=Display_Statute&URL=0800-0899/0874/Sections/0874.08.html","","","","","false","false","false",""
"section","874.09","","Fla. Stat. § 874.09","Crime data information","not_yet_analyzed","Official text is cached, but no explicit analysis establishes offense coverage.","official_current_cache","2026-09-18T15:26:41.454Z","145c87869955fe62ad9690d7cc00803f1e497098561042e319f44cc2d60e32c8","https://www.leg.state.fl.us/statutes/index.cfm?App_mode=Display_Statute&URL=0800-0899/0874/Sections/0874.09.html","","","","","false","false","false",""
"section","874.10","","Fla. Stat. § 874.10","Directing the activities of a criminal gang","not_yet_analyzed","Official text is cached, but no explicit analysis establishes offense coverage.","official_current_cache","2026-09-18T15:26:41.454Z","1eefc5d4767cd8c3dbd2458ee8c8fa1efffb2a6f1e2fdf7ce503ef590247867d","https://www.leg.state.fl.us/statutes/index.cfm?App_mode=Display_Statute&URL=0800-0899/0874/Sections/0874.10.html","","","","","false","false","false",""
"section","874.11","","Fla. Stat. § 874.11","Electronic communication","not_yet_analyzed","Official text is cached, but no explicit analysis establishes offense coverage.","official_current_cache","2026-09-18T15:26:41.454Z","e8076cff96c97713713cf1460839c0c043af02d1ae9285a3ff5c5aacb6fb0aa1","https://www.leg.state.fl.us/statutes/index.cfm?App_mode=Display_Statute&URL=0800-0899/0874/Sections/0874.11.html","","","","","false","false","false",""
"section","874.12","","Fla. Stat. § 874.12","Identification documents; unlawful possession or creation","not_yet_analyzed","Official text is cached, but no explicit analysis establishes offense coverage.","official_current_cache","2026-09-18T15:26:41.454Z","4f5ff0a007b7b1600e0026f05b08ad28b9bb090e89aa32e0f0c0b2041bcfa57c","https://www.leg.state.fl.us/statutes/index.cfm?App_mode=Display_Statute&URL=0800-0899/0874/Sections/0874.12.html","","","","","false","false","false",""
"section","874.045","","Fla. Stat. § 874.045","Arrest and prosecution under other provisions","not_yet_analyzed","Official text is cached, but no explicit analysis establishes offense coverage.","official_current_cache","2026-09-18T15:26:41.454Z","c77c137e4b3401b30343fbbd88ff22a7eb1e277fe2179c9e358b9320c790c35d","https://www.leg.state.fl.us/statutes/index.cfm?App_mode=Display_Statute&URL=0800-0899/0874/Sections/0874.045.html","","","","","false","false","false",""
"section","877.01","","Fla. Stat. § 877.01","Instigation of litigation; penalty","not_yet_analyzed","Official text is cached, but no explicit analysis establishes offense coverage.","official_current_cache","2026-09-18T15:26:42.257Z","583b92c205b7998d2e98641dfddecb9e2b0c5124b20c1ceeee6babace3ead43e","https://www.leg.state.fl.us/statutes/index.cfm?App_mode=Display_Statute&URL=0800-0899/0877/Sections/0877.01.html","","","","","false","false","false",""
"section","877.02","","Fla. Stat. § 877.02","Solicitation of legal services or retainers therefor; penalty","not_yet_analyzed","Official text is cached, but no explicit analysis establishes offense coverage.","official_current_cache","2026-09-18T15:26:42.257Z","559e106d067115f419b7b4d258d35d10b0672691a39f9fe171ff4f0b9eed820f","https://www.leg.state.fl.us/statutes/index.cfm?App_mode=Display_Statute&URL=0800-0899/0877/Sections/0877.02.html","","","","","false","false","false",""
"section","877.03","","Fla. Stat. § 877.03","Breach of the peace; disorderly conduct","partially_covered","One or more cited scopes map to selectable records; no statewide offense denominator or complete branch analysis proves the entire section covered.","official_current_cache","2026-09-18T15:26:42.257Z","813f9375f538cb1c40f0079335c3c7a8447dbe82c71b8afb5120c1c439316e92","https://www.leg.state.fl.us/statutes/index.cfm?App_mode=Display_Statute&URL=0800-0899/0877/Sections/0877.03.html","fl-fs-877-03-breach-of-the-peace-disorderly-conduct","fl-fs-877-03-breach-of-the-peace-disorderly-conduct","eligible","fl-disorderly-conduct|fl-noise-violation","false","false","false",""
"scope","877.03","","Fla. Stat. § 877.03","Breach of the peace; disorderly conduct","covered","An explicit eligible analyst decision covers this cited scope; it does not establish unenumerated offenses.","official_current_cache","2026-09-18T15:26:42.257Z","813f9375f538cb1c40f0079335c3c7a8447dbe82c71b8afb5120c1c439316e92","https://www.leg.state.fl.us/statutes/index.cfm?App_mode=Display_Statute&URL=0800-0899/0877/Sections/0877.03.html","fl-fs-877-03-breach-of-the-peace-disorderly-conduct","fl-fs-877-03-breach-of-the-peace-disorderly-conduct","eligible","fl-disorderly-conduct|fl-noise-violation","false","true","false",""
"section","877.05","","Fla. Stat. § 877.05","Killing young veal for sale; penalty; exception","not_yet_analyzed","Official text is cached, but no explicit analysis establishes offense coverage.","official_current_cache","2026-09-18T15:26:42.257Z","0c909cf719186fc38eafab839508768000f1af9b77b3bafee904bf907bd80e5e","https://www.leg.state.fl.us/statutes/index.cfm?App_mode=Display_Statute&URL=0800-0899/0877/Sections/0877.05.html","","","","","false","false","false",""
"section","877.06","","Fla. Stat. § 877.06","Labeling of beef not slaughtered according to state or United States standards; enforcement; penalty","not_yet_analyzed","Official text is cached, but no explicit analysis establishes offense coverage.","official_current_cache","2026-09-18T15:26:42.257Z","439988a7e46bc995b9dc11c10fe45e6332b7b5b9e81016961adc39146d54c9ba","https://www.leg.state.fl.us/statutes/index.cfm?App_mode=Display_Statute&URL=0800-0899/0877/Sections/0877.06.html","","","","","false","false","false",""
"section","877.08","","Fla. Stat. § 877.08","Coin-operated vending machines and parking meters; defined; prohibited acts, penalties","not_yet_analyzed","Official text is cached, but no explicit analysis establishes offense coverage.","official_current_cache","2026-09-18T15:26:42.257Z","0736b162fac36b05e7f3dc66815260dc4f356814e7f44b876043c4b203cde2df","https://www.leg.state.fl.us/statutes/index.cfm?App_mode=Display_Statute&URL=0800-0899/0877/Sections/0877.08.html","","","","","false","false","false",""
"section","877.09","","Fla. Stat. § 877.09","Tampering with or damaging sewer systems","not_yet_analyzed","Official text is cached, but no explicit analysis establishes offense coverage.","official_current_cache","2026-09-18T15:26:42.257Z","45cd556157ec9047d17eb83c442ab0ff56b1c472018f3b03933fd18a6410e24e","https://www.leg.state.fl.us/statutes/index.cfm?App_mode=Display_Statute&URL=0800-0899/0877/Sections/0877.09.html","","","","","false","false","false",""
"section","877.10","","Fla. Stat. § 877.10","Real property; dual contracts prohibited","not_yet_analyzed","Official text is cached, but no explicit analysis establishes offense coverage.","official_current_cache","2026-09-18T15:26:42.257Z","7f71c277d627d7946b8c100da08542b9ef7f37372bc6a0db1e381d09a89e8b91","https://www.leg.state.fl.us/statutes/index.cfm?App_mode=Display_Statute&URL=0800-0899/0877/Sections/0877.10.html","","","","","false","false","false",""
"section","877.13","","Fla. Stat. § 877.13","Educational institutions or school boards; penalty for disruption","not_yet_analyzed","Official text is cached, but no explicit analysis establishes offense coverage.","official_current_cache","2026-09-18T15:26:42.257Z","2ff60406e63a6320c17324c89c4aa3f8a30ffb7ec295b24a099bc21610621d24","https://www.leg.state.fl.us/statutes/index.cfm?App_mode=Display_Statute&URL=0800-0899/0877/Sections/0877.13.html","","","","","false","false","false",""
"section","877.14","","Fla. Stat. § 877.14","Merchandising of dogs; required records; penalty for violation","not_yet_analyzed","Official text is cached, but no explicit analysis establishes offense coverage.","official_current_cache","2026-09-18T15:26:42.257Z","f7c63a985974e290022c223afea818466a05f7d5a30a4dfe0c70d332d110dbf0","https://www.leg.state.fl.us/statutes/index.cfm?App_mode=Display_Statute&URL=0800-0899/0877/Sections/0877.14.html","","","","","false","false","false",""
"section","877.15","","Fla. Stat. § 877.15","Failure to control or report dangerous fire","not_yet_analyzed","Official text is cached, but no explicit analysis establishes offense coverage.","official_current_cache","2026-09-18T15:26:42.257Z","4129869fe41b32da7371d7f3b5dfc365ab0cda34d537dbdcc381c9607ff2c664","https://www.leg.state.fl.us/statutes/index.cfm?App_mode=Display_Statute&URL=0800-0899/0877/Sections/0877.15.html","","","","","false","false","false",""
"section","877.16","","Fla. Stat. § 877.16","Exhibition of deformed animals prohibited; penalty","not_yet_analyzed","Official text is cached, but no explicit analysis establishes offense coverage.","official_current_cache","2026-09-18T15:26:42.257Z","509059b17b59e0b3304d18f6b223c45a4f9a13483b5bc786734478c9bf7d7950","https://www.leg.state.fl.us/statutes/index.cfm?App_mode=Display_Statute&URL=0800-0899/0877/Sections/0877.16.html","","","","","false","false","false",""
"section","877.17","","Fla. Stat. § 877.17","Works to be submitted by students without substantial alteration","not_yet_analyzed","Official text is cached, but no explicit analysis establishes offense coverage.","official_current_cache","2026-09-18T15:26:42.257Z","f346d07a4c270e730d79166171e4704b31846ddd716659f979df6256069b359b","https://www.leg.state.fl.us/statutes/index.cfm?App_mode=Display_Statute&URL=0800-0899/0877/Sections/0877.17.html","","","","","false","false","false",""
"section","877.18","","Fla. Stat. § 877.18","Identification card or document purporting to contain applicant’s age or date of birth; penalties for failure to comply with requirements for sale or issuance","not_yet_analyzed","Official text is cached, but no explicit analysis establishes offense coverage.","official_current_cache","2026-09-18T15:26:42.257Z","4618613ba3761148918f2a5e2a16ef5cc4b60311ad460e23b321b0f936d1bac8","https://www.leg.state.fl.us/statutes/index.cfm?App_mode=Display_Statute&URL=0800-0899/0877/Sections/0877.18.html","","","","","false","false","false",""
"section","877.19","","Fla. Stat. § 877.19","Hate Crimes Reporting Act","not_yet_analyzed","Official text is cached, but no explicit analysis establishes offense coverage.","official_current_cache","2026-09-18T15:26:42.257Z","c35d92240ce47583bdf0c7873f919e5906344604f930e3f30d2d4407f540333d","https://www.leg.state.fl.us/statutes/index.cfm?App_mode=Display_Statute&URL=0800-0899/0877/Sections/0877.19.html","","","","","false","false","false",""
"section","877.20","","Fla. Stat. § 877.20","Local juvenile curfew ordinances; legislative intent","not_yet_analyzed","Official text is cached, but no explicit analysis establishes offense coverage.","official_current_cache","2026-09-18T15:26:42.257Z","ff1358817a14a9b4c0a299e60b5a3684c101f9b86221c889620e739eecb55e9d","https://www.leg.state.fl.us/statutes/index.cfm?App_mode=Display_Statute&URL=0800-0899/0877/Sections/0877.20.html","","","","","false","false","false",""
"section","877.21","","Fla. Stat. § 877.21","Definitions; ss. 877.20-877.25","not_yet_analyzed","Official text is cached, but no explicit analysis establishes offense coverage.","official_current_cache","2026-09-18T15:26:42.257Z","79ce9c206dd6e64091d72158c4c4598ba5e006b1da30f1b7ea61509377d9a45b","https://www.leg.state.fl.us/statutes/index.cfm?App_mode=Display_Statute&URL=0800-0899/0877/Sections/0877.21.html","","","","","false","false","false",""
"section","877.22","","Fla. Stat. § 877.22","Minors prohibited in public places and establishments during certain hours; penalty; procedure","blocked","The section has analysis decisions, but no scope in this section is a current runtime selection.","official_current_cache","2026-09-18T15:26:42.257Z","c1bd6dabfacb0eccfa3d83e3077360676d150b6a352a67c3161b447ba7ba4daf","https://www.leg.state.fl.us/statutes/index.cfm?App_mode=Display_Statute&URL=0800-0899/0877/Sections/0877.22.html","","fl-section-877.22","held","fl-curfew-violation","false","false","false",""
"scope","877.22","","Fla. Stat. § 877.22","Minors prohibited in public places and establishments during certain hours; penalty; procedure","blocked","The provision is a juvenile curfew enforcement scheme with civil/procedural consequences rather than an ordinary adult misdemeanor or felony charge.","official_current_cache","2026-09-18T15:26:42.257Z","c1bd6dabfacb0eccfa3d83e3077360676d150b6a352a67c3161b447ba7ba4daf","https://www.leg.state.fl.us/statutes/index.cfm?App_mode=Display_Statute&URL=0800-0899/0877/Sections/0877.22.html","","fl-section-877.22","held","fl-curfew-violation","false","false","false",""
"section","877.23","","Fla. Stat. § 877.23","Legal duty of parent; penalty","not_yet_analyzed","Official text is cached, but no explicit analysis establishes offense coverage.","official_current_cache","2026-09-18T15:26:42.257Z","5a23c8d972c7beefef8a61472d54a688f82dcbc247790e558659748971d28555","https://www.leg.state.fl.us/statutes/index.cfm?App_mode=Display_Statute&URL=0800-0899/0877/Sections/0877.23.html","","","","","false","false","false",""
"section","877.24","","Fla. Stat. § 877.24","Nonapplication of s. 877.22","not_yet_analyzed","Official text is cached, but no explicit analysis establishes offense coverage.","official_current_cache","2026-09-18T15:26:42.257Z","1e328b2c01dfc9cbdcc1a9a865ab261cd8fdc2c5d3018e0fd2703a7eaeb045d8","https://www.leg.state.fl.us/statutes/index.cfm?App_mode=Display_Statute&URL=0800-0899/0877/Sections/0877.24.html","","","","","false","false","false",""
"section","877.25","","Fla. Stat. § 877.25","Local ordinance required; effect","not_yet_analyzed","Official text is cached, but no explicit analysis establishes offense coverage.","official_current_cache","2026-09-18T15:26:42.257Z","4aa31d49e43d4dc8db729b04bc744cdef33beebaf928ef9c89cae494ce46e34a","https://www.leg.state.fl.us/statutes/index.cfm?App_mode=Display_Statute&URL=0800-0899/0877/Sections/0877.25.html","","","","","false","false","false",""
"section","877.26","","Fla. Stat. § 877.26","Direct observation, videotaping, or visual surveillance of customers in merchant’s dressing room, etc., prohibited; penalties","not_yet_analyzed","Official text is cached, but no explicit analysis establishes offense coverage.","official_current_cache","2026-09-18T15:26:42.257Z","a9ae601efe39709a020f066367611023d1fb949d66c627bdec9f06ddc25e56e4","https://www.leg.state.fl.us/statutes/index.cfm?App_mode=Display_Statute&URL=0800-0899/0877/Sections/0877.26.html","","","","","false","false","false",""
"section","877.27","","Fla. Stat. § 877.27","Unauthorized transmissions to, or interference with, a public or commercial radio station licensed by the Federal Communications Commission prohibited; penalties","not_yet_analyzed","Official text is cached, but no explicit analysis establishes offense coverage.","official_current_cache","2026-09-18T15:26:42.257Z","6565f97268c7b77be3400da64d9641a5c5233abeb455637445b792c23631a7bf","https://www.leg.state.fl.us/statutes/index.cfm?App_mode=Display_Statute&URL=0800-0899/0877/Sections/0877.27.html","","","","","false","false","false",""
"section","877.061","","Fla. Stat. § 877.061","Marketing establishments; maintenance of scales","not_yet_analyzed","Official text is cached, but no explicit analysis establishes offense coverage.","official_current_cache","2026-09-18T15:26:42.257Z","382d40f0039dfa901effbb7d419f191b3c04df14c3effab3445b6eea243cb0ef","https://www.leg.state.fl.us/statutes/index.cfm?App_mode=Display_Statute&URL=0800-0899/0877/Sections/0877.061.html","","","","","false","false","false",""
"section","877.101","","Fla. Stat. § 877.101","Escrow business by unauthorized persons; use of name","not_yet_analyzed","Official text is cached, but no explicit analysis establishes offense coverage.","official_current_cache","2026-09-18T15:26:42.257Z","e2ca136e5cace1474255e3777de86548703f8e86e11b071c0b9749f95e2c3d46","https://www.leg.state.fl.us/statutes/index.cfm?App_mode=Display_Statute&URL=0800-0899/0877/Sections/0877.101.html","","","","","false","false","false",""
"section","877.111","","Fla. Stat. § 877.111","Inhalation, ingestion, possession, sale, purchase, or transfer of harmful chemical substances; penalties","not_yet_analyzed","Official text is cached, but no explicit analysis establishes offense coverage.","official_current_cache","2026-09-18T15:26:42.257Z","6c76a5178a4811d81e0f1c8f731b57201e57363b71ee4dab7534130af0e1e44a","https://www.leg.state.fl.us/statutes/index.cfm?App_mode=Display_Statute&URL=0800-0899/0877/Sections/0877.111.html","","","","","false","false","false",""
"section","877.155","","Fla. Stat. § 877.155","Report of initial treatment of burn injuries; penalty for failure to report","not_yet_analyzed","Official text is cached, but no explicit analysis establishes offense coverage.","official_current_cache","2026-09-18T15:26:42.257Z","320f8034216f8ddb55480e0db672a59e53c9c584b187772855b14fc7e25b608e","https://www.leg.state.fl.us/statutes/index.cfm?App_mode=Display_Statute&URL=0800-0899/0877/Sections/0877.155.html","","","","","false","false","false",""
"section","893.01","","Fla. Stat. § 893.01","Short title","not_yet_analyzed","Official text is cached, but no explicit analysis establishes offense coverage.","official_current_cache","2026-09-18T15:26:43.348Z","11e1787a2bb4235544d361eb44587701c7c0d4bc3286418ec5154c2a4cc07f61","https://www.leg.state.fl.us/statutes/index.cfm?App_mode=Display_Statute&URL=0800-0899/0893/Sections/0893.01.html","","","","","false","false","false",""
"section","893.02","","Fla. Stat. § 893.02","Definitions","not_yet_analyzed","Official text is cached, but no explicit analysis establishes offense coverage.","official_current_cache","2026-09-18T15:26:43.348Z","5356b206019ee59d5f872b601345d6569be3a55a0728d6292949a4edc1ca4e17","https://www.leg.state.fl.us/statutes/index.cfm?App_mode=Display_Statute&URL=0800-0899/0893/Sections/0893.02.html","","","","","false","false","false",""
"section","893.03","","Fla. Stat. § 893.03","Standards and schedules","not_yet_analyzed","Official text is cached, but no explicit analysis establishes offense coverage.","official_current_cache","2026-09-18T15:26:43.348Z","81424abc014f4f34e775b7e0d8c2d47d5e03963c81bf17a5f6b99552eb0ba4a1","https://www.leg.state.fl.us/statutes/index.cfm?App_mode=Display_Statute&URL=0800-0899/0893/Sections/0893.03.html","","","","","false","false","false",""
"section","893.04","","Fla. Stat. § 893.04","Pharmacist and practitioner","not_yet_analyzed","Official text is cached, but no explicit analysis establishes offense coverage.","official_current_cache","2026-09-18T15:26:43.348Z","bceb93d4ca6ff2aeca0d3fbd34affb6ccf8aef4786a826d307016f18f5da4769","https://www.leg.state.fl.us/statutes/index.cfm?App_mode=Display_Statute&URL=0800-0899/0893/Sections/0893.04.html","","","","","false","false","false",""
"section","893.05","","Fla. Stat. § 893.05","Practitioners and persons administering controlled substances in their absence","not_yet_analyzed","Official text is cached, but no explicit analysis establishes offense coverage.","official_current_cache","2026-09-18T15:26:43.348Z","65a30e3730aa49b53470f25cb36817e4a23a586a40ab98c8f0d7257d98a58c47","https://www.leg.state.fl.us/statutes/index.cfm?App_mode=Display_Statute&URL=0800-0899/0893/Sections/0893.05.html","","","","","false","false","false",""
"section","893.06","","Fla. Stat. § 893.06","Distribution of controlled substances; order forms; labeling and packaging requirements","not_yet_analyzed","Official text is cached, but no explicit analysis establishes offense coverage.","official_current_cache","2026-09-18T15:26:43.348Z","b4ba5c05d54cdd59b728f3efd2d0629c72b4f536d81cfe56f46c66f9bf99748d","https://www.leg.state.fl.us/statutes/index.cfm?App_mode=Display_Statute&URL=0800-0899/0893/Sections/0893.06.html","","","","","false","false","false",""
"section","893.07","","Fla. Stat. § 893.07","Records","not_yet_analyzed","Official text is cached, but no explicit analysis establishes offense coverage.","official_current_cache","2026-09-18T15:26:43.348Z","c9b51a95d6b0178adbb96a089cf1d8ff7a24fae57d6c1c6213f64f40db422b09","https://www.leg.state.fl.us/statutes/index.cfm?App_mode=Display_Statute&URL=0800-0899/0893/Sections/0893.07.html","","","","","false","false","false",""
"section","893.08","","Fla. Stat. § 893.08","Exceptions","not_yet_analyzed","Official text is cached, but no explicit analysis establishes offense coverage.","official_current_cache","2026-09-18T15:26:43.348Z","fc64ebee6707b2d6c762fce7bdd6a6687144494f4b6c106ff608a3e11e825e66","https://www.leg.state.fl.us/statutes/index.cfm?App_mode=Display_Statute&URL=0800-0899/0893/Sections/0893.08.html","","","","","false","false","false",""
"section","893.09","","Fla. Stat. § 893.09","Enforcement","not_yet_analyzed","Official text is cached, but no explicit analysis establishes offense coverage.","official_current_cache","2026-09-18T15:26:43.348Z","92774dfb0c9c7a5fc7fecf147f03ca417fb55c0badf8fc5dad263e52d5505428","https://www.leg.state.fl.us/statutes/index.cfm?App_mode=Display_Statute&URL=0800-0899/0893/Sections/0893.09.html","","","","","false","false","false",""
"section","893.10","","Fla. Stat. § 893.10","Burden of proof; photograph or video recording of evidence","not_yet_analyzed","Official text is cached, but no explicit analysis establishes offense coverage.","official_current_cache","2026-09-18T15:26:43.348Z","e9a72fc9f5618b92eea6492d11a54f379ea3a1734ac5835d6b8841287c952d12","https://www.leg.state.fl.us/statutes/index.cfm?App_mode=Display_Statute&URL=0800-0899/0893/Sections/0893.10.html","","","","","false","false","false",""
"section","893.11","","Fla. Stat. § 893.11","Suspension, revocation, and reinstatement of business and professional licenses","not_yet_analyzed","Official text is cached, but no explicit analysis establishes offense coverage.","official_current_cache","2026-09-18T15:26:43.348Z","9bae6da4c20385849f3d5b3b863dfba252489a92460d67734346934533bb886a","https://www.leg.state.fl.us/statutes/index.cfm?App_mode=Display_Statute&URL=0800-0899/0893/Sections/0893.11.html","","","","","false","false","false",""
"section","893.12","","Fla. Stat. § 893.12","Contraband; seizure, forfeiture, sale","not_yet_analyzed","Official text is cached, but no explicit analysis establishes offense coverage.","official_current_cache","2026-09-18T15:26:43.348Z","afd73d0aa913ff88422473b85e3e1d215e6f2c5090ebb73a2d8ed88ccad7c5f2","https://www.leg.state.fl.us/statutes/index.cfm?App_mode=Display_Statute&URL=0800-0899/0893/Sections/0893.12.html","","","","","false","false","false",""
"section","893.13","","Fla. Stat. § 893.13","Prohibited acts; penalties","partially_covered","One or more cited scopes map to selectable records; no statewide offense denominator or complete branch analysis proves the entire section covered.","official_current_cache","2026-09-18T15:26:43.348Z","24ea1363382c208c816b76e26abe55a15f2cae5cc6f7f16a1162499cbda89291","https://www.leg.state.fl.us/statutes/index.cfm?App_mode=Display_Statute&URL=0800-0899/0893/Sections/0893.13.html","fl-fs-893-13-1-a-prohibited-acts-penalties|fl-fs-893-13-2-a-prohibited-acts-penalties|fl-fs-893-13-4-prohibited-acts-penalties|fl-fs-893-13-5-prohibited-acts-penalties|fl-fs-893-13-6-a-prohibited-acts-penalties|fl-possession-of-marijuana-under-20g","fl-fs-893-13-1-a-prohibited-acts-penalties|fl-fs-893-13-2-a-prohibited-acts-penalties|fl-fs-893-13-3-prohibited-acts-penalties|fl-fs-893-13-4-prohibited-acts-penalties|fl-fs-893-13-5-prohibited-acts-penalties|fl-fs-893-13-6-a-prohibited-acts-penalties|fl-section-893.13","eligible|held","fl-distribution-of-controlled-substance|fl-manufacturing-controlled-substance|fl-possession-of-controlled-substance|fl-possession-with-intent-to-distribute","false","false","true",""
"scope","893.13","","Fla. Stat. § 893.13","Prohibited acts; penalties","blocked","The section contains many differently scoped controlled-substance acts and grades. The exact cannabis-under-20-grams alias is already preserved, while the remaining broad legacy labels do not select a unique literal guilt name and conduct subdivision.","official_current_cache","2026-09-18T15:26:43.348Z","24ea1363382c208c816b76e26abe55a15f2cae5cc6f7f16a1162499cbda89291","https://www.leg.state.fl.us/statutes/index.cfm?App_mode=Display_Statute&URL=0800-0899/0893/Sections/0893.13.html","","fl-section-893.13","held","","false","false","true",""
"scope","893.13","(1)(a)","Fla. Stat. § 893.13(1)(a)","Prohibited acts; penalties","covered","An explicit eligible analyst decision covers this cited scope; it does not establish unenumerated offenses.","official_current_cache","2026-09-18T15:26:43.348Z","24ea1363382c208c816b76e26abe55a15f2cae5cc6f7f16a1162499cbda89291","https://www.leg.state.fl.us/statutes/index.cfm?App_mode=Display_Statute&URL=0800-0899/0893/Sections/0893.13.html","fl-fs-893-13-1-a-prohibited-acts-penalties","fl-fs-893-13-1-a-prohibited-acts-penalties","eligible","fl-distribution-of-controlled-substance|fl-manufacturing-controlled-substance|fl-possession-with-intent-to-distribute","false","true","true",""
"scope","893.13","(2)(a)","Fla. Stat. § 893.13(2)(a)","Prohibited acts; penalties","covered","An explicit eligible analyst decision covers this cited scope; it does not establish unenumerated offenses.","official_current_cache","2026-09-18T15:26:43.348Z","24ea1363382c208c816b76e26abe55a15f2cae5cc6f7f16a1162499cbda89291","https://www.leg.state.fl.us/statutes/index.cfm?App_mode=Display_Statute&URL=0800-0899/0893/Sections/0893.13.html","fl-fs-893-13-2-a-prohibited-acts-penalties","fl-fs-893-13-2-a-prohibited-acts-penalties","eligible","","false","false","true",""
"scope","893.13","(3)","Fla. Stat. § 893.13(3)","Prohibited acts; penalties","blocked","Technical hold: this cannabis-specific branch depends on the current medical-marijuana exclusion incorporated through § 893.02(3), but current § 381.986 is absent from the official cache.","official_current_cache","2026-09-18T15:26:43.348Z","24ea1363382c208c816b76e26abe55a15f2cae5cc6f7f16a1162499cbda89291","https://www.leg.state.fl.us/statutes/index.cfm?App_mode=Display_Statute&URL=0800-0899/0893/Sections/0893.13.html","","fl-fs-893-13-3-prohibited-acts-penalties","held","","false","false","true",""
"scope","893.13","(4)","Fla. Stat. § 893.13(4)","Prohibited acts; penalties","covered","An explicit eligible analyst decision covers this cited scope; it does not establish unenumerated offenses.","official_current_cache","2026-09-18T15:26:43.348Z","24ea1363382c208c816b76e26abe55a15f2cae5cc6f7f16a1162499cbda89291","https://www.leg.state.fl.us/statutes/index.cfm?App_mode=Display_Statute&URL=0800-0899/0893/Sections/0893.13.html","fl-fs-893-13-4-prohibited-acts-penalties","fl-fs-893-13-4-prohibited-acts-penalties","eligible","","false","false","true",""
"scope","893.13","(5)","Fla. Stat. § 893.13(5)","Prohibited acts; penalties","covered","An explicit eligible analyst decision covers this cited scope; it does not establish unenumerated offenses.","official_current_cache","2026-09-18T15:26:43.348Z","24ea1363382c208c816b76e26abe55a15f2cae5cc6f7f16a1162499cbda89291","https://www.leg.state.fl.us/statutes/index.cfm?App_mode=Display_Statute&URL=0800-0899/0893/Sections/0893.13.html","fl-fs-893-13-5-prohibited-acts-penalties","fl-fs-893-13-5-prohibited-acts-penalties","eligible","","false","false","true",""
"scope","893.13","(6)","Fla. Stat. § 893.13(6)","Prohibited acts; penalties","not_yet_analyzed","This legacy cleanup item has no explicit offense analysis and is not counted as a missing offense.","official_current_cache","2026-09-18T15:26:43.348Z","24ea1363382c208c816b76e26abe55a15f2cae5cc6f7f16a1162499cbda89291","https://www.leg.state.fl.us/statutes/index.cfm?App_mode=Display_Statute&URL=0800-0899/0893/Sections/0893.13.html","","","","fl-possession-of-controlled-substance","false","false","true",""
"scope","893.13","(6)(a)","Fla. Stat. § 893.13(6)(a)","Prohibited acts; penalties","covered","An explicit eligible analyst decision covers this cited scope; it does not establish unenumerated offenses.","official_current_cache","2026-09-18T15:26:43.348Z","24ea1363382c208c816b76e26abe55a15f2cae5cc6f7f16a1162499cbda89291","https://www.leg.state.fl.us/statutes/index.cfm?App_mode=Display_Statute&URL=0800-0899/0893/Sections/0893.13.html","fl-fs-893-13-6-a-prohibited-acts-penalties","fl-fs-893-13-6-a-prohibited-acts-penalties","eligible","","false","false","true",""
"scope","893.13","(6)(b)","Fla. Stat. § 893.13(6)(b)","Prohibited acts; penalties","covered","The current legacy manifest explicitly retains this exact cited scope; no broader section completeness is inferred.","official_current_cache","2026-09-18T15:26:43.348Z","24ea1363382c208c816b76e26abe55a15f2cae5cc6f7f16a1162499cbda89291","https://www.leg.state.fl.us/statutes/index.cfm?App_mode=Display_Statute&URL=0800-0899/0893/Sections/0893.13.html","fl-possession-of-marijuana-under-20g","","","","false","false","true",""
"section","893.015","","Fla. Stat. § 893.015","Statutory references","not_yet_analyzed","Official text is cached, but no explicit analysis establishes offense coverage.","official_current_cache","2026-09-18T15:26:43.348Z","5bdd29b74a2db085aa36e2c38840431e30d478a7105195a4791513a536f27b21","https://www.leg.state.fl.us/statutes/index.cfm?App_mode=Display_Statute&URL=0800-0899/0893/Sections/0893.015.html","","","","","false","false","false",""
"section","893.15","","Fla. Stat. § 893.15","Rehabilitation","not_yet_analyzed","Official text is cached, but no explicit analysis establishes offense coverage.","official_current_cache","2026-09-18T15:26:43.348Z","a4be8a733ea7bebc00be65911fe17d2673cc31361e1fbb1f73224cbd6f5f1864","https://www.leg.state.fl.us/statutes/index.cfm?App_mode=Display_Statute&URL=0800-0899/0893/Sections/0893.15.html","","","","","false","false","false",""
"section","893.20","","Fla. Stat. § 893.20","Continuing criminal enterprise","not_yet_analyzed","Official text is cached, but no explicit analysis establishes offense coverage.","official_current_cache","2026-09-18T15:26:43.348Z","fa357ffc5e5734a039fe40d1d7a7d1829ba2dcd9dfdba3f2cb0c097174da0c60","https://www.leg.state.fl.us/statutes/index.cfm?App_mode=Display_Statute&URL=0800-0899/0893/Sections/0893.20.html","","","","","false","false","false",""
"section","893.21","","Fla. Stat. § 893.21","Alcohol-related or drug-related overdoses; medical assistance; immunity from arrest, charge, prosecution, and penalization","not_yet_analyzed","Official text is cached, but no explicit analysis establishes offense coverage.","official_current_cache","2026-09-18T15:26:43.348Z","907ab52414c9ce3d639f14e25320a50ae790160cda1d5a12fffb92ed43aa8de2","https://www.leg.state.fl.us/statutes/index.cfm?App_mode=Display_Statute&URL=0800-0899/0893/Sections/0893.21.html","","","","","false","false","false",""
"section","893.30","","Fla. Stat. § 893.30","Controlled substance safety education and awareness","not_yet_analyzed","Official text is cached, but no explicit analysis establishes offense coverage.","official_current_cache","2026-09-18T15:26:43.348Z","5ce14a5b06222cfc855c6f3a63b24a131826810e9be04470bd700bd9d37efd97","https://www.leg.state.fl.us/statutes/index.cfm?App_mode=Display_Statute&URL=0800-0899/0893/Sections/0893.30.html","","","","","false","false","false",""
"section","893.031","","Fla. Stat. § 893.031","Industrial exceptions to controlled substance scheduling","not_yet_analyzed","Official text is cached, but no explicit analysis establishes offense coverage.","official_current_cache","2026-09-18T15:26:43.348Z","1b832abe645564bd2d8a4566def64675187c8c7edb6a711376d4f5bf0c5e2d6e","https://www.leg.state.fl.us/statutes/index.cfm?App_mode=Display_Statute&URL=0800-0899/0893/Sections/0893.031.html","","","","","false","false","false",""
"section","893.033","","Fla. Stat. § 893.033","Listed chemicals","not_yet_analyzed","Official text is cached, but no explicit analysis establishes offense coverage.","official_current_cache","2026-09-18T15:26:43.348Z","d49dff685c867e85f0dabdf574cdf9ac392cc0774ce944c17c62134169e21ffd","https://www.leg.state.fl.us/statutes/index.cfm?App_mode=Display_Statute&URL=0800-0899/0893/Sections/0893.033.html","","","","","false","false","false",""
"section","893.035","","Fla. Stat. § 893.035","Control of new substances; findings of fact; delegation of authority to Attorney General to control substances by rule","not_yet_analyzed","Official text is cached, but no explicit analysis establishes offense coverage.","official_current_cache","2026-09-18T15:26:43.348Z","58dc837ccb9bd889acc0e32119aa9fb8d080baaa98bbfce2807f61b28175a8e9","https://www.leg.state.fl.us/statutes/index.cfm?App_mode=Display_Statute&URL=0800-0899/0893/Sections/0893.035.html","","","","","false","false","false",""
"section","893.055","","Fla. Stat. § 893.055","Prescription drug monitoring program","not_yet_analyzed","Official text is cached, but no explicit analysis establishes offense coverage.","official_current_cache","2026-09-18T15:26:43.348Z","fbcb63e6ec7b0327a64c2ef9bd04d996f99cac41bdb7bac0624a961c470f9ca3","https://www.leg.state.fl.us/statutes/index.cfm?App_mode=Display_Statute&URL=0800-0899/0893/Sections/0893.055.html","","","","","false","false","false",""
"section","893.065","","Fla. Stat. § 893.065","Counterfeit-resistant prescription blanks for controlled substances listed in Schedule II, Schedule III, Schedule IV, or Schedule V","not_yet_analyzed","Official text is cached, but no explicit analysis establishes offense coverage.","official_current_cache","2026-09-18T15:26:43.348Z","703c5502053716d660ff9ba51a159a5ea87bcafbf389d2f0bb0d964408d9ab4e","https://www.leg.state.fl.us/statutes/index.cfm?App_mode=Display_Statute&URL=0800-0899/0893/Sections/0893.065.html","","","","","false","false","false",""
"section","893.101","","Fla. Stat. § 893.101","Legislative findings and intent","not_yet_analyzed","Official text is cached, but no explicit analysis establishes offense coverage.","official_current_cache","2026-09-18T15:26:43.348Z","8176da80ba7f86ca86e3bd498f024dc09c53eac7d14d76482f3ad940d3d8c2aa","https://www.leg.state.fl.us/statutes/index.cfm?App_mode=Display_Statute&URL=0800-0899/0893/Sections/0893.101.html","","","","","false","false","false",""
"section","893.105","","Fla. Stat. § 893.105","Testing and destruction of seized substances","not_yet_analyzed","Official text is cached, but no explicit analysis establishes offense coverage.","official_current_cache","2026-09-18T15:26:43.348Z","fe4310741e1a1fb34c40acdad89f31fa306fd85cb49c5f5eadd2734448b804b4","https://www.leg.state.fl.us/statutes/index.cfm?App_mode=Display_Statute&URL=0800-0899/0893/Sections/0893.105.html","","","","","false","false","false",""
"section","893.131","","Fla. Stat. § 893.131","Distribution of controlled substances resulting in overdose or serious bodily injury","not_yet_analyzed","Official text is cached, but no explicit analysis establishes offense coverage.","official_current_cache","2026-09-18T15:26:43.348Z","ebbd8801eedbf8c030b64ff8de2f8abf8b7dca695a139d64c7a52cb607bb1efe","https://www.leg.state.fl.us/statutes/index.cfm?App_mode=Display_Statute&URL=0800-0899/0893/Sections/0893.131.html","","","","","false","false","false",""
"section","893.132","","Fla. Stat. § 893.132","Dangerous fentanyl exposure of first responder resulting in overdose or serious bodily injury","not_yet_analyzed","Official text is cached, but no explicit analysis establishes offense coverage.","official_current_cache","2026-09-18T15:26:43.348Z","dace5f2ff053450c1bcd839e50ab1e0d9a1e320f9d8558062fc6597f7cbc0637","https://www.leg.state.fl.us/statutes/index.cfm?App_mode=Display_Statute&URL=0800-0899/0893/Sections/0893.132.html","","","","","false","false","false",""
"section","893.135","","Fla. Stat. § 893.135","Trafficking; mandatory sentences; suspension or reduction of sentences; conspiracy to engage in trafficking","partially_covered","One or more cited scopes map to selectable records; no statewide offense denominator or complete branch analysis proves the entire section covered.","official_current_cache","2026-09-18T15:26:43.348Z","89e02bc5def35b31b0dd48d21b0d1b7f77c477dd5fd3a34cd41524cbdcae4b3f","https://www.leg.state.fl.us/statutes/index.cfm?App_mode=Display_Statute&URL=0800-0899/0893/Sections/0893.135.html","fl-fs-893-135-1-b-1-trafficking-in-cocaine|fl-fs-893-135-1-c-1-trafficking-in-illegal-drugs|fl-fs-893-135-1-c-2-trafficking-in-hydrocodone|fl-fs-893-135-1-c-3-trafficking-in-oxycodone|fl-fs-893-135-1-c-4-a-trafficking-in-dangerous-fentanyl-or-fentanyl-analogues|fl-fs-893-135-1-c-7-trafficking-in-xylazine|fl-fs-893-135-1-d-1-trafficking-in-phencyclidine|fl-fs-893-135-1-e-1-trafficking-in-methaqualone|fl-fs-893-135-1-f-1-trafficking-in-amphetamine|fl-fs-893-135-1-g-1-trafficking-in-flunitrazepam|fl-fs-893-135-1-h-1-trafficking-in-gamma-hydroxybutyric-acid-ghb|fl-fs-893-135-1-i-1-trafficking-in-gamma-butyrolactone-gbl|fl-fs-893-135-1-j-1-trafficking-in-1-4-butanediol|fl-fs-893-135-1-k-1-trafficking-in-phenethylamines|fl-fs-893-135-1-l-1-trafficking-in-lysergic-acid-diethylamide-lsd|fl-fs-893-135-1-m-1-trafficking-in-synthetic-cannabinoids|fl-fs-893-135-1-n-1-trafficking-in-n-benzyl-phenethylamines","fl-fs-893-135-1-b-1-trafficking-in-cocaine|fl-fs-893-135-1-c-1-trafficking-in-illegal-drugs|fl-fs-893-135-1-c-2-trafficking-in-hydrocodone|fl-fs-893-135-1-c-3-trafficking-in-oxycodone|fl-fs-893-135-1-c-4-a-trafficking-in-dangerous-fentanyl-or-fentanyl-analogues|fl-fs-893-135-1-c-7-trafficking-in-xylazine|fl-fs-893-135-1-d-1-trafficking-in-phencyclidine|fl-fs-893-135-1-e-1-trafficking-in-methaqualone|fl-fs-893-135-1-f-1-trafficking-in-amphetamine|fl-fs-893-135-1-g-1-trafficking-in-flunitrazepam|fl-fs-893-135-1-h-1-trafficking-in-gamma-hydroxybutyric-acid-ghb|fl-fs-893-135-1-i-1-trafficking-in-gamma-butyrolactone-gbl|fl-fs-893-135-1-j-1-trafficking-in-1-4-butanediol|fl-fs-893-135-1-k-1-trafficking-in-phenethylamines|fl-fs-893-135-1-l-1-trafficking-in-lysergic-acid-diethylamide-lsd|fl-fs-893-135-1-m-1-trafficking-in-synthetic-cannabinoids|fl-fs-893-135-1-n-1-trafficking-in-n-benzyl-phenethylamines","eligible","fl-drug-trafficking","false","false","false",""
"scope","893.135","","Fla. Stat. § 893.135","Trafficking; mandatory sentences; suspension or reduction of sentences; conspiracy to engage in trafficking","not_yet_analyzed","This legacy cleanup item has no explicit offense analysis and is not counted as a missing offense.","official_current_cache","2026-09-18T15:26:43.348Z","89e02bc5def35b31b0dd48d21b0d1b7f77c477dd5fd3a34cd41524cbdcae4b3f","https://www.leg.state.fl.us/statutes/index.cfm?App_mode=Display_Statute&URL=0800-0899/0893/Sections/0893.135.html","","","","fl-drug-trafficking","false","false","false",""
"scope","893.135","(1)(b)1.","Fla. Stat. § 893.135(1)(b)1.","Trafficking; mandatory sentences; suspension or reduction of sentences; conspiracy to engage in trafficking","covered","An explicit eligible analyst decision covers this cited scope; it does not establish unenumerated offenses.","official_current_cache","2026-09-18T15:26:43.348Z","89e02bc5def35b31b0dd48d21b0d1b7f77c477dd5fd3a34cd41524cbdcae4b3f","https://www.leg.state.fl.us/statutes/index.cfm?App_mode=Display_Statute&URL=0800-0899/0893/Sections/0893.135.html","fl-fs-893-135-1-b-1-trafficking-in-cocaine","fl-fs-893-135-1-b-1-trafficking-in-cocaine","eligible","","false","false","false",""
"scope","893.135","(1)(c)1.","Fla. Stat. § 893.135(1)(c)1.","Trafficking; mandatory sentences; suspension or reduction of sentences; conspiracy to engage in trafficking","covered","An explicit eligible analyst decision covers this cited scope; it does not establish unenumerated offenses.","official_current_cache","2026-09-18T15:26:43.348Z","89e02bc5def35b31b0dd48d21b0d1b7f77c477dd5fd3a34cd41524cbdcae4b3f","https://www.leg.state.fl.us/statutes/index.cfm?App_mode=Display_Statute&URL=0800-0899/0893/Sections/0893.135.html","fl-fs-893-135-1-c-1-trafficking-in-illegal-drugs","fl-fs-893-135-1-c-1-trafficking-in-illegal-drugs","eligible","","false","false","false",""
"scope","893.135","(1)(c)2.","Fla. Stat. § 893.135(1)(c)2.","Trafficking; mandatory sentences; suspension or reduction of sentences; conspiracy to engage in trafficking","covered","An explicit eligible analyst decision covers this cited scope; it does not establish unenumerated offenses.","official_current_cache","2026-09-18T15:26:43.348Z","89e02bc5def35b31b0dd48d21b0d1b7f77c477dd5fd3a34cd41524cbdcae4b3f","https://www.leg.state.fl.us/statutes/index.cfm?App_mode=Display_Statute&URL=0800-0899/0893/Sections/0893.135.html","fl-fs-893-135-1-c-2-trafficking-in-hydrocodone","fl-fs-893-135-1-c-2-trafficking-in-hydrocodone","eligible","","false","false","false",""
"scope","893.135","(1)(c)3.","Fla. Stat. § 893.135(1)(c)3.","Trafficking; mandatory sentences; suspension or reduction of sentences; conspiracy to engage in trafficking","covered","An explicit eligible analyst decision covers this cited scope; it does not establish unenumerated offenses.","official_current_cache","2026-09-18T15:26:43.348Z","89e02bc5def35b31b0dd48d21b0d1b7f77c477dd5fd3a34cd41524cbdcae4b3f","https://www.leg.state.fl.us/statutes/index.cfm?App_mode=Display_Statute&URL=0800-0899/0893/Sections/0893.135.html","fl-fs-893-135-1-c-3-trafficking-in-oxycodone","fl-fs-893-135-1-c-3-trafficking-in-oxycodone","eligible","","false","false","false",""
"scope","893.135","(1)(c)4.a.","Fla. Stat. § 893.135(1)(c)4.a.","Trafficking; mandatory sentences; suspension or reduction of sentences; conspiracy to engage in trafficking","covered","An explicit eligible analyst decision covers this cited scope; it does not establish unenumerated offenses.","official_current_cache","2026-09-18T15:26:43.348Z","89e02bc5def35b31b0dd48d21b0d1b7f77c477dd5fd3a34cd41524cbdcae4b3f","https://www.leg.state.fl.us/statutes/index.cfm?App_mode=Display_Statute&URL=0800-0899/0893/Sections/0893.135.html","fl-fs-893-135-1-c-4-a-trafficking-in-dangerous-fentanyl-or-fentanyl-analogues","fl-fs-893-135-1-c-4-a-trafficking-in-dangerous-fentanyl-or-fentanyl-analogues","eligible","","false","false","false",""
"scope","893.135","(1)(c)7.","Fla. Stat. § 893.135(1)(c)7.","Trafficking; mandatory sentences; suspension or reduction of sentences; conspiracy to engage in trafficking","covered","An explicit eligible analyst decision covers this cited scope; it does not establish unenumerated offenses.","official_current_cache","2026-09-18T15:26:43.348Z","89e02bc5def35b31b0dd48d21b0d1b7f77c477dd5fd3a34cd41524cbdcae4b3f","https://www.leg.state.fl.us/statutes/index.cfm?App_mode=Display_Statute&URL=0800-0899/0893/Sections/0893.135.html","fl-fs-893-135-1-c-7-trafficking-in-xylazine","fl-fs-893-135-1-c-7-trafficking-in-xylazine","eligible","","false","false","false",""
"scope","893.135","(1)(d)1.","Fla. Stat. § 893.135(1)(d)1.","Trafficking; mandatory sentences; suspension or reduction of sentences; conspiracy to engage in trafficking","covered","An explicit eligible analyst decision covers this cited scope; it does not establish unenumerated offenses.","official_current_cache","2026-09-18T15:26:43.348Z","89e02bc5def35b31b0dd48d21b0d1b7f77c477dd5fd3a34cd41524cbdcae4b3f","https://www.leg.state.fl.us/statutes/index.cfm?App_mode=Display_Statute&URL=0800-0899/0893/Sections/0893.135.html","fl-fs-893-135-1-d-1-trafficking-in-phencyclidine","fl-fs-893-135-1-d-1-trafficking-in-phencyclidine","eligible","","false","false","false",""
"scope","893.135","(1)(e)1.","Fla. Stat. § 893.135(1)(e)1.","Trafficking; mandatory sentences; suspension or reduction of sentences; conspiracy to engage in trafficking","covered","An explicit eligible analyst decision covers this cited scope; it does not establish unenumerated offenses.","official_current_cache","2026-09-18T15:26:43.348Z","89e02bc5def35b31b0dd48d21b0d1b7f77c477dd5fd3a34cd41524cbdcae4b3f","https://www.leg.state.fl.us/statutes/index.cfm?App_mode=Display_Statute&URL=0800-0899/0893/Sections/0893.135.html","fl-fs-893-135-1-e-1-trafficking-in-methaqualone","fl-fs-893-135-1-e-1-trafficking-in-methaqualone","eligible","","false","false","false",""
"scope","893.135","(1)(f)1.","Fla. Stat. § 893.135(1)(f)1.","Trafficking; mandatory sentences; suspension or reduction of sentences; conspiracy to engage in trafficking","covered","An explicit eligible analyst decision covers this cited scope; it does not establish unenumerated offenses.","official_current_cache","2026-09-18T15:26:43.348Z","89e02bc5def35b31b0dd48d21b0d1b7f77c477dd5fd3a34cd41524cbdcae4b3f","https://www.leg.state.fl.us/statutes/index.cfm?App_mode=Display_Statute&URL=0800-0899/0893/Sections/0893.135.html","fl-fs-893-135-1-f-1-trafficking-in-amphetamine","fl-fs-893-135-1-f-1-trafficking-in-amphetamine","eligible","","false","false","false",""
"scope","893.135","(1)(g)1.","Fla. Stat. § 893.135(1)(g)1.","Trafficking; mandatory sentences; suspension or reduction of sentences; conspiracy to engage in trafficking","covered","An explicit eligible analyst decision covers this cited scope; it does not establish unenumerated offenses.","official_current_cache","2026-09-18T15:26:43.348Z","89e02bc5def35b31b0dd48d21b0d1b7f77c477dd5fd3a34cd41524cbdcae4b3f","https://www.leg.state.fl.us/statutes/index.cfm?App_mode=Display_Statute&URL=0800-0899/0893/Sections/0893.135.html","fl-fs-893-135-1-g-1-trafficking-in-flunitrazepam","fl-fs-893-135-1-g-1-trafficking-in-flunitrazepam","eligible","","false","false","false",""
"scope","893.135","(1)(h)1.","Fla. Stat. § 893.135(1)(h)1.","Trafficking; mandatory sentences; suspension or reduction of sentences; conspiracy to engage in trafficking","covered","An explicit eligible analyst decision covers this cited scope; it does not establish unenumerated offenses.","official_current_cache","2026-09-18T15:26:43.348Z","89e02bc5def35b31b0dd48d21b0d1b7f77c477dd5fd3a34cd41524cbdcae4b3f","https://www.leg.state.fl.us/statutes/index.cfm?App_mode=Display_Statute&URL=0800-0899/0893/Sections/0893.135.html","fl-fs-893-135-1-h-1-trafficking-in-gamma-hydroxybutyric-acid-ghb","fl-fs-893-135-1-h-1-trafficking-in-gamma-hydroxybutyric-acid-ghb","eligible","","false","false","false",""
"scope","893.135","(1)(i)1.","Fla. Stat. § 893.135(1)(i)1.","Trafficking; mandatory sentences; suspension or reduction of sentences; conspiracy to engage in trafficking","covered","An explicit eligible analyst decision covers this cited scope; it does not establish unenumerated offenses.","official_current_cache","2026-09-18T15:26:43.348Z","89e02bc5def35b31b0dd48d21b0d1b7f77c477dd5fd3a34cd41524cbdcae4b3f","https://www.leg.state.fl.us/statutes/index.cfm?App_mode=Display_Statute&URL=0800-0899/0893/Sections/0893.135.html","fl-fs-893-135-1-i-1-trafficking-in-gamma-butyrolactone-gbl","fl-fs-893-135-1-i-1-trafficking-in-gamma-butyrolactone-gbl","eligible","","false","false","false",""
"scope","893.135","(1)(j)1.","Fla. Stat. § 893.135(1)(j)1.","Trafficking; mandatory sentences; suspension or reduction of sentences; conspiracy to engage in trafficking","covered","An explicit eligible analyst decision covers this cited scope; it does not establish unenumerated offenses.","official_current_cache","2026-09-18T15:26:43.348Z","89e02bc5def35b31b0dd48d21b0d1b7f77c477dd5fd3a34cd41524cbdcae4b3f","https://www.leg.state.fl.us/statutes/index.cfm?App_mode=Display_Statute&URL=0800-0899/0893/Sections/0893.135.html","fl-fs-893-135-1-j-1-trafficking-in-1-4-butanediol","fl-fs-893-135-1-j-1-trafficking-in-1-4-butanediol","eligible","","false","false","false",""
"scope","893.135","(1)(k)1.","Fla. Stat. § 893.135(1)(k)1.","Trafficking; mandatory sentences; suspension or reduction of sentences; conspiracy to engage in trafficking","covered","An explicit eligible analyst decision covers this cited scope; it does not establish unenumerated offenses.","official_current_cache","2026-09-18T15:26:43.348Z","89e02bc5def35b31b0dd48d21b0d1b7f77c477dd5fd3a34cd41524cbdcae4b3f","https://www.leg.state.fl.us/statutes/index.cfm?App_mode=Display_Statute&URL=0800-0899/0893/Sections/0893.135.html","fl-fs-893-135-1-k-1-trafficking-in-phenethylamines","fl-fs-893-135-1-k-1-trafficking-in-phenethylamines","eligible","","false","false","false",""
"scope","893.135","(1)(l)1.","Fla. Stat. § 893.135(1)(l)1.","Trafficking; mandatory sentences; suspension or reduction of sentences; conspiracy to engage in trafficking","covered","An explicit eligible analyst decision covers this cited scope; it does not establish unenumerated offenses.","official_current_cache","2026-09-18T15:26:43.348Z","89e02bc5def35b31b0dd48d21b0d1b7f77c477dd5fd3a34cd41524cbdcae4b3f","https://www.leg.state.fl.us/statutes/index.cfm?App_mode=Display_Statute&URL=0800-0899/0893/Sections/0893.135.html","fl-fs-893-135-1-l-1-trafficking-in-lysergic-acid-diethylamide-lsd","fl-fs-893-135-1-l-1-trafficking-in-lysergic-acid-diethylamide-lsd","eligible","","false","false","false",""
"scope","893.135","(1)(m)1.","Fla. Stat. § 893.135(1)(m)1.","Trafficking; mandatory sentences; suspension or reduction of sentences; conspiracy to engage in trafficking","covered","An explicit eligible analyst decision covers this cited scope; it does not establish unenumerated offenses.","official_current_cache","2026-09-18T15:26:43.348Z","89e02bc5def35b31b0dd48d21b0d1b7f77c477dd5fd3a34cd41524cbdcae4b3f","https://www.leg.state.fl.us/statutes/index.cfm?App_mode=Display_Statute&URL=0800-0899/0893/Sections/0893.135.html","fl-fs-893-135-1-m-1-trafficking-in-synthetic-cannabinoids","fl-fs-893-135-1-m-1-trafficking-in-synthetic-cannabinoids","eligible","","false","false","false",""
"scope","893.135","(1)(n)1.","Fla. Stat. § 893.135(1)(n)1.","Trafficking; mandatory sentences; suspension or reduction of sentences; conspiracy to engage in trafficking","covered","An explicit eligible analyst decision covers this cited scope; it does not establish unenumerated offenses.","official_current_cache","2026-09-18T15:26:43.348Z","89e02bc5def35b31b0dd48d21b0d1b7f77c477dd5fd3a34cd41524cbdcae4b3f","https://www.leg.state.fl.us/statutes/index.cfm?App_mode=Display_Statute&URL=0800-0899/0893/Sections/0893.135.html","fl-fs-893-135-1-n-1-trafficking-in-n-benzyl-phenethylamines","fl-fs-893-135-1-n-1-trafficking-in-n-benzyl-phenethylamines","eligible","","false","false","false",""
"section","893.138","","Fla. Stat. § 893.138","Local administrative action to abate certain activities declared public nuisances","not_yet_analyzed","Official text is cached, but no explicit analysis establishes offense coverage.","official_current_cache","2026-09-18T15:26:43.348Z","0201761c96f20e8eff1e92191ba53828beaeb0bde943ffb53bc56a3e1a45fc11","https://www.leg.state.fl.us/statutes/index.cfm?App_mode=Display_Statute&URL=0800-0899/0893/Sections/0893.138.html","","","","","false","false","false",""
"section","893.145","","Fla. Stat. § 893.145","“Drug paraphernalia” defined","not_yet_analyzed","Official text is cached, but no explicit analysis establishes offense coverage.","official_current_cache","2026-09-18T15:26:43.348Z","d9a2d3ad35d00cd483160e5fdc42cfece961cd466e04c58230f67faed79cafc0","https://www.leg.state.fl.us/statutes/index.cfm?App_mode=Display_Statute&URL=0800-0899/0893/Sections/0893.145.html","","","","","false","false","false",""
"section","893.146","","Fla. Stat. § 893.146","Determination of paraphernalia","not_yet_analyzed","Official text is cached, but no explicit analysis establishes offense coverage.","official_current_cache","2026-09-18T15:26:43.348Z","6c035d842446eb83dde84b6c2febdff49cff7e003e58413db4ee5a08a25dd484","https://www.leg.state.fl.us/statutes/index.cfm?App_mode=Display_Statute&URL=0800-0899/0893/Sections/0893.146.html","","","","","false","false","false",""
"section","893.147","","Fla. Stat. § 893.147","Use, possession, manufacture, delivery, transportation, advertisement, or retail sale of drug paraphernalia, specified machines, and materials","partially_covered","One or more cited scopes map to selectable records; no statewide offense denominator or complete branch analysis proves the entire section covered.","official_current_cache","2026-09-18T15:26:43.348Z","d087a2f6005abfe8a24146886d094031a6c97758d2cb684073db085a562ed536","https://www.leg.state.fl.us/statutes/index.cfm?App_mode=Display_Statute&URL=0800-0899/0893/Sections/0893.147.html","fl-fs-893-147-1-use-possession-manufacture-delivery-transportation-advertisement-or-retail-sale-of-drug-paraphernalia-specified-machines-and-materials|fl-fs-893-147-2-use-possession-manufacture-delivery-transportation-advertisement-or-retail-sale-of-drug-paraphernalia-specified-machines-and-materials|fl-fs-893-147-3-a-use-possession-manufacture-delivery-transportation-advertisement-or-retail-sale-of-drug-paraphernalia-specified-machines-and-materials|fl-fs-893-147-3-b-use-possession-manufacture-delivery-transportation-advertisement-or-retail-sale-of-drug-paraphernalia-specified-machines-and-materials|fl-fs-893-147-4-a-use-possession-manufacture-delivery-transportation-advertisement-or-retail-sale-of-drug-paraphernalia-specified-machines-and-materials|fl-fs-893-147-5-use-possession-manufacture-delivery-transportation-advertisement-or-retail-sale-of-drug-paraphernalia-specified-machines-and-materials|fl-fs-893-147-6-use-possession-manufacture-delivery-transportation-advertisement-or-retail-sale-of-drug-paraphernalia-specified-machines-and-materials","fl-fs-893-147-1-use-possession-manufacture-delivery-transportation-advertisement-or-retail-sale-of-drug-paraphernalia-specified-machines-and-materials|fl-fs-893-147-2-use-possession-manufacture-delivery-transportation-advertisement-or-retail-sale-of-drug-paraphernalia-specified-machines-and-materials|fl-fs-893-147-3-a-use-possession-manufacture-delivery-transportation-advertisement-or-retail-sale-of-drug-paraphernalia-specified-machines-and-materials|fl-fs-893-147-3-b-use-possession-manufacture-delivery-transportation-advertisement-or-retail-sale-of-drug-paraphernalia-specified-machines-and-materials|fl-fs-893-147-4-a-use-possession-manufacture-delivery-transportation-advertisement-or-retail-sale-of-drug-paraphernalia-specified-machines-and-materials|fl-fs-893-147-4-b-use-possession-manufacture-delivery-transportation-advertisement-or-retail-sale-of-drug-paraphernalia-specified-machines-and-materials|fl-fs-893-147-5-use-possession-manufacture-delivery-transportation-advertisement-or-retail-sale-of-drug-paraphernalia-specified-machines-and-materials|fl-fs-893-147-6-use-possession-manufacture-delivery-transportation-advertisement-or-retail-sale-of-drug-paraphernalia-specified-machines-and-materials|fl-fs-893-147-7-use-possession-manufacture-delivery-transportation-advertisement-or-retail-sale-of-drug-paraphernalia-specified-machines-and-materials|fl-section-893.147","eligible|held","fl-possession-of-drug-paraphernalia","false","false","true",""
"scope","893.147","","Fla. Stat. § 893.147","Use, possession, manufacture, delivery, transportation, advertisement, or retail sale of drug paraphernalia, specified machines, and materials","blocked","The section covers separately graded use/possession, manufacture/delivery, advertising, transport, retail, and specified-machine conduct without distinct operative offense names; the legacy possession row does not authorize a new broad-section definition.","official_current_cache","2026-09-18T15:26:43.348Z","d087a2f6005abfe8a24146886d094031a6c97758d2cb684073db085a562ed536","https://www.leg.state.fl.us/statutes/index.cfm?App_mode=Display_Statute&URL=0800-0899/0893/Sections/0893.147.html","","fl-section-893.147","held","","false","false","true",""
"scope","893.147","(1)","Fla. Stat. § 893.147(1)","Use, possession, manufacture, delivery, transportation, advertisement, or retail sale of drug paraphernalia, specified machines, and materials","covered","An explicit eligible analyst decision covers this cited scope; it does not establish unenumerated offenses.","official_current_cache","2026-09-18T15:26:43.348Z","d087a2f6005abfe8a24146886d094031a6c97758d2cb684073db085a562ed536","https://www.leg.state.fl.us/statutes/index.cfm?App_mode=Display_Statute&URL=0800-0899/0893/Sections/0893.147.html","fl-fs-893-147-1-use-possession-manufacture-delivery-transportation-advertisement-or-retail-sale-of-drug-paraphernalia-specified-machines-and-materials","fl-fs-893-147-1-use-possession-manufacture-delivery-transportation-advertisement-or-retail-sale-of-drug-paraphernalia-specified-machines-and-materials","eligible","fl-possession-of-drug-paraphernalia","false","true","true",""
"scope","893.147","(2)","Fla. Stat. § 893.147(2)","Use, possession, manufacture, delivery, transportation, advertisement, or retail sale of drug paraphernalia, specified machines, and materials","covered","An explicit eligible analyst decision covers this cited scope; it does not establish unenumerated offenses.","official_current_cache","2026-09-18T15:26:43.348Z","d087a2f6005abfe8a24146886d094031a6c97758d2cb684073db085a562ed536","https://www.leg.state.fl.us/statutes/index.cfm?App_mode=Display_Statute&URL=0800-0899/0893/Sections/0893.147.html","fl-fs-893-147-2-use-possession-manufacture-delivery-transportation-advertisement-or-retail-sale-of-drug-paraphernalia-specified-machines-and-materials","fl-fs-893-147-2-use-possession-manufacture-delivery-transportation-advertisement-or-retail-sale-of-drug-paraphernalia-specified-machines-and-materials","eligible","","false","false","true",""
"scope","893.147","(3)(a)","Fla. Stat. § 893.147(3)(a)","Use, possession, manufacture, delivery, transportation, advertisement, or retail sale of drug paraphernalia, specified machines, and materials","covered","An explicit eligible analyst decision covers this cited scope; it does not establish unenumerated offenses.","official_current_cache","2026-09-18T15:26:43.348Z","d087a2f6005abfe8a24146886d094031a6c97758d2cb684073db085a562ed536","https://www.leg.state.fl.us/statutes/index.cfm?App_mode=Display_Statute&URL=0800-0899/0893/Sections/0893.147.html","fl-fs-893-147-3-a-use-possession-manufacture-delivery-transportation-advertisement-or-retail-sale-of-drug-paraphernalia-specified-machines-and-materials","fl-fs-893-147-3-a-use-possession-manufacture-delivery-transportation-advertisement-or-retail-sale-of-drug-paraphernalia-specified-machines-and-materials","eligible","","false","false","true",""
"scope","893.147","(3)(b)","Fla. Stat. § 893.147(3)(b)","Use, possession, manufacture, delivery, transportation, advertisement, or retail sale of drug paraphernalia, specified machines, and materials","covered","An explicit eligible analyst decision covers this cited scope; it does not establish unenumerated offenses.","official_current_cache","2026-09-18T15:26:43.348Z","d087a2f6005abfe8a24146886d094031a6c97758d2cb684073db085a562ed536","https://www.leg.state.fl.us/statutes/index.cfm?App_mode=Display_Statute&URL=0800-0899/0893/Sections/0893.147.html","fl-fs-893-147-3-b-use-possession-manufacture-delivery-transportation-advertisement-or-retail-sale-of-drug-paraphernalia-specified-machines-and-materials","fl-fs-893-147-3-b-use-possession-manufacture-delivery-transportation-advertisement-or-retail-sale-of-drug-paraphernalia-specified-machines-and-materials","eligible","","false","false","true",""
"scope","893.147","(4)(a)","Fla. Stat. § 893.147(4)(a)","Use, possession, manufacture, delivery, transportation, advertisement, or retail sale of drug paraphernalia, specified machines, and materials","covered","An explicit eligible analyst decision covers this cited scope; it does not establish unenumerated offenses.","official_current_cache","2026-09-18T15:26:43.348Z","d087a2f6005abfe8a24146886d094031a6c97758d2cb684073db085a562ed536","https://www.leg.state.fl.us/statutes/index.cfm?App_mode=Display_Statute&URL=0800-0899/0893/Sections/0893.147.html","fl-fs-893-147-4-a-use-possession-manufacture-delivery-transportation-advertisement-or-retail-sale-of-drug-paraphernalia-specified-machines-and-materials","fl-fs-893-147-4-a-use-possession-manufacture-delivery-transportation-advertisement-or-retail-sale-of-drug-paraphernalia-specified-machines-and-materials","eligible","","false","false","true",""
"scope","893.147","(4)(b)","Fla. Stat. § 893.147(4)(b)","Use, possession, manufacture, delivery, transportation, advertisement, or retail sale of drug paraphernalia, specified machines, and materials","blocked","Technical hold: paragraph (4)(b) incorporates the contraband definition in § 932.701(2)(a)1., and current § 932.701 is absent from the official cache.","official_current_cache","2026-09-18T15:26:43.348Z","d087a2f6005abfe8a24146886d094031a6c97758d2cb684073db085a562ed536","https://www.leg.state.fl.us/statutes/index.cfm?App_mode=Display_Statute&URL=0800-0899/0893/Sections/0893.147.html","","fl-fs-893-147-4-b-use-possession-manufacture-delivery-transportation-advertisement-or-retail-sale-of-drug-paraphernalia-specified-machines-and-materials","held","","false","false","true",""
"scope","893.147","(5)","Fla. Stat. § 893.147(5)","Use, possession, manufacture, delivery, transportation, advertisement, or retail sale of drug paraphernalia, specified machines, and materials","covered","An explicit eligible analyst decision covers this cited scope; it does not establish unenumerated offenses.","official_current_cache","2026-09-18T15:26:43.348Z","d087a2f6005abfe8a24146886d094031a6c97758d2cb684073db085a562ed536","https://www.leg.state.fl.us/statutes/index.cfm?App_mode=Display_Statute&URL=0800-0899/0893/Sections/0893.147.html","fl-fs-893-147-5-use-possession-manufacture-delivery-transportation-advertisement-or-retail-sale-of-drug-paraphernalia-specified-machines-and-materials","fl-fs-893-147-5-use-possession-manufacture-delivery-transportation-advertisement-or-retail-sale-of-drug-paraphernalia-specified-machines-and-materials","eligible","","false","false","true",""
"scope","893.147","(6)","Fla. Stat. § 893.147(6)","Use, possession, manufacture, delivery, transportation, advertisement, or retail sale of drug paraphernalia, specified machines, and materials","covered","An explicit eligible analyst decision covers this cited scope; it does not establish unenumerated offenses.","official_current_cache","2026-09-18T15:26:43.348Z","d087a2f6005abfe8a24146886d094031a6c97758d2cb684073db085a562ed536","https://www.leg.state.fl.us/statutes/index.cfm?App_mode=Display_Statute&URL=0800-0899/0893/Sections/0893.147.html","fl-fs-893-147-6-use-possession-manufacture-delivery-transportation-advertisement-or-retail-sale-of-drug-paraphernalia-specified-machines-and-materials","fl-fs-893-147-6-use-possession-manufacture-delivery-transportation-advertisement-or-retail-sale-of-drug-paraphernalia-specified-machines-and-materials","eligible","","false","false","true",""
"scope","893.147","(7)","Fla. Stat. § 893.147(7)","Use, possession, manufacture, delivery, transportation, advertisement, or retail sale of drug paraphernalia, specified machines, and materials","blocked","Technical hold: subsection (7) incorporates current federal definitions and compliance conditions in 21 U.S.C. §§ 802, 822, and 830, the counterfeit-controlled-substance definition in § 831.31(2), and the § 381.986 licensing exception in paragraph (7)(b)3.; those current dependencies are absent from the official cache.","official_current_cache","2026-09-18T15:26:43.348Z","d087a2f6005abfe8a24146886d094031a6c97758d2cb684073db085a562ed536","https://www.leg.state.fl.us/statutes/index.cfm?App_mode=Display_Statute&URL=0800-0899/0893/Sections/0893.147.html","","fl-fs-893-147-7-use-possession-manufacture-delivery-transportation-advertisement-or-retail-sale-of-drug-paraphernalia-specified-machines-and-materials","held","","false","false","true",""
"section","893.149","","Fla. Stat. § 893.149","Unlawful possession of listed chemical","not_yet_analyzed","Official text is cached, but no explicit analysis establishes offense coverage.","official_current_cache","2026-09-18T15:26:43.348Z","74bd81db2924ac2303445f7d34c302e12d25336e119eeb6c54c6b11dc31d8ab3","https://www.leg.state.fl.us/statutes/index.cfm?App_mode=Display_Statute&URL=0800-0899/0893/Sections/0893.149.html","","","","","false","false","false",""
"section","893.165","","Fla. Stat. § 893.165","County alcohol and other drug abuse treatment or education trust funds","not_yet_analyzed","Official text is cached, but no explicit analysis establishes offense coverage.","official_current_cache","2026-09-18T15:26:43.348Z","0bd0bb52a0bee4b83b40eee72d4b55263c9839baaa6e5d5dc9632d46d187a808","https://www.leg.state.fl.us/statutes/index.cfm?App_mode=Display_Statute&URL=0800-0899/0893/Sections/0893.165.html","","","","","false","false","false",""
"section","893.0301","","Fla. Stat. § 893.0301","Death resulting from apparent drug overdose; reporting requirements","not_yet_analyzed","Official text is cached, but no explicit analysis establishes offense coverage.","official_current_cache","2026-09-18T15:26:43.348Z","c89cc05286deaad5bc697c2e4427300d8395c9ddb2d2f6158f07172caf5c3ea8","https://www.leg.state.fl.us/statutes/index.cfm?App_mode=Display_Statute&URL=0800-0899/0893/Sections/0893.0301.html","","","","","false","false","false",""
"section","893.0355","","Fla. Stat. § 893.0355","Control of scheduled substances; delegation of authority to Attorney General to reschedule substance, or delete substance, by rule","not_yet_analyzed","Official text is cached, but no explicit analysis establishes offense coverage.","official_current_cache","2026-09-18T15:26:43.348Z","d251121020a49276cdc63fc0aa79d7665a9d8f9f976c05701888ee282a85fd2c","https://www.leg.state.fl.us/statutes/index.cfm?App_mode=Display_Statute&URL=0800-0899/0893/Sections/0893.0355.html","","","","","false","false","false",""
"section","893.0356","","Fla. Stat. § 893.0356","Control of new substances; findings of fact; “controlled substance analog” defined","not_yet_analyzed","Official text is cached, but no explicit analysis establishes offense coverage.","official_current_cache","2026-09-18T15:26:43.348Z","350a72e184f80c7a03907c19b1d518388071fd9420823e0a77bdebafb4cee7d6","https://www.leg.state.fl.us/statutes/index.cfm?App_mode=Display_Statute&URL=0800-0899/0893/Sections/0893.0356.html","","","","","false","false","false",""
"section","893.0551","","Fla. Stat. § 893.0551","Public records exemption for the prescription drug monitoring program","not_yet_analyzed","Official text is cached, but no explicit analysis establishes offense coverage.","official_current_cache","2026-09-18T15:26:43.348Z","56fc5b13d6fe290ebd4abc9be2269718b87eb85021b8918ed4e3fe4806af5e54","https://www.leg.state.fl.us/statutes/index.cfm?App_mode=Display_Statute&URL=0800-0899/0893/Sections/0893.0551.html","","","","","false","false","false",""
"section","893.1351","","Fla. Stat. § 893.1351","Ownership, lease, rental, or possession for trafficking in or manufacturing a controlled substance","blocked","The section has analysis decisions, but no scope in this section is a current runtime selection.","official_current_cache","2026-09-18T15:26:43.348Z","40fbccfa0c0057b55eef155e9c22d0b8eb0a7bd373b61f03c68a0de717e3a906","https://www.leg.state.fl.us/statutes/index.cfm?App_mode=Display_Statute&URL=0800-0899/0893/Sections/0893.1351.html","","fl-section-893.1351","held","fl-maintaining-drug-house","false","false","false",""
"scope","893.1351","","Fla. Stat. § 893.1351","Ownership, lease, rental, or possession for trafficking in or manufacturing a controlled substance","blocked","The current section contains multiple premise-control offenses and aggravating conditions, while the bare-section legacy label does not select an exact conduct subdivision and the clauses do not state a distinct literal offense name.","official_current_cache","2026-09-18T15:26:43.348Z","40fbccfa0c0057b55eef155e9c22d0b8eb0a7bd373b61f03c68a0de717e3a906","https://www.leg.state.fl.us/statutes/index.cfm?App_mode=Display_Statute&URL=0800-0899/0893/Sections/0893.1351.html","","fl-section-893.1351","held","fl-maintaining-drug-house","false","false","false",""
"section","893.1495","","Fla. Stat. § 893.1495","Retail sale of ephedrine and related compounds","not_yet_analyzed","Official text is cached, but no explicit analysis establishes offense coverage.","official_current_cache","2026-09-18T15:26:43.348Z","660d06da7b3b172c77eb108945eef35f5ac309233fe422f288b03866741cb863","https://www.leg.state.fl.us/statutes/index.cfm?App_mode=Display_Statute&URL=0800-0899/0893/Sections/0893.1495.html","","","","","false","false","false",""
"section","895.01","","Fla. Stat. § 895.01","Short title","not_yet_analyzed","Official text is cached, but no explicit analysis establishes offense coverage.","official_current_cache","2026-09-18T15:26:43.858Z","e827175f3a618e6ae6e3e67a41fdb9134f5bfdc472481eaa69d333b45ca9e53a","https://www.leg.state.fl.us/statutes/index.cfm?App_mode=Display_Statute&URL=0800-0899/0895/Sections/0895.01.html","","","","","false","false","false",""
"section","895.02","","Fla. Stat. § 895.02","Definitions","not_yet_analyzed","Official text is cached, but no explicit analysis establishes offense coverage.","official_current_cache","2026-09-18T15:26:43.858Z","278cb1768896bb95b7f50f2a20dd1f961a825c6989bbf110480b0a4ab0882a55","https://www.leg.state.fl.us/statutes/index.cfm?App_mode=Display_Statute&URL=0800-0899/0895/Sections/0895.02.html","","","","","false","false","false",""
"section","895.03","","Fla. Stat. § 895.03","Prohibited activities and defense","blocked","The section has analysis decisions, but no scope in this section is a current runtime selection.","official_current_cache","2026-09-18T15:26:43.858Z","f1aaddd94385f1200837e29df51c22051cffa31cffb9797cc65e2cd9a7311bd2","https://www.leg.state.fl.us/statutes/index.cfm?App_mode=Display_Statute&URL=0800-0899/0895/Sections/0895.03.html","","fl-section-895.03","held","","false","false","false",""
"scope","895.03","","Fla. Stat. § 895.03","Prohibited activities and defense","blocked","The section prohibits four forms of racketeering-related activity but supplies neither a literal offense name nor its grade; although § 895.04 is cached as support, publishing 'Prohibited activities and defense' as one offense would collapse distinct conduct under a non-offense heading.","official_current_cache","2026-09-18T15:26:43.858Z","f1aaddd94385f1200837e29df51c22051cffa31cffb9797cc65e2cd9a7311bd2","https://www.leg.state.fl.us/statutes/index.cfm?App_mode=Display_Statute&URL=0800-0899/0895/Sections/0895.03.html","","fl-section-895.03","held","","false","false","false",""
"section","895.04","","Fla. Stat. § 895.04","Criminal penalties and alternative fine","not_yet_analyzed","Official text is cached, but no explicit analysis establishes offense coverage.","official_current_cache","2026-09-18T15:26:43.858Z","59c1f60fefaebeeb4a1ab9693404fc64d3a96b0ffe20f410e391bc947803b3f6","https://www.leg.state.fl.us/statutes/index.cfm?App_mode=Display_Statute&URL=0800-0899/0895/Sections/0895.04.html","","","","","false","false","false",""
"section","895.05","","Fla. Stat. § 895.05","Civil remedies","not_yet_analyzed","Official text is cached, but no explicit analysis establishes offense coverage.","official_current_cache","2026-09-18T15:26:43.858Z","21671386bcab2421a174d1bae13ff2fdb35beaef8a51a8e19af43e96619cc46c","https://www.leg.state.fl.us/statutes/index.cfm?App_mode=Display_Statute&URL=0800-0899/0895/Sections/0895.05.html","","","","","false","false","false",""
"section","895.06","","Fla. Stat. § 895.06","Civil investigative subpoenas; public records exemption","not_yet_analyzed","Official text is cached, but no explicit analysis establishes offense coverage.","official_current_cache","2026-09-18T15:26:43.858Z","954e9260e3318e58c9082e5412eaf46c86433595e672fd29877329ffedbd6a6b","https://www.leg.state.fl.us/statutes/index.cfm?App_mode=Display_Statute&URL=0800-0899/0895/Sections/0895.06.html","","","","","false","false","false",""
"section","895.07","","Fla. Stat. § 895.07","RICO lien notice","not_yet_analyzed","Official text is cached, but no explicit analysis establishes offense coverage.","official_current_cache","2026-09-18T15:26:43.858Z","a3913fbca30ac6d3d857afcb69add6be386f02ee60fd11f696fabb50447c9377","https://www.leg.state.fl.us/statutes/index.cfm?App_mode=Display_Statute&URL=0800-0899/0895/Sections/0895.07.html","","","","","false","false","false",""
"section","895.08","","Fla. Stat. § 895.08","Term of RICO lien notice","not_yet_analyzed","Official text is cached, but no explicit analysis establishes offense coverage.","official_current_cache","2026-09-18T15:26:43.858Z","c2be002ffaee2a0d3aa3b91ac4268770a06c3f393e0f9de3e792de7a1ed9d831","https://www.leg.state.fl.us/statutes/index.cfm?App_mode=Display_Statute&URL=0800-0899/0895/Sections/0895.08.html","","","","","false","false","false",""
"section","895.09","","Fla. Stat. § 895.09","Disposition of funds obtained through forfeiture proceedings","not_yet_analyzed","Official text is cached, but no explicit analysis establishes offense coverage.","official_current_cache","2026-09-18T15:26:43.858Z","5cb9d43ee231fa3681eeb450bd208dc652a5117e24fbc1503617782f1c13dfd4","https://www.leg.state.fl.us/statutes/index.cfm?App_mode=Display_Statute&URL=0800-0899/0895/Sections/0895.09.html","","","","","false","false","false",""
"section","896.101","","Fla. Stat. § 896.101","Florida Money Laundering Act; definitions; penalties; injunctions; seizure warrants; immunity","blocked","The section has analysis decisions, but no scope in this section is a current runtime selection.","official_current_cache","2026-09-18T15:26:44.657Z","672e53b9b52889384ac23aaafa6b9a8169fd5dc557d2430dbad5a6b1aa5c8d06","https://www.leg.state.fl.us/statutes/index.cfm?App_mode=Display_Statute&URL=0800-0899/0896/Sections/0896.101.html","","fl-section-896.101","held","","false","false","false",""
"scope","896.101","","Fla. Stat. § 896.101","Florida Money Laundering Act; definitions; penalties; injunctions; seizure warrants; immunity","blocked","The section's heading encompasses definitions, criminal conduct, civil remedies, warrants, and immunity. Subsection (3) gives several conduct alternatives but no operative literal offense name, so a synthesized 'money laundering' charge was not invented.","official_current_cache","2026-09-18T15:26:44.657Z","672e53b9b52889384ac23aaafa6b9a8169fd5dc557d2430dbad5a6b1aa5c8d06","https://www.leg.state.fl.us/statutes/index.cfm?App_mode=Display_Statute&URL=0800-0899/0896/Sections/0896.101.html","","fl-section-896.101","held","","false","false","false",""
"section","896.102","","Fla. Stat. § 896.102","Currency more than $10,000 received in trade or business; report required; noncompliance penalties","not_yet_analyzed","Official text is cached, but no explicit analysis establishes offense coverage.","official_current_cache","2026-09-18T15:26:44.657Z","ae4784b1e1926a5772d440795ec836e5d27b2fee525615371e0eb22169f0bbb8","https://www.leg.state.fl.us/statutes/index.cfm?App_mode=Display_Statute&URL=0800-0899/0896/Sections/0896.102.html","","","","","false","false","false",""
"section","896.103","","Fla. Stat. § 896.103","Transaction which constitutes separate offense","not_yet_analyzed","Official text is cached, but no explicit analysis establishes offense coverage.","official_current_cache","2026-09-18T15:26:44.657Z","d41885dde92d928f1d36587a668f7f7df2c08de8b8b38b21c1e8e67c8064c645","https://www.leg.state.fl.us/statutes/index.cfm?App_mode=Display_Statute&URL=0800-0899/0896/Sections/0896.103.html","","","","","false","false","false",""
"section","896.104","","Fla. Stat. § 896.104","Structuring transactions to evade reporting or registration requirements prohibited","not_yet_analyzed","Official text is cached, but no explicit analysis establishes offense coverage.","official_current_cache","2026-09-18T15:26:44.657Z","4aa2f550e58fbb417a12d8e1f1fccaf4107bdb1957d7f8812fa7752b6e0ba778","https://www.leg.state.fl.us/statutes/index.cfm?App_mode=Display_Statute&URL=0800-0899/0896/Sections/0896.104.html","","","","","false","false","false",""
"section","896.105","","Fla. Stat. § 896.105","Penalty provisions not applicable to law enforcement","not_yet_analyzed","Official text is cached, but no explicit analysis establishes offense coverage.","official_current_cache","2026-09-18T15:26:44.657Z","1b417e53ca52da43f93322771f4beba6587ffbda8f8f1edfc6524aedea08990b","https://www.leg.state.fl.us/statutes/index.cfm?App_mode=Display_Statute&URL=0800-0899/0896/Sections/0896.105.html","","","","","false","false","false",""
"section","896.106","","Fla. Stat. § 896.106","Fugitive disentitlement","not_yet_analyzed","Official text is cached, but no explicit analysis establishes offense coverage.","official_current_cache","2026-09-18T15:26:44.657Z","a3477de0dff25bc1812a7968d4f787b1c5ddaff43e930afc1f980efd469f8f59","https://www.leg.state.fl.us/statutes/index.cfm?App_mode=Display_Statute&URL=0800-0899/0896/Sections/0896.106.html","","","","","false","false","false",""
"section","896.107","","Fla. Stat. § 896.107","Rewards for informants","not_yet_analyzed","Official text is cached, but no explicit analysis establishes offense coverage.","official_current_cache","2026-09-18T15:26:44.657Z","57ab7b32328bfbccde7387e39034145afaa543e7d333c29723e1bf4f94fdaff6","https://www.leg.state.fl.us/statutes/index.cfm?App_mode=Display_Statute&URL=0800-0899/0896/Sections/0896.107.html","","","","","false","false","false",""
"section","896.108","","Fla. Stat. § 896.108","Rewards for private entities combating international money laundering","not_yet_analyzed","Official text is cached, but no explicit analysis establishes offense coverage.","official_current_cache","2026-09-18T15:26:44.657Z","a02a3e9ecf5d1681ded67b9b337d532270418a0827072a039506fcbb7211a1ae","https://www.leg.state.fl.us/statutes/index.cfm?App_mode=Display_Statute&URL=0800-0899/0896/Sections/0896.108.html","","","","","false","false","false",""
"section","901.31","","Fla. Stat. § 901.31","Failure to obey written promise to appear","not_yet_analyzed","Official text is cached, but no explicit analysis establishes offense coverage.","official_current_cache","2026-09-18T15:34:15.936Z","95258e5d111840cdecbd1de750eb0e2e8cbb0f03630224a398d23547c334e486","https://www.leg.state.fl.us/statutes/index.cfm?App_mode=Display_Statute&URL=0900-0999/0901/Sections/0901.31.html","","","","","false","false","false",""
"section","921.002","","Fla. Stat. § 921.002","The Criminal Punishment Code","not_yet_analyzed","Official text is cached, but no explicit analysis establishes offense coverage.","official_current_cache","2026-09-18T15:26:48.812Z","13429163617f4fc8e1db42ea47d938c680a6181eb73ad45317b056300657225b","https://www.leg.state.fl.us/statutes/index.cfm?App_mode=Display_Statute&URL=0900-0999/0921/Sections/0921.002.html","","","","","false","false","false",""
"section","921.09","","Fla. Stat. § 921.09","Fees of physicians who determine sanity at time of sentence","not_yet_analyzed","Official text is cached, but no explicit analysis establishes offense coverage.","official_current_cache","2026-09-18T15:26:48.812Z","1756004021ddfd77b733d6ff38bd42ee60040ca8904efba9166859b6c5218ad6","https://www.leg.state.fl.us/statutes/index.cfm?App_mode=Display_Statute&URL=0900-0999/0921/Sections/0921.09.html","","","","","false","false","false",""
"section","921.12","","Fla. Stat. § 921.12","Fees of physicians when pregnancy is alleged as cause for not pronouncing sentence","not_yet_analyzed","Official text is cached, but no explicit analysis establishes offense coverage.","official_current_cache","2026-09-18T15:26:48.812Z","001150cb2f0e13f4541cb206f8985a038d6a758ce43f0f64f5ae7d9642f48aa4","https://www.leg.state.fl.us/statutes/index.cfm?App_mode=Display_Statute&URL=0900-0999/0921/Sections/0921.12.html","","","","","false","false","false",""
"section","921.15","","Fla. Stat. § 921.15","Stay of execution of sentence to fine; bond and proceedings","not_yet_analyzed","Official text is cached, but no explicit analysis establishes offense coverage.","official_current_cache","2026-09-18T15:26:48.812Z","4d05b1a000a9a03f5366fd2c0293d57ab33175e9d6b962a3e5ae55ee11403578","https://www.leg.state.fl.us/statutes/index.cfm?App_mode=Display_Statute&URL=0900-0999/0921/Sections/0921.15.html","","","","","false","false","false",""
"section","921.16","","Fla. Stat. § 921.16","When sentences to be concurrent and when consecutive","not_yet_analyzed","Official text is cached, but no explicit analysis establishes offense coverage.","official_current_cache","2026-09-18T15:26:48.812Z","b6a80cbf52ff1d14a1885d7eb11df1ea6b01af117f92af43b48ce9fb5a440eab","https://www.leg.state.fl.us/statutes/index.cfm?App_mode=Display_Statute&URL=0900-0999/0921/Sections/0921.16.html","","","","","false","false","false",""
"section","921.0017","","Fla. Stat. § 921.0017","Credit upon recommitment of offender serving split sentence","not_yet_analyzed","Official text is cached, but no explicit analysis establishes offense coverage.","official_current_cache","2026-09-18T15:26:48.812Z","c2a904490f33d6926c31677233f4812eb953c85d86c6c317dbcad4a12542fbf3","https://www.leg.state.fl.us/statutes/index.cfm?App_mode=Display_Statute&URL=0900-0999/0921/Sections/0921.0017.html","","","","","false","false","false",""
"section","921.18","","Fla. Stat. § 921.18","Sentence for indeterminate period for noncapital felony","not_yet_analyzed","Official text is cached, but no explicit analysis establishes offense coverage.","official_current_cache","2026-09-18T15:26:48.812Z","9246b36e49080367ebd5cf111955f827151ae0ff32838851fc404a6e5cdb5454","https://www.leg.state.fl.us/statutes/index.cfm?App_mode=Display_Statute&URL=0900-0999/0921/Sections/0921.18.html","","","","","false","false","false",""
"section","921.20","","Fla. Stat. § 921.20","Classification summary; Florida Commission on Offender Review","not_yet_analyzed","Official text is cached, but no explicit analysis establishes offense coverage.","official_current_cache","2026-09-18T15:26:48.812Z","8989f4c78b81f3c7200cb942bb0edc0ea2541d91da609a87496b398fb271a9b9","https://www.leg.state.fl.us/statutes/index.cfm?App_mode=Display_Statute&URL=0900-0999/0921/Sections/0921.20.html","","","","","false","false","false",""
"section","921.0021","","Fla. Stat. § 921.0021","Definitions","not_yet_analyzed","Official text is cached, but no explicit analysis establishes offense coverage.","official_current_cache","2026-09-18T15:26:48.812Z","8a4fb8987ce577ec06a6e7d9dc1446872832dbc1e56f4334c737c7b91249c366","https://www.leg.state.fl.us/statutes/index.cfm?App_mode=Display_Statute&URL=0900-0999/0921/Sections/0921.0021.html","","","","","false","false","false",""
"section","921.21","","Fla. Stat. § 921.21","Progress reports to Florida Commission on Offender Review","not_yet_analyzed","Official text is cached, but no explicit analysis establishes offense coverage.","official_current_cache","2026-09-18T15:26:48.812Z","26882979a71d8e90f41f11f1fc6fbfaa123d7ffedd36661417d91a79858e570c","https://www.leg.state.fl.us/statutes/index.cfm?App_mode=Display_Statute&URL=0900-0999/0921/Sections/0921.21.html","","","","","false","false","false",""
"section","921.0022","","Fla. Stat. § 921.0022","Criminal Punishment Code; offense severity ranking chart","not_yet_analyzed","Official text is cached, but no explicit analysis establishes offense coverage.","official_current_cache","2026-09-18T15:26:48.812Z","a146ed5c7bf2fc327382ff6270aaf411435bc1c27be9514cc94dfc54511b0da6","https://www.leg.state.fl.us/statutes/index.cfm?App_mode=Display_Statute&URL=0900-0999/0921/Sections/0921.0022.html","","","","","false","false","false",""
"section","921.22","","Fla. Stat. § 921.22","Determination of exact period of imprisonment by Florida Commission on Offender Review","not_yet_analyzed","Official text is cached, but no explicit analysis establishes offense coverage.","official_current_cache","2026-09-18T15:26:48.812Z","c16628f92dc20efc6708d5a7e9020389adbe8cb6dcd98530dd8aaef9e8dd8ecb","https://www.leg.state.fl.us/statutes/index.cfm?App_mode=Display_Statute&URL=0900-0999/0921/Sections/0921.22.html","","","","","false","false","false",""
"section","921.0023","","Fla. Stat. § 921.0023","Criminal Punishment Code; ranking unlisted felony offenses","not_yet_analyzed","Official text is cached, but no explicit analysis establishes offense coverage.","official_current_cache","2026-09-18T15:26:48.812Z","fe9d72e163647ca93413a707a2f9278e28b1b3465175fa8fe70c72b19e5ace61","https://www.leg.state.fl.us/statutes/index.cfm?App_mode=Display_Statute&URL=0900-0999/0921/Sections/0921.0023.html","","","","","false","false","false",""
"section","921.0024","","Fla. Stat. § 921.0024","Criminal Punishment Code; worksheet computations; scoresheets","not_yet_analyzed","Official text is cached, but no explicit analysis establishes offense coverage.","official_current_cache","2026-09-18T15:26:48.812Z","bd1c3fff3dc82c8fbf525bca39aece47d9b180a85a26fdc9ddab0cf4467a22de","https://www.leg.state.fl.us/statutes/index.cfm?App_mode=Display_Statute&URL=0900-0999/0921/Sections/0921.0024.html","","","","","false","false","false",""
"section","921.0025","","Fla. Stat. § 921.0025","Adoption and implementation of revised sentencing scoresheets","not_yet_analyzed","Official text is cached, but no explicit analysis establishes offense coverage.","official_current_cache","2026-09-18T15:26:48.812Z","7833fd262170eda676a4ab33a0279c053292ea0f9c2a28ed1fb77c276175740f","https://www.leg.state.fl.us/statutes/index.cfm?App_mode=Display_Statute&URL=0900-0999/0921/Sections/0921.0025.html","","","","","false","false","false",""
"section","921.0026","","Fla. Stat. § 921.0026","Mitigating circumstances","not_yet_analyzed","Official text is cached, but no explicit analysis establishes offense coverage.","official_current_cache","2026-09-18T15:26:48.812Z","b88b7fd7b2b0f3db63818ba90af588411c44d338f39a56fd4c1ae49fdbe07c72","https://www.leg.state.fl.us/statutes/index.cfm?App_mode=Display_Statute&URL=0900-0999/0921/Sections/0921.0026.html","","","","","false","false","false",""
"section","921.0027","","Fla. Stat. § 921.0027","Criminal Punishment Code and revisions; applicability","not_yet_analyzed","Official text is cached, but no explicit analysis establishes offense coverage.","official_current_cache","2026-09-18T15:26:48.812Z","2c5f8b7ccf62eb6c817f5f35e0b12a5534fcdf4e1ed9c0a9bea5e0763e82ca6d","https://www.leg.state.fl.us/statutes/index.cfm?App_mode=Display_Statute&URL=0900-0999/0921/Sections/0921.0027.html","","","","","false","false","false",""
"section","921.137","","Fla. Stat. § 921.137","Imposition of the death sentence upon an intellectually disabled defendant prohibited","not_yet_analyzed","Official text is cached, but no explicit analysis establishes offense coverage.","official_current_cache","2026-09-18T15:26:48.812Z","4664a86dd368488fa5fd28c38775a46f3662f682d278cb2a0fb39250e3538081","https://www.leg.state.fl.us/statutes/index.cfm?App_mode=Display_Statute&URL=0900-0999/0921/Sections/0921.137.html","","","","","false","false","false",""
"section","921.141","","Fla. Stat. § 921.141","Sentence of death or life imprisonment for capital felonies; further proceedings to determine sentence","not_yet_analyzed","Official text is cached, but no explicit analysis establishes offense coverage.","official_current_cache","2026-09-18T15:26:48.812Z","f4e031f670cc34136d2aa3b40efc3379b9ed94939023461f4ce98d87b868a5cb","https://www.leg.state.fl.us/statutes/index.cfm?App_mode=Display_Statute&URL=0900-0999/0921/Sections/0921.141.html","","","","","false","false","false",""
"section","921.142","","Fla. Stat. § 921.142","Sentence of death or life imprisonment for capital drug trafficking felonies; further proceedings to determine sentence","not_yet_analyzed","Official text is cached, but no explicit analysis establishes offense coverage.","official_current_cache","2026-09-18T15:26:48.812Z","77deffd5727bcf949ef15e60867bfa76d4628c8a37d367155b30fb4eb8075a78","https://www.leg.state.fl.us/statutes/index.cfm?App_mode=Display_Statute&URL=0900-0999/0921/Sections/0921.142.html","","","","","false","false","false",""
"section","921.143","","Fla. Stat. § 921.143","Appearance of victim, next of kin, or law enforcement, correctional, or correctional probation officer to make statement at sentencing hearing; submission of written statement","not_yet_analyzed","Official text is cached, but no explicit analysis establishes offense coverage.","official_current_cache","2026-09-18T15:26:48.812Z","5616f8790aab6892f8735831a9bfd4cf80d20a10a3b7b178f817a4cfd0a2fc45","https://www.leg.state.fl.us/statutes/index.cfm?App_mode=Display_Statute&URL=0900-0999/0921/Sections/0921.143.html","","","","","false","false","false",""
"section","921.161","","Fla. Stat. § 921.161","Sentence not to run until imposed; credit for county jail time after sentence; certificate of custodian of jail","not_yet_analyzed","Official text is cached, but no explicit analysis establishes offense coverage.","official_current_cache","2026-09-18T15:26:48.812Z","a0923aef84b9263a331759fd33ae4e226e4537c0e152bacd23cf0a1a288a198e","https://www.leg.state.fl.us/statutes/index.cfm?App_mode=Display_Statute&URL=0900-0999/0921/Sections/0921.161.html","","","","","false","false","false",""
"section","921.185","","Fla. Stat. § 921.185","Sentence; restitution a mitigation in certain crimes","not_yet_analyzed","Official text is cached, but no explicit analysis establishes offense coverage.","official_current_cache","2026-09-18T15:26:48.812Z","76b09f9a8db139407517300589ebb329a719b2c9800998123a282255b34ff72b","https://www.leg.state.fl.us/statutes/index.cfm?App_mode=Display_Statute&URL=0900-0999/0921/Sections/0921.185.html","","","","","false","false","false",""
"section","921.186","","Fla. Stat. § 921.186","Substantial assistance","not_yet_analyzed","Official text is cached, but no explicit analysis establishes offense coverage.","official_current_cache","2026-09-18T15:26:48.812Z","26acbcfdc7df7d05ebf2ed7a273fc09dc5d7d099ab1749903d1a42259b5106c2","https://www.leg.state.fl.us/statutes/index.cfm?App_mode=Display_Statute&URL=0900-0999/0921/Sections/0921.186.html","","","","","false","false","false",""
"section","921.187","","Fla. Stat. § 921.187","Disposition and sentencing; alternatives; restitution","not_yet_analyzed","Official text is cached, but no explicit analysis establishes offense coverage.","official_current_cache","2026-09-18T15:26:48.812Z","08aad9d2f36578d62f5bbc48dc046c6873b8a86debe44def49dfda1a002a10bd","https://www.leg.state.fl.us/statutes/index.cfm?App_mode=Display_Statute&URL=0900-0999/0921/Sections/0921.187.html","","","","","false","false","false",""
"section","921.188","","Fla. Stat. § 921.188","Placement of certain state inmates in local detention facilities","not_yet_analyzed","Official text is cached, but no explicit analysis establishes offense coverage.","official_current_cache","2026-09-18T15:26:48.812Z","16a71a39b7cded78623238fb7b8c5406e5c3d92978e80d3f00209508f3cca8ed","https://www.leg.state.fl.us/statutes/index.cfm?App_mode=Display_Statute&URL=0900-0999/0921/Sections/0921.188.html","","","","","false","false","false",""
"section","921.231","","Fla. Stat. § 921.231","Presentence investigation reports","not_yet_analyzed","Official text is cached, but no explicit analysis establishes offense coverage.","official_current_cache","2026-09-18T15:26:48.812Z","d1b0ee27641a338b67f184c73ee4cf5fc694ff31c4bacb8474e84cda67cdf50d","https://www.leg.state.fl.us/statutes/index.cfm?App_mode=Display_Statute&URL=0900-0999/0921/Sections/0921.231.html","","","","","false","false","false",""
"section","921.00241","","Fla. Stat. § 921.00241","Prison diversion program","not_yet_analyzed","Official text is cached, but no explicit analysis establishes offense coverage.","official_current_cache","2026-09-18T15:26:48.812Z","3e4ae67b6ae0662aa99f88ccb2b8dae0d3d1aced815e3b9f42490f5c87ab73a0","https://www.leg.state.fl.us/statutes/index.cfm?App_mode=Display_Statute&URL=0900-0999/0921/Sections/0921.00241.html","","","","","false","false","false",""
"section","921.241","","Fla. Stat. § 921.241","Felony judgments; fingerprints required in record","not_yet_analyzed","Official text is cached, but no explicit analysis establishes offense coverage.","official_current_cache","2026-09-18T15:26:48.812Z","9c0cce3235402f6773df94ccfbeeaa7e38fd2b2ca8c4b23c1a52aba71e42d205","https://www.leg.state.fl.us/statutes/index.cfm?App_mode=Display_Statute&URL=0900-0999/0921/Sections/0921.241.html","","","","","false","false","false",""
"section","921.242","","Fla. Stat. § 921.242","Subsequent offenses under chapter 796; method of proof applicable","not_yet_analyzed","Official text is cached, but no explicit analysis establishes offense coverage.","official_current_cache","2026-09-18T15:26:48.812Z","0b07d69b738f112ad5b619adee49c97331e20c9d743eeedef36dde6e3fb8a046","https://www.leg.state.fl.us/statutes/index.cfm?App_mode=Display_Statute&URL=0900-0999/0921/Sections/0921.242.html","","","","","false","false","false",""
"section","921.243","","Fla. Stat. § 921.243","Offenses involving minor victims; offender records","not_yet_analyzed","Official text is cached, but no explicit analysis establishes offense coverage.","official_current_cache","2026-09-18T15:26:48.812Z","a278f47ef3777b5c6ca768108a0e2aa11b0397e025f5a3bd113eaee0b603952b","https://www.leg.state.fl.us/statutes/index.cfm?App_mode=Display_Statute&URL=0900-0999/0921/Sections/0921.243.html","","","","","false","false","false",""
"section","921.244","","Fla. Stat. § 921.244","Order of no contact; penalties","not_yet_analyzed","Official text is cached, but no explicit analysis establishes offense coverage.","official_current_cache","2026-09-18T15:26:48.812Z","15cb12378b2a4b1bbac2bcd5a5498ad02a2b178f574f1ac75cd3de5586f16103","https://www.leg.state.fl.us/statutes/index.cfm?App_mode=Display_Statute&URL=0900-0999/0921/Sections/0921.244.html","","","","","false","false","false",""
"section","921.00265","","Fla. Stat. § 921.00265","Recommended sentences; departure sentences; mandatory minimum sentences","not_yet_analyzed","Official text is cached, but no explicit analysis establishes offense coverage.","official_current_cache","2026-09-18T15:26:48.812Z","936a810ae1d293fb3612fc0a750327e50726e629527617841da3713e82524d70","https://www.leg.state.fl.us/statutes/index.cfm?App_mode=Display_Statute&URL=0900-0999/0921/Sections/0921.00265.html","","","","","false","false","false",""
"section","921.1401","","Fla. Stat. § 921.1401","Sentence of life imprisonment for persons who are under the age of 18 years at the time of the offense; sentencing proceedings","not_yet_analyzed","Official text is cached, but no explicit analysis establishes offense coverage.","official_current_cache","2026-09-18T15:26:48.812Z","a45f15bc4398d482cb00587541d2f37542a34593cbe1968f78b44da71657ee50","https://www.leg.state.fl.us/statutes/index.cfm?App_mode=Display_Statute&URL=0900-0999/0921/Sections/0921.1401.html","","","","","false","false","false",""
"section","921.1402","","Fla. Stat. § 921.1402","Review of sentences for persons convicted of specified offenses committed while under the age of 18 years","not_yet_analyzed","Official text is cached, but no explicit analysis establishes offense coverage.","official_current_cache","2026-09-18T15:26:48.812Z","18621af3e70fa4b7e0a457dcfd0bf3cb58ab6f6f45a18dedfb14eb73910cb60e","https://www.leg.state.fl.us/statutes/index.cfm?App_mode=Display_Statute&URL=0900-0999/0921/Sections/0921.1402.html","","","","","false","false","false",""
"section","921.1425","","Fla. Stat. § 921.1425","Sentence of death or life imprisonment for capital sexual battery; further proceedings to determine sentence","not_yet_analyzed","Official text is cached, but no explicit analysis establishes offense coverage.","official_current_cache","2026-09-18T15:26:48.812Z","3f12910e8649cf859740ec39a810f96319c887c24f5476314ca34e30d9bd0822","https://www.leg.state.fl.us/statutes/index.cfm?App_mode=Display_Statute&URL=0900-0999/0921/Sections/0921.1425.html","","","","","false","false","false",""
"section","921.1426","","Fla. Stat. § 921.1426","Sentence of death for capital offense committed by unauthorized alien","not_yet_analyzed","Official text is cached, but no explicit analysis establishes offense coverage.","official_current_cache","2026-09-18T15:26:48.812Z","dcaf07508d9fbe6f875fff37848314a1e006ca15d402b89fd0acf486d1019530","https://www.leg.state.fl.us/statutes/index.cfm?App_mode=Display_Statute&URL=0900-0999/0921/Sections/0921.1426.html","","","","","false","false","false",""
"section","921.1427","","Fla. Stat. § 921.1427","Sentence of death or life imprisonment for capital human trafficking of vulnerable persons for sexual exploitation; further proceedings to determine sentence","not_yet_analyzed","Official text is cached, but no explicit analysis establishes offense coverage.","official_current_cache","2026-09-18T15:26:48.812Z","e4a36da2e3f908a55f718abe5af118e124f24595edaff77767c0bc60801a17fe","https://www.leg.state.fl.us/statutes/index.cfm?App_mode=Display_Statute&URL=0900-0999/0921/Sections/0921.1427.html","","","","","false","false","false",""
"section","943.10","","Fla. Stat. § 943.10","Definitions; ss. 943.085-943.255","not_yet_analyzed","Official text is cached, but no explicit analysis establishes offense coverage.","official_current_cache","2026-09-18T15:34:04.618Z","8adad5e3d99b9ba0e3e226d9be154c33e77f068c7d30b4cbca2d9b0eceee30e5","https://www.leg.state.fl.us/statutes/index.cfm?App_mode=Display_Statute&URL=0900-0999/0943/Sections/0943.10.html","","","","","false","false","false",""
"section","943.253","","Fla. Stat. § 943.253","Exemption; elected officers","not_yet_analyzed","Official text is cached, but no explicit analysis establishes offense coverage.","official_current_cache","2026-09-18T15:56:47.725Z","1eef041bc240095ca9e837d3a8300c5b9340bceec84174fa098c070b295f377c","https://www.leg.state.fl.us/statutes/index.cfm?App_mode=Display_Statute&URL=0900-0999/0943/Sections/0943.253.html","","","","","false","false","false",""
"section","943.1395","","Fla. Stat. § 943.1395","Certification for employment or appointment; concurrent certification; reemployment or reappointment; inactive status; revocation; suspension; investigation","not_yet_analyzed","Official text is cached, but no explicit analysis establishes offense coverage.","official_current_cache","2026-09-18T15:56:45.567Z","caf90e00f1e5dca1ae4fde66c89b723252ba783bdb9c23b75a5b12ce05bcf37d","https://www.leg.state.fl.us/statutes/index.cfm?App_mode=Display_Statute&URL=0900-0999/0943/Sections/0943.1395.html","","","","","false","false","false",""
"section","948.001","","Fla. Stat. § 948.001","Definitions","not_yet_analyzed","Official text is cached, but no explicit analysis establishes offense coverage.","official_current_cache","2026-09-18T15:26:46.327Z","aac60653c0115efb1f5ab0a02e8ad61fd23da49fab14e60d1168cda6b2ab54a1","https://www.leg.state.fl.us/statutes/index.cfm?App_mode=Display_Statute&URL=0900-0999/0948/Sections/0948.001.html","","","","","false","false","false",""
"section","948.01","","Fla. Stat. § 948.01","When court may place defendant on probation or into community control","not_yet_analyzed","Official text is cached, but no explicit analysis establishes offense coverage.","official_current_cache","2026-09-18T15:26:46.327Z","a04198e494a1a66498b8c0c7afd8110ee55d9fd971322b5a52dd5e59857ce29e","https://www.leg.state.fl.us/statutes/index.cfm?App_mode=Display_Statute&URL=0900-0999/0948/Sections/0948.01.html","","","","","false","false","false",""
"section","948.03","","Fla. Stat. § 948.03","Terms and conditions of probation","not_yet_analyzed","Official text is cached, but no explicit analysis establishes offense coverage.","official_current_cache","2026-09-18T15:26:46.327Z","f56134e84862eec328b4d071d4256fd55876e76f67b862f4b26cb98be9e581e8","https://www.leg.state.fl.us/statutes/index.cfm?App_mode=Display_Statute&URL=0900-0999/0948/Sections/0948.03.html","","","","","false","false","false",""
"section","948.04","","Fla. Stat. § 948.04","Period of probation; duty of probationer; early termination; conversion of term","not_yet_analyzed","Official text is cached, but no explicit analysis establishes offense coverage.","official_current_cache","2026-09-18T15:26:46.327Z","296a0ac05e389330a86f4cee8907651145748305e1f267b516c401810f43e908","https://www.leg.state.fl.us/statutes/index.cfm?App_mode=Display_Statute&URL=0900-0999/0948/Sections/0948.04.html","","","","","false","false","false",""
"section","948.05","","Fla. Stat. § 948.05","Court to admonish or commend probationer or offender in community control; graduated incentives","not_yet_analyzed","Official text is cached, but no explicit analysis establishes offense coverage.","official_current_cache","2026-09-18T15:26:46.327Z","8efdd5d3f12f3c5f9b6fbe628e9fe540cc7c161eed65814167bfe83b041455ff","https://www.leg.state.fl.us/statutes/index.cfm?App_mode=Display_Statute&URL=0900-0999/0948/Sections/0948.05.html","","","","","false","false","false",""
"section","948.06","","Fla. Stat. § 948.06","Violation of probation or community control; revocation; modification; continuance; failure to pay restitution or cost of supervision","blocked","The section has analysis decisions, but no scope in this section is a current runtime selection.","official_current_cache","2026-09-18T15:26:46.327Z","6e3f62bce9ee9571b6893aee65275fe5a8185fecf1cabac131b8628099af246d","https://www.leg.state.fl.us/statutes/index.cfm?App_mode=Display_Statute&URL=0900-0999/0948/Sections/0948.06.html","","fl-section-948.06","held","fl-violation-of-probation","false","false","false",""
"scope","948.06","","Fla. Stat. § 948.06","Violation of probation or community control; revocation; modification; continuance; failure to pay restitution or cost of supervision","blocked","This section governs arrest, hearing, revocation, modification, and sentencing after an alleged probation or community-control violation; it does not define a standalone substantive misdemeanor or felony.","official_current_cache","2026-09-18T15:26:46.327Z","6e3f62bce9ee9571b6893aee65275fe5a8185fecf1cabac131b8628099af246d","https://www.leg.state.fl.us/statutes/index.cfm?App_mode=Display_Statute&URL=0900-0999/0948/Sections/0948.06.html","","fl-section-948.06","held","fl-violation-of-probation","false","false","false",""
"section","948.08","","Fla. Stat. § 948.08","Pretrial intervention program","not_yet_analyzed","Official text is cached, but no explicit analysis establishes offense coverage.","official_current_cache","2026-09-18T15:26:46.327Z","fbf76939e654bf6df468e12035a5928fbe6e8e1ed35a1af45a9fe5746810bccf","https://www.leg.state.fl.us/statutes/index.cfm?App_mode=Display_Statute&URL=0900-0999/0948/Sections/0948.08.html","","","","","false","false","false",""
"section","948.09","","Fla. Stat. § 948.09","Payment for cost of supervision and other monetary obligations","not_yet_analyzed","Official text is cached, but no explicit analysis establishes offense coverage.","official_current_cache","2026-09-18T15:26:46.327Z","44262b07dc9545d7801d8537f5f2f7e654733e0cb2ddb68db84e4880afe271a0","https://www.leg.state.fl.us/statutes/index.cfm?App_mode=Display_Statute&URL=0900-0999/0948/Sections/0948.09.html","","","","","false","false","false",""
"section","948.10","","Fla. Stat. § 948.10","Community control programs; home confinement","not_yet_analyzed","Official text is cached, but no explicit analysis establishes offense coverage.","official_current_cache","2026-09-18T15:26:46.327Z","fb7f8198aaa4d9cd7969a3b4bb18b8229c69a4b8ef39dc5e51b2e2e621a3c06b","https://www.leg.state.fl.us/statutes/index.cfm?App_mode=Display_Statute&URL=0900-0999/0948/Sections/0948.10.html","","","","","false","false","false",""
"section","948.011","","Fla. Stat. § 948.011","When court may impose fine and place on probation or into community control as an alternative to imprisonment","not_yet_analyzed","Official text is cached, but no explicit analysis establishes offense coverage.","official_current_cache","2026-09-18T15:26:46.327Z","5926d1037ed343f71a9e2804657a5c4223feb706378659344fe3628e5ab69875","https://www.leg.state.fl.us/statutes/index.cfm?App_mode=Display_Statute&URL=0900-0999/0948/Sections/0948.011.html","","","","","false","false","false",""
"section","948.11","","Fla. Stat. § 948.11","Electronic monitoring devices","not_yet_analyzed","Official text is cached, but no explicit analysis establishes offense coverage.","official_current_cache","2026-09-18T15:26:46.327Z","53ffea628907e2ac6111bbf22bada0ae8a25b34c7a14393f43d846dd9919aaff","https://www.leg.state.fl.us/statutes/index.cfm?App_mode=Display_Statute&URL=0900-0999/0948/Sections/0948.11.html","","","","","false","false","false",""
"section","948.012","","Fla. Stat. § 948.012","Split sentence of probation or community control and imprisonment","not_yet_analyzed","Official text is cached, but no explicit analysis establishes offense coverage.","official_current_cache","2026-09-18T15:26:46.327Z","7dd9321ff9241c3e832c2e34b5f54f43777466be705e8bc3a1f4ff9197bf1a42","https://www.leg.state.fl.us/statutes/index.cfm?App_mode=Display_Statute&URL=0900-0999/0948/Sections/0948.012.html","","","","","false","false","false",""
"section","948.12","","Fla. Stat. § 948.12","Intensive supervision for postprison release of violent offenders","not_yet_analyzed","Official text is cached, but no explicit analysis establishes offense coverage.","official_current_cache","2026-09-18T15:26:46.327Z","faf89e1d4a9eba4ede65aabcccf04e5b9f480a854825b6404d29e52a7047fdc1","https://www.leg.state.fl.us/statutes/index.cfm?App_mode=Display_Statute&URL=0900-0999/0948/Sections/0948.12.html","","","","","false","false","false",""
"section","948.013","","Fla. Stat. § 948.013","Administrative probation","not_yet_analyzed","Official text is cached, but no explicit analysis establishes offense coverage.","official_current_cache","2026-09-18T15:26:46.327Z","aed76ed1f23888b4400846a4d73c31ac722f666a1914ec589a532534c83834cb","https://www.leg.state.fl.us/statutes/index.cfm?App_mode=Display_Statute&URL=0900-0999/0948/Sections/0948.013.html","","","","","false","false","false",""
"section","948.014","","Fla. Stat. § 948.014","Requirement to submit to drawing of blood or other biological specimens","not_yet_analyzed","Official text is cached, but no explicit analysis establishes offense coverage.","official_current_cache","2026-09-18T15:26:46.327Z","670ffae112ba41c9523a165dae10af166c40abbe8a7847eb80a03b8924ddc0fb","https://www.leg.state.fl.us/statutes/index.cfm?App_mode=Display_Statute&URL=0900-0999/0948/Sections/0948.014.html","","","","","false","false","false",""
"section","948.015","","Fla. Stat. § 948.015","Presentence investigation reports","not_yet_analyzed","Official text is cached, but no explicit analysis establishes offense coverage.","official_current_cache","2026-09-18T15:26:46.327Z","be663787ce2624c6f9e63ddd3b8c974bcf30039aba5ea3fee93f165172804cf0","https://www.leg.state.fl.us/statutes/index.cfm?App_mode=Display_Statute&URL=0900-0999/0948/Sections/0948.015.html","","","","","false","false","false",""
"section","948.15","","Fla. Stat. § 948.15","Misdemeanor probation services","not_yet_analyzed","Official text is cached, but no explicit analysis establishes offense coverage.","official_current_cache","2026-09-18T15:26:46.327Z","a511e1d0667a445098d5a4cd24015ca3fe016955f91526c7c5106b11ced57fed","https://www.leg.state.fl.us/statutes/index.cfm?App_mode=Display_Statute&URL=0900-0999/0948/Sections/0948.15.html","","","","","false","false","false",""
"section","948.16","","Fla. Stat. § 948.16","Misdemeanor pretrial substance abuse education and treatment intervention program; misdemeanor pretrial veterans’ treatment intervention program; misdemeanor pretrial mental health court program","not_yet_analyzed","Official text is cached, but no explicit analysis establishes offense coverage.","official_current_cache","2026-09-18T15:26:46.327Z","e067c2015b6da5f8e11931416f5ca3b327ad2eae0ad869a8773699dab303c518","https://www.leg.state.fl.us/statutes/index.cfm?App_mode=Display_Statute&URL=0900-0999/0948/Sections/0948.16.html","","","","","false","false","false",""
"section","948.20","","Fla. Stat. § 948.20","Drug offender probation","not_yet_analyzed","Official text is cached, but no explicit analysis establishes offense coverage.","official_current_cache","2026-09-18T15:26:46.327Z","d316c344070dce9d36008101afb98848063616f641c65d7098549de98de4ce72","https://www.leg.state.fl.us/statutes/index.cfm?App_mode=Display_Statute&URL=0900-0999/0948/Sections/0948.20.html","","","","","false","false","false",""
"section","948.21","","Fla. Stat. § 948.21","Condition of probation or community control; military servicemembers and veterans","not_yet_analyzed","Official text is cached, but no explicit analysis establishes offense coverage.","official_current_cache","2026-09-18T15:26:46.327Z","54e621f3b9e20ffedda35eed1c07729011882987ae8e625af8a13e9757ee58ec","https://www.leg.state.fl.us/statutes/index.cfm?App_mode=Display_Statute&URL=0900-0999/0948/Sections/0948.21.html","","","","","false","false","false",""
"section","948.30","","Fla. Stat. § 948.30","Additional terms and conditions of probation or community control for certain sex offenses","not_yet_analyzed","Official text is cached, but no explicit analysis establishes offense coverage.","official_current_cache","2026-09-18T15:26:46.327Z","039458b2bc6f67814527e35010ab5e0caa50ba598b7fd4729d5e474e159fb6b8","https://www.leg.state.fl.us/statutes/index.cfm?App_mode=Display_Statute&URL=0900-0999/0948/Sections/0948.30.html","","","","","false","false","false",""
"section","948.031","","Fla. Stat. § 948.031","Condition of probation or community control; community service","not_yet_analyzed","Official text is cached, but no explicit analysis establishes offense coverage.","official_current_cache","2026-09-18T15:26:46.327Z","f2e0a57436badbb3406f6bc7d10dede60928e34cf4e0c9628349cfd0e547f8d8","https://www.leg.state.fl.us/statutes/index.cfm?App_mode=Display_Statute&URL=0900-0999/0948/Sections/0948.031.html","","","","","false","false","false",""
"section","948.31","","Fla. Stat. § 948.31","Evaluation and treatment of sexual predators and offenders on probation or community control","not_yet_analyzed","Official text is cached, but no explicit analysis establishes offense coverage.","official_current_cache","2026-09-18T15:26:46.327Z","fe337fb0522a2aad583a087d39ca29b46ccc5ca3f7892793e57f352c2e356d98","https://www.leg.state.fl.us/statutes/index.cfm?App_mode=Display_Statute&URL=0900-0999/0948/Sections/0948.31.html","","","","","false","false","false",""
"section","948.032","","Fla. Stat. § 948.032","Condition of probation; restitution","not_yet_analyzed","Official text is cached, but no explicit analysis establishes offense coverage.","official_current_cache","2026-09-18T15:26:46.327Z","4c63a9de692062d1efeeb22ff2289ea4509546e79ab5b6400a12571e1f16d215","https://www.leg.state.fl.us/statutes/index.cfm?App_mode=Display_Statute&URL=0900-0999/0948/Sections/0948.032.html","","","","","false","false","false",""
"section","948.32","","Fla. Stat. § 948.32","Requirements of law enforcement agency upon arrest of persons for certain sex offenses","not_yet_analyzed","Official text is cached, but no explicit analysis establishes offense coverage.","official_current_cache","2026-09-18T15:26:46.327Z","74882bcb74be965820c8f424a2b4ad9cefae57dd5af6e54ec1080abf43a368a7","https://www.leg.state.fl.us/statutes/index.cfm?App_mode=Display_Statute&URL=0900-0999/0948/Sections/0948.32.html","","","","","false","false","false",""
"section","948.033","","Fla. Stat. § 948.033","Condition of probation or community control; criminal gang","not_yet_analyzed","Official text is cached, but no explicit analysis establishes offense coverage.","official_current_cache","2026-09-18T15:26:46.327Z","bd28960901990bf245189292e2a99a5855f3c6786e1a021897cb9a2bed951fb6","https://www.leg.state.fl.us/statutes/index.cfm?App_mode=Display_Statute&URL=0900-0999/0948/Sections/0948.033.html","","","","","false","false","false",""
"section","948.035","","Fla. Stat. § 948.035","Residential treatment as a condition of probation or community control","not_yet_analyzed","Official text is cached, but no explicit analysis establishes offense coverage.","official_current_cache","2026-09-18T15:26:46.327Z","f69e47dbfdc8b38d7e5222a584e84472f555463f1510d8ac6f8924d6d08db6b7","https://www.leg.state.fl.us/statutes/index.cfm?App_mode=Display_Statute&URL=0900-0999/0948/Sections/0948.035.html","","","","","false","false","false",""
"section","948.036","","Fla. Stat. § 948.036","Work programs as a condition of probation, community control, or other court-ordered community supervision","not_yet_analyzed","Official text is cached, but no explicit analysis establishes offense coverage.","official_current_cache","2026-09-18T15:26:46.327Z","1f6d6b982d473f3df6f07eec9cccfffbf9faba240bc36c60b566f8a99b6dcbcf","https://www.leg.state.fl.us/statutes/index.cfm?App_mode=Display_Statute&URL=0900-0999/0948/Sections/0948.036.html","","","","","false","false","false",""
"section","948.037","","Fla. Stat. § 948.037","Education and learning as a condition of probation or community control","not_yet_analyzed","Official text is cached, but no explicit analysis establishes offense coverage.","official_current_cache","2026-09-18T15:26:46.327Z","53e49a1ffb039b38df1c29abbab4b0e470e4e7127305a3822baf99c973405bf1","https://www.leg.state.fl.us/statutes/index.cfm?App_mode=Display_Statute&URL=0900-0999/0948/Sections/0948.037.html","","","","","false","false","false",""
"section","948.038","","Fla. Stat. § 948.038","Batterers’ intervention program as a condition of probation, community control, or other court-ordered community supervision","not_yet_analyzed","Official text is cached, but no explicit analysis establishes offense coverage.","official_current_cache","2026-09-18T15:26:46.327Z","3675777ce5e6d5241a0257c45a7e163fc442f280263b8d910785a4cac5fcfa1f","https://www.leg.state.fl.us/statutes/index.cfm?App_mode=Display_Statute&URL=0900-0999/0948/Sections/0948.038.html","","","","","false","false","false",""
"section","948.039","","Fla. Stat. § 948.039","Special terms and conditions of probation or community control imposed by court order","not_yet_analyzed","Official text is cached, but no explicit analysis establishes offense coverage.","official_current_cache","2026-09-18T15:26:46.327Z","9c99f67172a8dc0ffc1684d098fbaa58d7dcbba8c1bbb34750fcd4aaffbf06fc","https://www.leg.state.fl.us/statutes/index.cfm?App_mode=Display_Statute&URL=0900-0999/0948/Sections/0948.039.html","","","","","false","false","false",""
"section","948.041","","Fla. Stat. § 948.041","Notification of outstanding terms of sentence upon termination of probation or community control","not_yet_analyzed","Official text is cached, but no explicit analysis establishes offense coverage.","official_current_cache","2026-09-18T15:26:46.327Z","6a08fdcb48a8f2cb110d8fe9231dd787ab866a247f6782be9bc226a1742b2147","https://www.leg.state.fl.us/statutes/index.cfm?App_mode=Display_Statute&URL=0900-0999/0948/Sections/0948.041.html","","","","","false","false","false",""
"section","948.51","","Fla. Stat. § 948.51","Community corrections assistance to counties or county consortiums","not_yet_analyzed","Official text is cached, but no explicit analysis establishes offense coverage.","official_current_cache","2026-09-18T15:26:46.327Z","3019f12d850b561899a794724cf11c40477595f2c59daf276da0acf0e0967385","https://www.leg.state.fl.us/statutes/index.cfm?App_mode=Display_Statute&URL=0900-0999/0948/Sections/0948.51.html","","","","","false","false","false",""
"section","948.061","","Fla. Stat. § 948.061","Identifying, assessing, and monitoring high-risk sex offenders on community supervision; providing cumulative criminal and supervision histories on the Internet","not_yet_analyzed","Official text is cached, but no explicit analysis establishes offense coverage.","official_current_cache","2026-09-18T15:26:46.327Z","fc22ee2a3cfdd322f7cf9d0ebe056866d2c83cdc355b2e92eeb0f647d40ad3c0","https://www.leg.state.fl.us/statutes/index.cfm?App_mode=Display_Statute&URL=0900-0999/0948/Sections/0948.061.html","","","","","false","false","false",""
"section","948.062","","Fla. Stat. § 948.062","Reviewing and reporting serious offenses committed by offenders placed on probation or community control","not_yet_analyzed","Official text is cached, but no explicit analysis establishes offense coverage.","official_current_cache","2026-09-18T15:26:46.327Z","733989f034c6f8f4dcbdaf7874432c1d20e789551ee54d42fdfcf54915ffd64c","https://www.leg.state.fl.us/statutes/index.cfm?App_mode=Display_Statute&URL=0900-0999/0948/Sections/0948.062.html","","","","","false","false","false",""
"section","948.063","","Fla. Stat. § 948.063","Violations of probation or community control by designated sexual offenders and sexual predators","not_yet_analyzed","Official text is cached, but no explicit analysis establishes offense coverage.","official_current_cache","2026-09-18T15:26:46.327Z","12d1ec006001e11184c11961349f6b61838e143735bd8a369d8b6d16e4a9b332","https://www.leg.state.fl.us/statutes/index.cfm?App_mode=Display_Statute&URL=0900-0999/0948/Sections/0948.063.html","","","","","false","false","false",""
"section","948.064","","Fla. Stat. § 948.064","Notification of status as a violent felony offender of special concern","not_yet_analyzed","Official text is cached, but no explicit analysis establishes offense coverage.","official_current_cache","2026-09-18T15:26:46.327Z","3c62e0ed5f37a5a72e4f2ce38f4ad2500fa99882659ef7d5af136a97b3d5b6f8","https://www.leg.state.fl.us/statutes/index.cfm?App_mode=Display_Statute&URL=0900-0999/0948/Sections/0948.064.html","","","","","false","false","false",""
"section","948.081","","Fla. Stat. § 948.081","Community court programs","not_yet_analyzed","Official text is cached, but no explicit analysis establishes offense coverage.","official_current_cache","2026-09-18T15:26:46.327Z","afebaaa461b6356184ef26e80c5e1048935b8296093d9976be1cb8289413a467","https://www.leg.state.fl.us/statutes/index.cfm?App_mode=Display_Statute&URL=0900-0999/0948/Sections/0948.081.html","","","","","false","false","false",""
"section","948.90","","Fla. Stat. § 948.90","Local offender advisory councils","not_yet_analyzed","Official text is cached, but no explicit analysis establishes offense coverage.","official_current_cache","2026-09-18T15:26:46.327Z","70c45125972d1d181629f8bb7b24b574dcfa67d86872c825b2070f3bde7f2544","https://www.leg.state.fl.us/statutes/index.cfm?App_mode=Display_Statute&URL=0900-0999/0948/Sections/0948.90.html","","","","","false","false","false",""
"section","948.101","","Fla. Stat. § 948.101","Terms and conditions of community control","not_yet_analyzed","Official text is cached, but no explicit analysis establishes offense coverage.","official_current_cache","2026-09-18T15:26:46.327Z","a01a12f7f412390870a40840a983e882d1bb21d21d67fdd004b744c8de3966bb","https://www.leg.state.fl.us/statutes/index.cfm?App_mode=Display_Statute&URL=0900-0999/0948/Sections/0948.101.html","","","","","false","false","false",""
"section","948.301","","Fla. Stat. § 948.301","Electronic monitoring as a condition of probation or community control for certain offenders","not_yet_analyzed","Official text is cached, but no explicit analysis establishes offense coverage.","official_current_cache","2026-09-18T15:26:46.327Z","c6e57056dd3096e9acca1d3e994e4af844222959c52d020427658a435c462fb0","https://www.leg.state.fl.us/statutes/index.cfm?App_mode=Display_Statute&URL=0900-0999/0948/Sections/0948.301.html","","","","","false","false","false",""
"section","948.0395","","Fla. Stat. § 948.0395","Probation conditions for defendants with mental illness","not_yet_analyzed","Official text is cached, but no explicit analysis establishes offense coverage.","official_current_cache","2026-09-18T15:26:46.327Z","d37221d8f35cde23f133f1a2f1fa723288c336c0b79e71fa7101b0bb7f7cdb1f","https://www.leg.state.fl.us/statutes/index.cfm?App_mode=Display_Statute&URL=0900-0999/0948/Sections/0948.0395.html","","","","","false","false","false",""
"section","969.256","","Fla. Stat. § 969.256","","not_yet_analyzed","Official text is cached, but no explicit analysis establishes offense coverage.","not_cached","","","","","","","fl-wire-fraud","false","false","false",""
"scope","969.256","","Fla. Stat. § 969.256","","not_yet_analyzed","This legacy cleanup item has no explicit offense analysis and is not counted as a missing offense.","not_cached","","","","","","","fl-wire-fraud","false","false","false",""
"section","984.01","","Fla. Stat. § 984.01","Purposes and intent; personnel standards and screening","not_yet_analyzed","Official text is cached, but no explicit analysis establishes offense coverage.","official_current_cache","2026-09-18T15:26:47.125Z","7ae59ca0c4d2917a0a5c36f5c640149d547700ac24bebfba59b15320c0e42986","https://www.leg.state.fl.us/statutes/index.cfm?App_mode=Display_Statute&URL=0900-0999/0984/Sections/0984.01.html","","","","","false","false","false",""
"section","984.02","","Fla. Stat. § 984.02","Legislative intent for prevention and intervention under this chapter","not_yet_analyzed","Official text is cached, but no explicit analysis establishes offense coverage.","official_current_cache","2026-09-18T15:26:47.125Z","581da08977895b566a48b970e512c30a92d805bc89ce4b0967866abd741e53c3","https://www.leg.state.fl.us/statutes/index.cfm?App_mode=Display_Statute&URL=0900-0999/0984/Sections/0984.02.html","","","","","false","false","false",""
"section","984.03","","Fla. Stat. § 984.03","Definitions","not_yet_analyzed","Official text is cached, but no explicit analysis establishes offense coverage.","official_current_cache","2026-09-18T15:26:47.125Z","51fba2bb53ec20440225c572a70f63a384d099f381856a5edb3822220cc6c3db","https://www.leg.state.fl.us/statutes/index.cfm?App_mode=Display_Statute&URL=0900-0999/0984/Sections/0984.03.html","","","","","false","false","false",""
"section","984.04","","Fla. Stat. § 984.04","Early truancy intervention; families in need of services and children in need of services; procedures and jurisdiction","not_yet_analyzed","Official text is cached, but no explicit analysis establishes offense coverage.","official_current_cache","2026-09-18T15:26:47.125Z","85d028e83e31307ebc33b74227027b9d4299a07dcc619ee1ba853cde23f029dc","https://www.leg.state.fl.us/statutes/index.cfm?App_mode=Display_Statute&URL=0900-0999/0984/Sections/0984.04.html","","","","","false","false","false",""
"section","984.06","","Fla. Stat. § 984.06","Oaths, records, and confidential information","not_yet_analyzed","Official text is cached, but no explicit analysis establishes offense coverage.","official_current_cache","2026-09-18T15:26:47.125Z","742458fddebcd3fad510413ff0d2c452d86c7d2cab1b1172e39811d014c98e3f","https://www.leg.state.fl.us/statutes/index.cfm?App_mode=Display_Statute&URL=0900-0999/0984/Sections/0984.06.html","","","","","false","false","false",""
"section","984.07","","Fla. Stat. § 984.07","Right to counsel; waiver; appointed counsel; compensation","not_yet_analyzed","Official text is cached, but no explicit analysis establishes offense coverage.","official_current_cache","2026-09-18T15:26:47.125Z","095268c623bb0578563fb0a2b6fcd2903eda70ef23bc9cc03439c63a0ae4f695","https://www.leg.state.fl.us/statutes/index.cfm?App_mode=Display_Statute&URL=0900-0999/0984/Sections/0984.07.html","","","","","false","false","false",""
"section","984.09","","Fla. Stat. § 984.09","Punishment for contempt of court; alternative sanctions","not_yet_analyzed","Official text is cached, but no explicit analysis establishes offense coverage.","official_current_cache","2026-09-18T15:26:47.125Z","c79f3632b1c1db46495bc0fd3ec08601a7fc0cbbfd0f210247e42d075fae7b75","https://www.leg.state.fl.us/statutes/index.cfm?App_mode=Display_Statute&URL=0900-0999/0984/Sections/0984.09.html","","","","","false","false","false",""
"section","984.10","","Fla. Stat. § 984.10","Intake","not_yet_analyzed","Official text is cached, but no explicit analysis establishes offense coverage.","official_current_cache","2026-09-18T15:26:47.125Z","286531ed05bfaf315de4d3b43ca2ce16c875b80aac4d109c526f740d1fc8edf7","https://www.leg.state.fl.us/statutes/index.cfm?App_mode=Display_Statute&URL=0900-0999/0984/Sections/0984.10.html","","","","","false","false","false",""
"section","984.11","","Fla. Stat. § 984.11","Services to families","not_yet_analyzed","Official text is cached, but no explicit analysis establishes offense coverage.","official_current_cache","2026-09-18T15:26:47.125Z","608d88f9457c7e65496cdae3d8706190db2afbd94e092f80515ac88a26cdb54f","https://www.leg.state.fl.us/statutes/index.cfm?App_mode=Display_Statute&URL=0900-0999/0984/Sections/0984.11.html","","","","","false","false","false",""
"section","984.12","","Fla. Stat. § 984.12","Case staffing; services and treatment related to a family in need of services","not_yet_analyzed","Official text is cached, but no explicit analysis establishes offense coverage.","official_current_cache","2026-09-18T15:26:47.125Z","2bbac5db9863b3ca4e9d59a46681c2100bf20dfda7ca2bcaa3fd5701fc4cc4c0","https://www.leg.state.fl.us/statutes/index.cfm?App_mode=Display_Statute&URL=0900-0999/0984/Sections/0984.12.html","","","","","false","false","false",""
"section","984.13","","Fla. Stat. § 984.13","Taking a child into custody","not_yet_analyzed","Official text is cached, but no explicit analysis establishes offense coverage.","official_current_cache","2026-09-18T15:26:47.125Z","74b192c08b4e1f5551b2a983ac096a138796089576e919dc2e46af56d938ea8c","https://www.leg.state.fl.us/statutes/index.cfm?App_mode=Display_Statute&URL=0900-0999/0984/Sections/0984.13.html","","","","","false","false","false",""
"section","984.14","","Fla. Stat. § 984.14","Voluntary shelter services","not_yet_analyzed","Official text is cached, but no explicit analysis establishes offense coverage.","official_current_cache","2026-09-18T15:26:47.125Z","c99f46b8445b33236a186729f4667e6f486394a4edb9681614467405e14f3887","https://www.leg.state.fl.us/statutes/index.cfm?App_mode=Display_Statute&URL=0900-0999/0984/Sections/0984.14.html","","","","","false","false","false",""
"section","984.15","","Fla. Stat. § 984.15","Petition for a child in need of services","not_yet_analyzed","Official text is cached, but no explicit analysis establishes offense coverage.","official_current_cache","2026-09-18T15:26:47.125Z","9ad05bde9bde203d8aaea4f28c622f3b4f3d3b9e76bd4df7f76184efb632358d","https://www.leg.state.fl.us/statutes/index.cfm?App_mode=Display_Statute&URL=0900-0999/0984/Sections/0984.15.html","","","","","false","false","false",""
"section","984.16","","Fla. Stat. § 984.16","Process and service for child in need of services petitions","not_yet_analyzed","Official text is cached, but no explicit analysis establishes offense coverage.","official_current_cache","2026-09-18T15:26:47.125Z","cfb579f697271f57915f4124e48dacf5de14b4d045b4007cdce239fd9f824e3a","https://www.leg.state.fl.us/statutes/index.cfm?App_mode=Display_Statute&URL=0900-0999/0984/Sections/0984.16.html","","","","","false","false","false",""
"section","984.17","","Fla. Stat. § 984.17","Response to petition and representation of parties","not_yet_analyzed","Official text is cached, but no explicit analysis establishes offense coverage.","official_current_cache","2026-09-18T15:26:47.125Z","1c8789ba0c2a7144b4fc67b257c508852a392a174ea2d0cfc256074a141dcf65","https://www.leg.state.fl.us/statutes/index.cfm?App_mode=Display_Statute&URL=0900-0999/0984/Sections/0984.17.html","","","","","false","false","false",""
"section","984.19","","Fla. Stat. § 984.19","Medical screening and treatment of child; examination of parent, legal guardian, or person requesting custody","not_yet_analyzed","Official text is cached, but no explicit analysis establishes offense coverage.","official_current_cache","2026-09-18T15:26:47.125Z","77c51e44244ef809130d1bee8a1166b5c1cecd4b7595778050780d4e94bb7720","https://www.leg.state.fl.us/statutes/index.cfm?App_mode=Display_Statute&URL=0900-0999/0984/Sections/0984.19.html","","","","","false","false","false",""
"section","984.20","","Fla. Stat. § 984.20","Hearings for child in need of services cases","not_yet_analyzed","Official text is cached, but no explicit analysis establishes offense coverage.","official_current_cache","2026-09-18T15:26:47.125Z","af7513292700dd7722663028e51e2bc6d2d52e610f667f7705f83abf4914ba87","https://www.leg.state.fl.us/statutes/index.cfm?App_mode=Display_Statute&URL=0900-0999/0984/Sections/0984.20.html","","","","","false","false","false",""
"section","984.21","","Fla. Stat. § 984.21","Orders of adjudication","not_yet_analyzed","Official text is cached, but no explicit analysis establishes offense coverage.","official_current_cache","2026-09-18T15:26:47.125Z","07fd18fde3ef89835fe57c022d1f00177e3d10f2101db76c8d676c11c2c15b40","https://www.leg.state.fl.us/statutes/index.cfm?App_mode=Display_Statute&URL=0900-0999/0984/Sections/0984.21.html","","","","","false","false","false",""
"section","984.22","","Fla. Stat. § 984.22","Powers of disposition","not_yet_analyzed","Official text is cached, but no explicit analysis establishes offense coverage.","official_current_cache","2026-09-18T15:26:47.125Z","d3b9dfa994d2c4a97c981ff020ca3c00fc0dd0c2ff8aaf2b0dc801c8ed314b46","https://www.leg.state.fl.us/statutes/index.cfm?App_mode=Display_Statute&URL=0900-0999/0984/Sections/0984.22.html","","","","","false","false","false",""
"section","984.23","","Fla. Stat. § 984.23","Court and witness fees","not_yet_analyzed","Official text is cached, but no explicit analysis establishes offense coverage.","official_current_cache","2026-09-18T15:26:47.125Z","8522c5e3db4304318d8444875d5f72944cf977976d8186c39256b3a6d1095659","https://www.leg.state.fl.us/statutes/index.cfm?App_mode=Display_Statute&URL=0900-0999/0984/Sections/0984.23.html","","","","","false","false","false",""
"section","984.24","","Fla. Stat. § 984.24","Appeal","not_yet_analyzed","Official text is cached, but no explicit analysis establishes offense coverage.","official_current_cache","2026-09-18T15:26:47.125Z","390a5c9c11dca82ea1bbe6eb18b9a6b102d740d365ee45bc382692df40f8eb52","https://www.leg.state.fl.us/statutes/index.cfm?App_mode=Display_Statute&URL=0900-0999/0984/Sections/0984.24.html","","","","","false","false","false",""
"section","984.071","","Fla. Stat. § 984.071","Resources and information","not_yet_analyzed","Official text is cached, but no explicit analysis establishes offense coverage.","official_current_cache","2026-09-18T15:26:47.125Z","8c216e93ad681113dd613d087c8e4d20d417ae9f8508a7a72a0f1602236d7c13","https://www.leg.state.fl.us/statutes/index.cfm?App_mode=Display_Statute&URL=0900-0999/0984/Sections/0984.071.html","","","","","false","false","false",""
"section","984.086","","Fla. Stat. § 984.086","Children locked out of the home; interagency cooperation","not_yet_analyzed","Official text is cached, but no explicit analysis establishes offense coverage.","official_current_cache","2026-09-18T15:26:47.125Z","1915034ac49195e7560f306e6e6578bbdd10e4bcb14b6856795350edc152075a","https://www.leg.state.fl.us/statutes/index.cfm?App_mode=Display_Statute&URL=0900-0999/0984/Sections/0984.086.html","","","","","false","false","false",""
"section","984.151","","Fla. Stat. § 984.151","Early truancy intervention; truancy petition; judgment","blocked","The section has analysis decisions, but no scope in this section is a current runtime selection.","official_current_cache","2026-09-18T15:26:47.125Z","0d302f534f73038aad52e11e5f2ed06b8d4647c44a162cf7f45101f99b9cabb7","https://www.leg.state.fl.us/statutes/index.cfm?App_mode=Display_Statute&URL=0900-0999/0984/Sections/0984.151.html","","fl-section-984.151","held","fl-truancy","false","false","false",""
"scope","984.151","","Fla. Stat. § 984.151","Early truancy intervention; truancy petition; judgment","blocked","The current section is juvenile truancy procedure and services, not a standalone ordinary adult criminal charge.","official_current_cache","2026-09-18T15:26:47.125Z","0d302f534f73038aad52e11e5f2ed06b8d4647c44a162cf7f45101f99b9cabb7","https://www.leg.state.fl.us/statutes/index.cfm?App_mode=Display_Statute&URL=0900-0999/0984/Sections/0984.151.html","","fl-section-984.151","held","fl-truancy","false","false","false",""
"section","984.225","","Fla. Stat. § 984.225","Powers of disposition; placement in a shelter","not_yet_analyzed","Official text is cached, but no explicit analysis establishes offense coverage.","official_current_cache","2026-09-18T15:26:47.125Z","7a66a35f01fcbfa0968d0ac14fd554a912821bc60f60efda728bb38638805e7e","https://www.leg.state.fl.us/statutes/index.cfm?App_mode=Display_Statute&URL=0900-0999/0984/Sections/0984.225.html","","","","","false","false","false",""
"section","984.226","","Fla. Stat. § 984.226","Physically secure shelter","not_yet_analyzed","Official text is cached, but no explicit analysis establishes offense coverage.","official_current_cache","2026-09-18T15:26:47.125Z","ff47598acbf2df4d86f9df5be77e18e5eeefaafd59670fdbb05eb006fc3a49ee","https://www.leg.state.fl.us/statutes/index.cfm?App_mode=Display_Statute&URL=0900-0999/0984/Sections/0984.226.html","","","","","false","false","false",""
"section","984.0861","","Fla. Stat. § 984.0861","Prohibited use of detention","not_yet_analyzed","Official text is cached, but no explicit analysis establishes offense coverage.","official_current_cache","2026-09-18T15:26:47.125Z","6fe06a657f3513b164255491920f0a38a3d268d021ba2b2f184f18790315c77f","https://www.leg.state.fl.us/statutes/index.cfm?App_mode=Display_Statute&URL=0900-0999/0984/Sections/0984.0861.html","","","","","false","false","false",""
"section","985.01","","Fla. Stat. § 985.01","Purposes and intent","not_yet_analyzed","Official text is cached, but no explicit analysis establishes offense coverage.","official_current_cache","2026-09-18T15:26:48.070Z","7517259d0cdfbabeaceda68a5a507f0be7249ce9dab3ab3bdc32779b7fe78ea6","https://www.leg.state.fl.us/statutes/index.cfm?App_mode=Display_Statute&URL=0900-0999/0985/Sections/0985.01.html","","","","","false","false","false",""
"section","985.02","","Fla. Stat. § 985.02","Legislative intent for the juvenile justice system","not_yet_analyzed","Official text is cached, but no explicit analysis establishes offense coverage.","official_current_cache","2026-09-18T15:26:48.070Z","fcdb565b74fc634b4b4d6105b7f9667c2bdb62aca7580c18190328b46ec72155","https://www.leg.state.fl.us/statutes/index.cfm?App_mode=Display_Statute&URL=0900-0999/0985/Sections/0985.02.html","","","","","false","false","false",""
"section","985.03","","Fla. Stat. § 985.03","Definitions","not_standalone_offense","All explicit section-level decisions classify this section as support-only.","official_current_cache","2026-09-18T15:26:48.070Z","dabe0f1862c073fc46de5a64c8e5776720d4047cac3728ac5b9d967c6ccf7826","https://www.leg.state.fl.us/statutes/index.cfm?App_mode=Display_Statute&URL=0900-0999/0985/Sections/0985.03.html","","fl-section-985.03","support_only","fl-juvenile-delinquency-felony|fl-juvenile-delinquency-misdemeanor","false","false","false",""
"scope","985.03","","Fla. Stat. § 985.03","Definitions","not_standalone_offense","This is a juvenile-justice definitions section and does not create an ordinary adult substantive offense.","official_current_cache","2026-09-18T15:26:48.070Z","dabe0f1862c073fc46de5a64c8e5776720d4047cac3728ac5b9d967c6ccf7826","https://www.leg.state.fl.us/statutes/index.cfm?App_mode=Display_Statute&URL=0900-0999/0985/Sections/0985.03.html","","fl-section-985.03","support_only","","false","false","false",""
"scope","985.03","(9)","Fla. Stat. § 985.03(9)","Definitions","not_yet_analyzed","This legacy cleanup item has no explicit offense analysis and is not counted as a missing offense.","official_current_cache","2026-09-18T15:26:48.070Z","dabe0f1862c073fc46de5a64c8e5776720d4047cac3728ac5b9d967c6ccf7826","https://www.leg.state.fl.us/statutes/index.cfm?App_mode=Display_Statute&URL=0900-0999/0985/Sections/0985.03.html","","","","fl-juvenile-delinquency-felony|fl-juvenile-delinquency-misdemeanor","false","false","false",""
"section","985.04","","Fla. Stat. § 985.04","Oaths; records; confidential information","not_yet_analyzed","Official text is cached, but no explicit analysis establishes offense coverage.","official_current_cache","2026-09-18T15:26:48.070Z","7fac6bb753dec0891f9d45cc0b705d8dc3d8313da5114289e3276d96f95fc57d","https://www.leg.state.fl.us/statutes/index.cfm?App_mode=Display_Statute&URL=0900-0999/0985/Sections/0985.04.html","","","","","false","false","false",""
"section","985.11","","Fla. Stat. § 985.11","Fingerprinting and photographing","not_yet_analyzed","Official text is cached, but no explicit analysis establishes offense coverage.","official_current_cache","2026-09-18T15:26:48.070Z","b6c1ed49f93d6af8ace7cf2f20fa0ca8ba8aeaf9cf0c43355dbe00135f3b5152","https://www.leg.state.fl.us/statutes/index.cfm?App_mode=Display_Statute&URL=0900-0999/0985/Sections/0985.11.html","","","","","false","false","false",""
"section","985.12","","Fla. Stat. § 985.12","Prearrest delinquency citation programs","not_yet_analyzed","Official text is cached, but no explicit analysis establishes offense coverage.","official_current_cache","2026-09-18T15:26:48.070Z","9d0e65447c235e42cf4cb88da95cabc11385539e19c6e4a4dbb8b1c0ac08b271","https://www.leg.state.fl.us/statutes/index.cfm?App_mode=Display_Statute&URL=0900-0999/0985/Sections/0985.12.html","","","","","false","false","false",""
"section","985.13","","Fla. Stat. § 985.13","Probable cause affidavits","not_yet_analyzed","Official text is cached, but no explicit analysis establishes offense coverage.","official_current_cache","2026-09-18T15:26:48.070Z","5cc9aa605259e73596840811d7f29c67f83cde63fb8df73b67789b00221adc00","https://www.leg.state.fl.us/statutes/index.cfm?App_mode=Display_Statute&URL=0900-0999/0985/Sections/0985.13.html","","","","","false","false","false",""
"section","985.14","","Fla. Stat. § 985.14","Intake and case management system","not_yet_analyzed","Official text is cached, but no explicit analysis establishes offense coverage.","official_current_cache","2026-09-18T15:26:48.070Z","fa7b6768179bbbc21e518acc2c2cc7e9feb967cdd5e5b6ce041bfdf42b113d02","https://www.leg.state.fl.us/statutes/index.cfm?App_mode=Display_Statute&URL=0900-0999/0985/Sections/0985.14.html","","","","","false","false","false",""
"section","985.15","","Fla. Stat. § 985.15","Filing decisions","not_yet_analyzed","Official text is cached, but no explicit analysis establishes offense coverage.","official_current_cache","2026-09-18T15:26:48.070Z","800c5fd4481179cbe1bd49367725f0d9d65f40ba0a004a1a294bf8b8333a41f5","https://www.leg.state.fl.us/statutes/index.cfm?App_mode=Display_Statute&URL=0900-0999/0985/Sections/0985.15.html","","","","","false","false","false",""
"section","985.16","","Fla. Stat. § 985.16","Community arbitration","not_yet_analyzed","Official text is cached, but no explicit analysis establishes offense coverage.","official_current_cache","2026-09-18T15:26:48.070Z","750912bc9e9ee3cea0fe415d5c1cc7d459af919079604bc9ddfd17d9b643e393","https://www.leg.state.fl.us/statutes/index.cfm?App_mode=Display_Statute&URL=0900-0999/0985/Sections/0985.16.html","","","","","false","false","false",""
"section","985.17","","Fla. Stat. § 985.17","Prevention services","not_yet_analyzed","Official text is cached, but no explicit analysis establishes offense coverage.","official_current_cache","2026-09-18T15:26:48.070Z","788d6bb2437675b4c9727d330c1038217bf5bb003166280daccf5f0aa924d2d1","https://www.leg.state.fl.us/statutes/index.cfm?App_mode=Display_Statute&URL=0900-0999/0985/Sections/0985.17.html","","","","","false","false","false",""
"section","985.18","","Fla. Stat. § 985.18","Medical, psychiatric, psychological, substance abuse, and educational examination and treatment","not_yet_analyzed","Official text is cached, but no explicit analysis establishes offense coverage.","official_current_cache","2026-09-18T15:26:48.070Z","fd65dc83c33e84303039c9d02593880dfd74a413a1f110b531b092fe0a7e64bc","https://www.leg.state.fl.us/statutes/index.cfm?App_mode=Display_Statute&URL=0900-0999/0985/Sections/0985.18.html","","","","","false","false","false",""
"section","985.19","","Fla. Stat. § 985.19","Incompetency in juvenile delinquency cases","not_yet_analyzed","Official text is cached, but no explicit analysis establishes offense coverage.","official_current_cache","2026-09-18T15:26:48.070Z","a474820170ddd35f8c47d3a353acc0136ffb504ff2efae116c5c4d9cbe4439cb","https://www.leg.state.fl.us/statutes/index.cfm?App_mode=Display_Statute&URL=0900-0999/0985/Sections/0985.19.html","","","","","false","false","false",""
"section","985.24","","Fla. Stat. § 985.24","Use of detention; prohibitions","not_yet_analyzed","Official text is cached, but no explicit analysis establishes offense coverage.","official_current_cache","2026-09-18T15:26:48.070Z","a598877f419dc9a7eb7c033e88944bbf9e90c095bc3b02caf9a54114c9e46b9a","https://www.leg.state.fl.us/statutes/index.cfm?App_mode=Display_Statute&URL=0900-0999/0985/Sections/0985.24.html","","","","","false","false","false",""
"section","985.25","","Fla. Stat. § 985.25","Detention intake","not_yet_analyzed","Official text is cached, but no explicit analysis establishes offense coverage.","official_current_cache","2026-09-18T15:26:48.070Z","14810c2a94e4ed328093129105988259a42cc0e8ecbb611c3bf4dbf0dc695d56","https://www.leg.state.fl.us/statutes/index.cfm?App_mode=Display_Statute&URL=0900-0999/0985/Sections/0985.25.html","","","","","false","false","false",""
"section","985.26","","Fla. Stat. § 985.26","Length of detention","not_yet_analyzed","Official text is cached, but no explicit analysis establishes offense coverage.","official_current_cache","2026-09-18T15:26:48.070Z","ff7c89375c675cfb6d5a4de37fcdb39a88f08dcc913d119861171536ecdcf4a6","https://www.leg.state.fl.us/statutes/index.cfm?App_mode=Display_Statute&URL=0900-0999/0985/Sections/0985.26.html","","","","","false","false","false",""
"section","985.27","","Fla. Stat. § 985.27","Postdisposition detention while awaiting residential commitment placement","not_yet_analyzed","Official text is cached, but no explicit analysis establishes offense coverage.","official_current_cache","2026-09-18T15:26:48.070Z","40c58644a5d6f5ac2b480dfbfbbbf82f701a3d0818237f4449c069f5ad083a3f","https://www.leg.state.fl.us/statutes/index.cfm?App_mode=Display_Statute&URL=0900-0999/0985/Sections/0985.27.html","","","","","false","false","false",""
"section","985.031","","Fla. Stat. § 985.031","Age limitation; exception","not_yet_analyzed","Official text is cached, but no explicit analysis establishes offense coverage.","official_current_cache","2026-09-18T15:26:48.070Z","b65542b0b45b51f14304962e1c0c0553031ceb7c44f135a3f184540fa4ef6a06","https://www.leg.state.fl.us/statutes/index.cfm?App_mode=Display_Statute&URL=0900-0999/0985/Sections/0985.031.html","","","","","false","false","false",""
"section","985.032","","Fla. Stat. § 985.032","Legal representation for delinquency cases","not_yet_analyzed","Official text is cached, but no explicit analysis establishes offense coverage.","official_current_cache","2026-09-18T15:26:48.070Z","25195f94b96e9ad76cb70395a511610682e96a037446d9ab0c008806699d0dc5","https://www.leg.state.fl.us/statutes/index.cfm?App_mode=Display_Statute&URL=0900-0999/0985/Sections/0985.032.html","","","","","false","false","false",""
"section","985.033","","Fla. Stat. § 985.033","Right to counsel","not_yet_analyzed","Official text is cached, but no explicit analysis establishes offense coverage.","official_current_cache","2026-09-18T15:26:48.070Z","6c4797b641ea782f3e6bdbc983bb9f44e6673ec8eaaca70725a1c79e2c21e2f9","https://www.leg.state.fl.us/statutes/index.cfm?App_mode=Display_Statute&URL=0900-0999/0985/Sections/0985.033.html","","","","","false","false","false",""
"section","985.035","","Fla. Stat. § 985.035","Opening hearings","not_yet_analyzed","Official text is cached, but no explicit analysis establishes offense coverage.","official_current_cache","2026-09-18T15:26:48.070Z","626ae8b333c9be600307f7899838fabd1a2521c6864437a2c0812b7da56642a5","https://www.leg.state.fl.us/statutes/index.cfm?App_mode=Display_Statute&URL=0900-0999/0985/Sections/0985.035.html","","","","","false","false","false",""
"section","985.35","","Fla. Stat. § 985.35","Adjudicatory hearings; withheld adjudications; orders of adjudication","not_yet_analyzed","Official text is cached, but no explicit analysis establishes offense coverage.","official_current_cache","2026-09-18T15:26:48.070Z","1a76a2d27821b6268509c26a04a371d88770151c89437c8bf603affa8470d509","https://www.leg.state.fl.us/statutes/index.cfm?App_mode=Display_Statute&URL=0900-0999/0985/Sections/0985.35.html","","","","","false","false","false",""
"section","985.036","","Fla. Stat. § 985.036","Rights of victims; juvenile proceedings","not_yet_analyzed","Official text is cached, but no explicit analysis establishes offense coverage.","official_current_cache","2026-09-18T15:26:48.070Z","d79f0fd0e0bb510c482b9cd32adb2b3480dd6402163be58de76c548c33d66b04","https://www.leg.state.fl.us/statutes/index.cfm?App_mode=Display_Statute&URL=0900-0999/0985/Sections/0985.036.html","","","","","false","false","false",""
"section","985.037","","Fla. Stat. § 985.037","Punishment for contempt of court; alternative sanctions","not_yet_analyzed","Official text is cached, but no explicit analysis establishes offense coverage.","official_current_cache","2026-09-18T15:26:48.070Z","9c14cd112e0a8804c5ee3fc9066b3ea0cafed2f2f4e2ae23d716693df80f87c4","https://www.leg.state.fl.us/statutes/index.cfm?App_mode=Display_Statute&URL=0900-0999/0985/Sections/0985.037.html","","","","","false","false","false",""
"section","985.039","","Fla. Stat. § 985.039","Cost of supervision; cost of care","not_yet_analyzed","Official text is cached, but no explicit analysis establishes offense coverage.","official_current_cache","2026-09-18T15:26:48.070Z","b3d4b6409c7accbf59b3a4db54280feca3bffe39017fc95ea62a34eca95d7190","https://www.leg.state.fl.us/statutes/index.cfm?App_mode=Display_Statute&URL=0900-0999/0985/Sections/0985.039.html","","","","","false","false","false",""
"section","985.43","","Fla. Stat. § 985.43","Predisposition reports; other evaluations","not_yet_analyzed","Official text is cached, but no explicit analysis establishes offense coverage.","official_current_cache","2026-09-18T15:26:48.070Z","24bba2803064471c00cc7dfb0c5faba1274acbad3d822d349bdd65412803f5df","https://www.leg.state.fl.us/statutes/index.cfm?App_mode=Display_Statute&URL=0900-0999/0985/Sections/0985.43.html","","","","","false","false","false",""
"section","985.045","","Fla. Stat. § 985.045","Court records","not_yet_analyzed","Official text is cached, but no explicit analysis establishes offense coverage.","official_current_cache","2026-09-18T15:26:48.070Z","5b76efd1d4692338bd50dfcf7f4ddea81e7d4e66ef0e51e809d0d7420eef5eb5","https://www.leg.state.fl.us/statutes/index.cfm?App_mode=Display_Statute&URL=0900-0999/0985/Sections/0985.045.html","","","","","false","false","false",""
"section","985.45","","Fla. Stat. § 985.45","Liability and remuneration for work","not_yet_analyzed","Official text is cached, but no explicit analysis establishes offense coverage.","official_current_cache","2026-09-18T15:26:48.070Z","c8bd43beb4dddbd442364bfed1a449a4780383ba50b11a28ae1acf6a433cb8a3","https://www.leg.state.fl.us/statutes/index.cfm?App_mode=Display_Statute&URL=0900-0999/0985/Sections/0985.45.html","","","","","false","false","false",""
"section","985.046","","Fla. Stat. § 985.046","Statewide information-sharing system; interagency workgroup","not_yet_analyzed","Official text is cached, but no explicit analysis establishes offense coverage.","official_current_cache","2026-09-18T15:26:48.070Z","9f92a70abe39e0cd3dd6f5ff9d0e274e0e0f99d63a618b5e73dfbcff2d8accfc","https://www.leg.state.fl.us/statutes/index.cfm?App_mode=Display_Statute&URL=0900-0999/0985/Sections/0985.046.html","","","","","false","false","false",""
"section","985.46","","Fla. Stat. § 985.46","Conditional release","not_yet_analyzed","Official text is cached, but no explicit analysis establishes offense coverage.","official_current_cache","2026-09-18T15:26:48.070Z","5f0d35b581d2d43d442d946aec414946baf0be441801371ad788b7b7ba791d21","https://www.leg.state.fl.us/statutes/index.cfm?App_mode=Display_Statute&URL=0900-0999/0985/Sections/0985.46.html","","","","","false","false","false",""
"section","985.047","","Fla. Stat. § 985.047","Information systems","not_yet_analyzed","Official text is cached, but no explicit analysis establishes offense coverage.","official_current_cache","2026-09-18T15:26:48.070Z","61bfac08e64621508f06571540fe6aa37029abaeb4f90cf02b9c0837dca9c47c","https://www.leg.state.fl.us/statutes/index.cfm?App_mode=Display_Statute&URL=0900-0999/0985/Sections/0985.047.html","","","","","false","false","false",""
"section","985.48","","Fla. Stat. § 985.48","Juvenile sexual offender commitment programs; sexual abuse intervention networks","not_yet_analyzed","Official text is cached, but no explicit analysis establishes offense coverage.","official_current_cache","2026-09-18T15:26:48.070Z","a3f92d579f843feb65d48c4eac9436ef3a9ef0b9a8507bdccbf02d43a27b0ce1","https://www.leg.state.fl.us/statutes/index.cfm?App_mode=Display_Statute&URL=0900-0999/0985/Sections/0985.48.html","","","","","false","false","false",""
"section","985.56","","Fla. Stat. § 985.56","Indictment of a juvenile","not_yet_analyzed","Official text is cached, but no explicit analysis establishes offense coverage.","official_current_cache","2026-09-18T15:26:48.070Z","31a4bc01c484ba76b8ed0c58725b4ee65e90ee8a63d06af5bf5aa1d8d4ef9762","https://www.leg.state.fl.us/statutes/index.cfm?App_mode=Display_Statute&URL=0900-0999/0985/Sections/0985.56.html","","","","","false","false","false",""
"section","985.57","","Fla. Stat. § 985.57","Transfer of children from the Department of Corrections to the Department of Juvenile Justice","not_yet_analyzed","Official text is cached, but no explicit analysis establishes offense coverage.","official_current_cache","2026-09-18T15:26:48.070Z","c6a2a4c64050e0ffcb474de0486ce0631961aa457cf61c031b0d4024f733942c","https://www.leg.state.fl.us/statutes/index.cfm?App_mode=Display_Statute&URL=0900-0999/0985/Sections/0985.57.html","","","","","false","false","false",""
"section","985.64","","Fla. Stat. § 985.64","Rulemaking","not_yet_analyzed","Official text is cached, but no explicit analysis establishes offense coverage.","official_current_cache","2026-09-18T15:26:48.070Z","1cf2c275f07f970a4da556100926163ce1f50e2c7c08bc9bdcfa3130448c164c","https://www.leg.state.fl.us/statutes/index.cfm?App_mode=Display_Statute&URL=0900-0999/0985/Sections/0985.64.html","","","","","false","false","false",""
"section","985.66","","Fla. Stat. § 985.66","Juvenile justice training; staff development and training; Juvenile Justice Training Trust Fund","not_yet_analyzed","Official text is cached, but no explicit analysis establishes offense coverage.","official_current_cache","2026-09-18T15:26:48.070Z","b40e6f9c861144218aee5988ddd71b1039d75a2ddf8c8b8813ff7804f0cc9d85","https://www.leg.state.fl.us/statutes/index.cfm?App_mode=Display_Statute&URL=0900-0999/0985/Sections/0985.66.html","","","","","false","false","false",""
"section","985.69","","Fla. Stat. § 985.69","Repair and maintenance funding for juvenile justice purposes","not_yet_analyzed","Official text is cached, but no explicit analysis establishes offense coverage.","official_current_cache","2026-09-18T15:26:48.070Z","2f88e17ceaae45c0ce0cd6caf7ec0b19e4b622bb8093e3fc58944a84f352c51e","https://www.leg.state.fl.us/statutes/index.cfm?App_mode=Display_Statute&URL=0900-0999/0985/Sections/0985.69.html","","","","","false","false","false",""
"section","985.101","","Fla. Stat. § 985.101","Taking a child into custody","not_yet_analyzed","Official text is cached, but no explicit analysis establishes offense coverage.","official_current_cache","2026-09-18T15:26:48.070Z","ad7da26e68e98afa4289fb5e1c200315088ebda53c1fb507bfc7c2fa98473b2e","https://www.leg.state.fl.us/statutes/index.cfm?App_mode=Display_Statute&URL=0900-0999/0985/Sections/0985.101.html","","","","","false","false","false",""
"section","985.115","","Fla. Stat. § 985.115","Release or delivery from custody","not_yet_analyzed","Official text is cached, but no explicit analysis establishes offense coverage.","official_current_cache","2026-09-18T15:26:48.070Z","38ae681818ba9918b069887ab8f5903c9d3b6416b08986a8275748d5f1776780","https://www.leg.state.fl.us/statutes/index.cfm?App_mode=Display_Statute&URL=0900-0999/0985/Sections/0985.115.html","","","","","false","false","false",""
"section","985.125","","Fla. Stat. § 985.125","Postarrest diversion programs","not_yet_analyzed","Official text is cached, but no explicit analysis establishes offense coverage.","official_current_cache","2026-09-18T15:26:48.070Z","3d7aa36070a0e1c0a4be436877f77f9e3ace5309f3391a5af173545b85f2717d","https://www.leg.state.fl.us/statutes/index.cfm?App_mode=Display_Statute&URL=0900-0999/0985/Sections/0985.125.html","","","","","false","false","false",""
"section","985.126","","Fla. Stat. § 985.126","Prearrest and postarrest diversion programs; data collection; denial of participation or expunged record","not_yet_analyzed","Official text is cached, but no explicit analysis establishes offense coverage.","official_current_cache","2026-09-18T15:26:48.070Z","7b96ba2bec082cce3501ec8ed8c4e543e32dc34c7b808fb4b9f4f4ae6052067d","https://www.leg.state.fl.us/statutes/index.cfm?App_mode=Display_Statute&URL=0900-0999/0985/Sections/0985.126.html","","","","","false","false","false",""
"section","985.135","","Fla. Stat. § 985.135","Juvenile assessment centers","not_yet_analyzed","Official text is cached, but no explicit analysis establishes offense coverage.","official_current_cache","2026-09-18T15:26:48.070Z","720bb1cc5f596e1d18e8f60070cdaf0b125eef24e97bdeeaeb3ce134cf24ff97","https://www.leg.state.fl.us/statutes/index.cfm?App_mode=Display_Statute&URL=0900-0999/0985/Sections/0985.135.html","","","","","false","false","false",""
"section","985.145","","Fla. Stat. § 985.145","Responsibilities of the department during intake; screenings and assessments","not_yet_analyzed","Official text is cached, but no explicit analysis establishes offense coverage.","official_current_cache","2026-09-18T15:26:48.070Z","dea982caf7b6d3d4698e32982d19fbd6ede826f34c5e35d060ad3535300650f6","https://www.leg.state.fl.us/statutes/index.cfm?App_mode=Display_Statute&URL=0900-0999/0985/Sections/0985.145.html","","","","","false","false","false",""
"section","985.155","","Fla. Stat. § 985.155","Neighborhood restorative justice","not_yet_analyzed","Official text is cached, but no explicit analysis establishes offense coverage.","official_current_cache","2026-09-18T15:26:48.070Z","27b2cd16dd53a52719c8e2e80c5ddbdfb629bdec96b754b4f8b4d4d7c985804a","https://www.leg.state.fl.us/statutes/index.cfm?App_mode=Display_Statute&URL=0900-0999/0985/Sections/0985.155.html","","","","","false","false","false",""
"section","985.175","","Fla. Stat. § 985.175","The PACE Center for Girls","not_yet_analyzed","Official text is cached, but no explicit analysis establishes offense coverage.","official_current_cache","2026-09-18T15:26:48.070Z","b41b5893df1abf30b6b5762fc2c3456d3cae7dc6a94d6adeb4d27266a8806420","https://www.leg.state.fl.us/statutes/index.cfm?App_mode=Display_Statute&URL=0900-0999/0985/Sections/0985.175.html","","","","","false","false","false",""
"section","985.185","","Fla. Stat. § 985.185","Evaluations for disposition","not_yet_analyzed","Official text is cached, but no explicit analysis establishes offense coverage.","official_current_cache","2026-09-18T15:26:48.070Z","10990c85312416dbaca9019b7c11602ce180e04f7bea32b9724911d281a556cc","https://www.leg.state.fl.us/statutes/index.cfm?App_mode=Display_Statute&URL=0900-0999/0985/Sections/0985.185.html","","","","","false","false","false",""
"section","985.195","","Fla. Stat. § 985.195","Transfer to other treatment services","not_yet_analyzed","Official text is cached, but no explicit analysis establishes offense coverage.","official_current_cache","2026-09-18T15:26:48.070Z","32d9f2f47bffe7ad40bee2e323e86a53b182a3ac44c4c3a75fa53b43174bf87d","https://www.leg.state.fl.us/statutes/index.cfm?App_mode=Display_Statute&URL=0900-0999/0985/Sections/0985.195.html","","","","","false","false","false",""
"section","985.245","","Fla. Stat. § 985.245","Risk assessment instrument","not_yet_analyzed","Official text is cached, but no explicit analysis establishes offense coverage.","official_current_cache","2026-09-18T15:26:48.070Z","09d3dc47124fa2db1f744feb7b6cd9ff0448eeae513d7a7de8a5c69c472a68e5","https://www.leg.state.fl.us/statutes/index.cfm?App_mode=Display_Statute&URL=0900-0999/0985/Sections/0985.245.html","","","","","false","false","false",""
"section","985.255","","Fla. Stat. § 985.255","Detention criteria; detention hearing","not_yet_analyzed","Official text is cached, but no explicit analysis establishes offense coverage.","official_current_cache","2026-09-18T15:26:48.070Z","220d8ef15f203db967b30315db704578d11ad092e818a65c934d1b3d9a6a8ad5","https://www.leg.state.fl.us/statutes/index.cfm?App_mode=Display_Statute&URL=0900-0999/0985/Sections/0985.255.html","","","","","false","false","false",""
"section","985.265","","Fla. Stat. § 985.265","Detention transfer and release; education; adult jails","not_yet_analyzed","Official text is cached, but no explicit analysis establishes offense coverage.","official_current_cache","2026-09-18T15:26:48.070Z","adf5c8bad4bbb8974f3ce96607177973bb4a5030d1235ef13969f4968f796149","https://www.leg.state.fl.us/statutes/index.cfm?App_mode=Display_Statute&URL=0900-0999/0985/Sections/0985.265.html","","","","","false","false","false",""
"section","985.275","","Fla. Stat. § 985.275","Detention of escapee or absconder on authority of the department","not_yet_analyzed","Official text is cached, but no explicit analysis establishes offense coverage.","official_current_cache","2026-09-18T15:26:48.070Z","b31d6def602bf838a0eb575e00f568e50b3e725c28a66dd5e994db5662af00b0","https://www.leg.state.fl.us/statutes/index.cfm?App_mode=Display_Statute&URL=0900-0999/0985/Sections/0985.275.html","","","","","false","false","false",""
"section","985.0301","","Fla. Stat. § 985.0301","Jurisdiction","not_yet_analyzed","Official text is cached, but no explicit analysis establishes offense coverage.","official_current_cache","2026-09-18T15:26:48.070Z","5f889aeaee2ac930faacb978a7efde9b98bf38b55c50fa83cfd7a4df72ccfef6","https://www.leg.state.fl.us/statutes/index.cfm?App_mode=Display_Statute&URL=0900-0999/0985/Sections/0985.0301.html","","","","","false","false","false",""
"section","985.318","","Fla. Stat. § 985.318","Petition","not_yet_analyzed","Official text is cached, but no explicit analysis establishes offense coverage.","official_current_cache","2026-09-18T15:26:48.070Z","a5ff9953ab906d6d8a989b5b47889a75fd519983de4f5f25305e6999a8b312bf","https://www.leg.state.fl.us/statutes/index.cfm?App_mode=Display_Statute&URL=0900-0999/0985/Sections/0985.318.html","","","","","false","false","false",""
"section","985.319","","Fla. Stat. § 985.319","Process and service","not_yet_analyzed","Official text is cached, but no explicit analysis establishes offense coverage.","official_current_cache","2026-09-18T15:26:48.070Z","760da033ed06793aea6c242bf869951c266456bd934f9b98d70cdb1a87f4b277","https://www.leg.state.fl.us/statutes/index.cfm?App_mode=Display_Statute&URL=0900-0999/0985/Sections/0985.319.html","","","","","false","false","false",""
"section","985.325","","Fla. Stat. § 985.325","Threatening or dismissing an employee prohibited","not_yet_analyzed","Official text is cached, but no explicit analysis establishes offense coverage.","official_current_cache","2026-09-18T15:26:48.070Z","aef5c65ebf65cb7cf178f38470155a9dd370a7c1e68e027b8c002bf8ba35982f","https://www.leg.state.fl.us/statutes/index.cfm?App_mode=Display_Statute&URL=0900-0999/0985/Sections/0985.325.html","","","","","false","false","false",""
"section","985.331","","Fla. Stat. § 985.331","Court and witness fees","not_yet_analyzed","Official text is cached, but no explicit analysis establishes offense coverage.","official_current_cache","2026-09-18T15:26:48.070Z","25820e158ebab79ca55550e88c0ff0a460c998b5ccd5c43715cf452067d5c2a5","https://www.leg.state.fl.us/statutes/index.cfm?App_mode=Display_Statute&URL=0900-0999/0985/Sections/0985.331.html","","","","","false","false","false",""
"section","985.335","","Fla. Stat. § 985.335","No answer to petition required","not_yet_analyzed","Official text is cached, but no explicit analysis establishes offense coverage.","official_current_cache","2026-09-18T15:26:48.070Z","6cac1c88c63e1fdbaf7bbfc169210d2e014989e4d842c2b5d20745b152b7deac","https://www.leg.state.fl.us/statutes/index.cfm?App_mode=Display_Statute&URL=0900-0999/0985/Sections/0985.335.html","","","","","false","false","false",""
"section","985.345","","Fla. Stat. § 985.345","Delinquency pretrial intervention programs","not_yet_analyzed","Official text is cached, but no explicit analysis establishes offense coverage.","official_current_cache","2026-09-18T15:26:48.070Z","139b0240c3a19058d8a5cc491a4d9603eb23890b9c6f0d83ca20b4e29926557b","https://www.leg.state.fl.us/statutes/index.cfm?App_mode=Display_Statute&URL=0900-0999/0985/Sections/0985.345.html","","","","","false","false","false",""
"section","985.433","","Fla. Stat. § 985.433","Disposition hearings in delinquency cases","not_yet_analyzed","Official text is cached, but no explicit analysis establishes offense coverage.","official_current_cache","2026-09-18T15:26:48.070Z","5c6760d4b0b239608a170814582b25db153f1d27e3fd15830f6e70f37fc6f30c","https://www.leg.state.fl.us/statutes/index.cfm?App_mode=Display_Statute&URL=0900-0999/0985/Sections/0985.433.html","","","","","false","false","false",""
"section","985.435","","Fla. Stat. § 985.435","Probation; community service","not_yet_analyzed","Official text is cached, but no explicit analysis establishes offense coverage.","official_current_cache","2026-09-18T15:26:48.070Z","ff2d826346e2b5e8f27977b2bc3436fb3cd2bea7d1b2de4fc775c7f472679e67","https://www.leg.state.fl.us/statutes/index.cfm?App_mode=Display_Statute&URL=0900-0999/0985/Sections/0985.435.html","","","","","false","false","false",""
"section","985.437","","Fla. Stat. § 985.437","Restitution","not_yet_analyzed","Official text is cached, but no explicit analysis establishes offense coverage.","official_current_cache","2026-09-18T15:26:48.070Z","8aeea1ca26e3044233ff1b8672c470e35162cf7abfb15a59f4f56d11b214228a","https://www.leg.state.fl.us/statutes/index.cfm?App_mode=Display_Statute&URL=0900-0999/0985/Sections/0985.437.html","","","","","false","false","false",""
"section","985.438","","Fla. Stat. § 985.438","Graduated response matrix","not_yet_analyzed","Official text is cached, but no explicit analysis establishes offense coverage.","official_current_cache","2026-09-18T15:26:48.070Z","a8936dc8a941fb0352f4f5c5546acfdeecd849be90b8159b19ab2e2fc8d46819","https://www.leg.state.fl.us/statutes/index.cfm?App_mode=Display_Statute&URL=0900-0999/0985/Sections/0985.438.html","","","","","false","false","false",""
"section","985.439","","Fla. Stat. § 985.439","Violation of probation","not_yet_analyzed","Official text is cached, but no explicit analysis establishes offense coverage.","official_current_cache","2026-09-18T15:26:48.070Z","3a4b10eebd788ce32d5c1ef9e0b42c1b3e2c61b1c4255cb5d4c04ebcaac95209","https://www.leg.state.fl.us/statutes/index.cfm?App_mode=Display_Statute&URL=0900-0999/0985/Sections/0985.439.html","","","","","false","false","false",""
"section","985.441","","Fla. Stat. § 985.441","Commitment","not_yet_analyzed","Official text is cached, but no explicit analysis establishes offense coverage.","official_current_cache","2026-09-18T15:26:48.070Z","20a880af5252ff0bca870b96da7e46b506beb8fff3e416cee15358983fe46da2","https://www.leg.state.fl.us/statutes/index.cfm?App_mode=Display_Statute&URL=0900-0999/0985/Sections/0985.441.html","","","","","false","false","false",""
"section","985.442","","Fla. Stat. § 985.442","Form of commitment; certified copy of charge attached","not_yet_analyzed","Official text is cached, but no explicit analysis establishes offense coverage.","official_current_cache","2026-09-18T15:26:48.070Z","a08c0ccb462d6b1a3220a981d536932ad18ae9ebf657e2ecc96c403149da8664","https://www.leg.state.fl.us/statutes/index.cfm?App_mode=Display_Statute&URL=0900-0999/0985/Sections/0985.442.html","","","","","false","false","false",""
"section","985.455","","Fla. Stat. § 985.455","Other dispositional issues","not_yet_analyzed","Official text is cached, but no explicit analysis establishes offense coverage.","official_current_cache","2026-09-18T15:26:48.070Z","768d8d407aad3f682a0429550379cf5469ced398526728ee164d5508c69e9537","https://www.leg.state.fl.us/statutes/index.cfm?App_mode=Display_Statute&URL=0900-0999/0985/Sections/0985.455.html","","","","","false","false","false",""
"section","985.461","","Fla. Stat. § 985.461","Transition to adulthood","not_yet_analyzed","Official text is cached, but no explicit analysis establishes offense coverage.","official_current_cache","2026-09-18T15:26:48.070Z","52aa0ccb3809b1e898dcec31d1cc56d6d2b4c37790f10d12d428c6dc0a99cdcd","https://www.leg.state.fl.us/statutes/index.cfm?App_mode=Display_Statute&URL=0900-0999/0985/Sections/0985.461.html","","","","","false","false","false",""
"section","985.465","","Fla. Stat. § 985.465","Maximum-risk residential facilities","not_yet_analyzed","Official text is cached, but no explicit analysis establishes offense coverage.","official_current_cache","2026-09-18T15:26:48.070Z","0bedc69b9a7a4d8ed1e9eaf01edc16c7a3b303c31b40505b1d8dc66dc04f281e","https://www.leg.state.fl.us/statutes/index.cfm?App_mode=Display_Statute&URL=0900-0999/0985/Sections/0985.465.html","","","","","false","false","false",""
"section","985.475","","Fla. Stat. § 985.475","Juvenile sexual offenders","not_yet_analyzed","Official text is cached, but no explicit analysis establishes offense coverage.","official_current_cache","2026-09-18T15:26:48.070Z","a0be329295bf474e34f0dc605fba3ccef0e6570657d116756cd8c9b7a3f412ab","https://www.leg.state.fl.us/statutes/index.cfm?App_mode=Display_Statute&URL=0900-0999/0985/Sections/0985.475.html","","","","","false","false","false",""
"section","985.481","","Fla. Stat. § 985.481","Sexual offenders adjudicated delinquent; notification upon release","not_yet_analyzed","Official text is cached, but no explicit analysis establishes offense coverage.","official_current_cache","2026-09-18T15:26:48.070Z","0ae2f9b03254326b9854cc6b68f7c6a284b5b5664ef051025730dc532220c4e2","https://www.leg.state.fl.us/statutes/index.cfm?App_mode=Display_Statute&URL=0900-0999/0985/Sections/0985.481.html","","","","","false","false","false",""
"section","985.494","","Fla. Stat. § 985.494","Commitment programs for juvenile felony offenders","not_yet_analyzed","Official text is cached, but no explicit analysis establishes offense coverage.","official_current_cache","2026-09-18T15:26:48.070Z","4a39ff05910be90a89f8852323305e0d05b6dd85f2f52e1c8446dd4d438a3416","https://www.leg.state.fl.us/statutes/index.cfm?App_mode=Display_Statute&URL=0900-0999/0985/Sections/0985.494.html","","","","","false","false","false",""
"section","985.511","","Fla. Stat. § 985.511","Costs of representation","not_yet_analyzed","Official text is cached, but no explicit analysis establishes offense coverage.","official_current_cache","2026-09-18T15:26:48.070Z","272b698508313bd4c58c07c49553f1c1e72fc1e143a4cab70dd252ec59ba9ca2","https://www.leg.state.fl.us/statutes/index.cfm?App_mode=Display_Statute&URL=0900-0999/0985/Sections/0985.511.html","","","","","false","false","false",""
"section","985.512","","Fla. Stat. § 985.512","Powers with respect to certain children","not_yet_analyzed","Official text is cached, but no explicit analysis establishes offense coverage.","official_current_cache","2026-09-18T15:26:48.070Z","34b236152a685be1f0f7c3cc9540a000e5e846cd8a0bc0a9680fa63f9a12bc3b","https://www.leg.state.fl.us/statutes/index.cfm?App_mode=Display_Statute&URL=0900-0999/0985/Sections/0985.512.html","","","","","false","false","false",""
"section","985.513","","Fla. Stat. § 985.513","Powers of the court over parent or guardian at disposition","not_yet_analyzed","Official text is cached, but no explicit analysis establishes offense coverage.","official_current_cache","2026-09-18T15:26:48.070Z","a6a490c70f72b41b1f950878dcc07259ba22bb87dfd83aa1f243d20de8faac58","https://www.leg.state.fl.us/statutes/index.cfm?App_mode=Display_Statute&URL=0900-0999/0985/Sections/0985.513.html","","","","","false","false","false",""
"section","985.514","","Fla. Stat. § 985.514","Responsibility for cost of care; fees","not_yet_analyzed","Official text is cached, but no explicit analysis establishes offense coverage.","official_current_cache","2026-09-18T15:26:48.070Z","d07811bc0fa3a157da4a8ce27ae594b38e09cb6b5cd04f0962a75a8a9a683e16","https://www.leg.state.fl.us/statutes/index.cfm?App_mode=Display_Statute&URL=0900-0999/0985/Sections/0985.514.html","","","","","false","false","false",""
"section","985.534","","Fla. Stat. § 985.534","Appeal","not_yet_analyzed","Official text is cached, but no explicit analysis establishes offense coverage.","official_current_cache","2026-09-18T15:26:48.070Z","3055e57ac27438e25c1d0d62378eb532fa65aba7b8f2584b53aa49c37bd022c9","https://www.leg.state.fl.us/statutes/index.cfm?App_mode=Display_Statute&URL=0900-0999/0985/Sections/0985.534.html","","","","","false","false","false",""
"section","985.535","","Fla. Stat. § 985.535","Additional grounds for appeal by the state; time for taking","not_yet_analyzed","Official text is cached, but no explicit analysis establishes offense coverage.","official_current_cache","2026-09-18T15:26:48.070Z","072e1e8f7217e3cbff3acdacbc7e64bedc88bdc171c317d25b9f3da73a45cbff","https://www.leg.state.fl.us/statutes/index.cfm?App_mode=Display_Statute&URL=0900-0999/0985/Sections/0985.535.html","","","","","false","false","false",""
"section","985.536","","Fla. Stat. § 985.536","Order or decision when state appeals","not_yet_analyzed","Official text is cached, but no explicit analysis establishes offense coverage.","official_current_cache","2026-09-18T15:26:48.070Z","9e7a458f356e442808cd22056e51699328dcfe5cbf84d931f6a58a279ab12a2d","https://www.leg.state.fl.us/statutes/index.cfm?App_mode=Display_Statute&URL=0900-0999/0985/Sections/0985.536.html","","","","","false","false","false",""
"section","985.556","","Fla. Stat. § 985.556","Waiver of juvenile court jurisdiction; hearing","not_yet_analyzed","Official text is cached, but no explicit analysis establishes offense coverage.","official_current_cache","2026-09-18T15:26:48.070Z","bc64c850c4ddedb1bf20550983119ad678fcab1a2ea934466807de19480998a7","https://www.leg.state.fl.us/statutes/index.cfm?App_mode=Display_Statute&URL=0900-0999/0985/Sections/0985.556.html","","","","","false","false","false",""
"section","985.557","","Fla. Stat. § 985.557","Direct filing of an information; discretionary criteria","not_yet_analyzed","Official text is cached, but no explicit analysis establishes offense coverage.","official_current_cache","2026-09-18T15:26:48.070Z","850359a8fdfcdc0f4f5e128404c1e9e31e501563cfdf455a1c83d1eae556239d","https://www.leg.state.fl.us/statutes/index.cfm?App_mode=Display_Statute&URL=0900-0999/0985/Sections/0985.557.html","","","","","false","false","false",""
"section","985.565","","Fla. Stat. § 985.565","Sentencing powers; procedures; alternatives for juveniles prosecuted as adults","not_yet_analyzed","Official text is cached, but no explicit analysis establishes offense coverage.","official_current_cache","2026-09-18T15:26:48.070Z","a93e8883314ad28346769dcd9300460b96e5e2faeb25a72e5575cc8733df72a2","https://www.leg.state.fl.us/statutes/index.cfm?App_mode=Display_Statute&URL=0900-0999/0985/Sections/0985.565.html","","","","","false","false","false",""
"section","985.601","","Fla. Stat. § 985.601","Administering the juvenile justice continuum","not_yet_analyzed","Official text is cached, but no explicit analysis establishes offense coverage.","official_current_cache","2026-09-18T15:26:48.070Z","4ae2574296a813eee29b890982cc7305a32660313362ac6d974bd7576dccf20f","https://www.leg.state.fl.us/statutes/index.cfm?App_mode=Display_Statute&URL=0900-0999/0985/Sections/0985.601.html","","","","","false","false","false",""
"section","985.614","","Fla. Stat. § 985.614","Children locked out of the home; interagency cooperation","not_yet_analyzed","Official text is cached, but no explicit analysis establishes offense coverage.","official_current_cache","2026-09-18T15:26:48.070Z","2c25493a22a5637ea928b89e56335319273d6c50b6e21a208252f797042c94ff","https://www.leg.state.fl.us/statutes/index.cfm?App_mode=Display_Statute&URL=0900-0999/0985/Sections/0985.614.html","","","","","false","false","false",""
"section","985.618","","Fla. Stat. § 985.618","Educational and career-related programs","not_yet_analyzed","Official text is cached, but no explicit analysis establishes offense coverage.","official_current_cache","2026-09-18T15:26:48.070Z","061831ffdbb58289a8fe78ecef64e1ff85dd2737ddfd111f315117bc1fd79809","https://www.leg.state.fl.us/statutes/index.cfm?App_mode=Display_Statute&URL=0900-0999/0985/Sections/0985.618.html","","","","","false","false","false",""
"section","985.619","","Fla. Stat. § 985.619","Florida Scholars Academy","not_yet_analyzed","Official text is cached, but no explicit analysis establishes offense coverage.","official_current_cache","2026-09-18T15:26:48.070Z","d82a0b026cd7c12015f21271a64a282830d5e21655a4e1cf1a0a37222b65c606","https://www.leg.state.fl.us/statutes/index.cfm?App_mode=Display_Statute&URL=0900-0999/0985/Sections/0985.619.html","","","","","false","false","false",""
"section","985.622","","Fla. Stat. § 985.622","Multiagency plan for career and professional education (CAPE)","not_yet_analyzed","Official text is cached, but no explicit analysis establishes offense coverage.","official_current_cache","2026-09-18T15:26:48.070Z","058d26bd163ec69ad5e3d988bc2eb4722e58a1a2f27d11c6a73c1f1c3568d900","https://www.leg.state.fl.us/statutes/index.cfm?App_mode=Display_Statute&URL=0900-0999/0985/Sections/0985.622.html","","","","","false","false","false",""
"section","985.629","","Fla. Stat. § 985.629","Contracts for the transfer of Florida children in federal custody","not_yet_analyzed","Official text is cached, but no explicit analysis establishes offense coverage.","official_current_cache","2026-09-18T15:26:48.070Z","1366fbcaf6b87122b97d3493279bfd20c657b838980d0a3a516f1e49c9e9612e","https://www.leg.state.fl.us/statutes/index.cfm?App_mode=Display_Statute&URL=0900-0999/0985/Sections/0985.629.html","","","","","false","false","false",""
"section","985.632","","Fla. Stat. § 985.632","Quality improvement and cost-effectiveness; Comprehensive Accountability Report","not_yet_analyzed","Official text is cached, but no explicit analysis establishes offense coverage.","official_current_cache","2026-09-18T15:26:48.070Z","b3670845443d31d230452d0ef078636b494663bd18c298114634e651d1f5718b","https://www.leg.state.fl.us/statutes/index.cfm?App_mode=Display_Statute&URL=0900-0999/0985/Sections/0985.632.html","","","","","false","false","false",""
"section","985.644","","Fla. Stat. § 985.644","Departmental contracting powers; personnel standards and investigation","not_yet_analyzed","Official text is cached, but no explicit analysis establishes offense coverage.","official_current_cache","2026-09-18T15:26:48.070Z","0784d4f69965b91a46b68f00b89306821753d8bae7a1ba4e30c43071e11a0c3d","https://www.leg.state.fl.us/statutes/index.cfm?App_mode=Display_Statute&URL=0900-0999/0985/Sections/0985.644.html","","","","","false","false","false",""
"section","985.645","","Fla. Stat. § 985.645","Protective action response","not_yet_analyzed","Official text is cached, but no explicit analysis establishes offense coverage.","official_current_cache","2026-09-18T15:26:48.070Z","02aba0de0f241b4d939f6db8d588c784e4a9960e8f96cf8240b1753d48e81fef","https://www.leg.state.fl.us/statutes/index.cfm?App_mode=Display_Statute&URL=0900-0999/0985/Sections/0985.645.html","","","","","false","false","false",""
"section","985.648","","Fla. Stat. § 985.648","Consultants","not_yet_analyzed","Official text is cached, but no explicit analysis establishes offense coverage.","official_current_cache","2026-09-18T15:26:48.070Z","1412c95a1a288bea6d8d82c4bb1ef4082a3baf6ab0f8f8f6cb39c86579b01589","https://www.leg.state.fl.us/statutes/index.cfm?App_mode=Display_Statute&URL=0900-0999/0985/Sections/0985.648.html","","","","","false","false","false",""
"section","985.652","","Fla. Stat. § 985.652","Participation of certain programs in the State Risk Management Trust Fund","not_yet_analyzed","Official text is cached, but no explicit analysis establishes offense coverage.","official_current_cache","2026-09-18T15:26:48.070Z","2ec1f0a061d5150d3b70d959088e8520d434fdfbe33cfe0e8e3c3feac0730633","https://www.leg.state.fl.us/statutes/index.cfm?App_mode=Display_Statute&URL=0900-0999/0985/Sections/0985.652.html","","","","","false","false","false",""
"section","985.664","","Fla. Stat. § 985.664","Juvenile justice circuit advisory boards","not_yet_analyzed","Official text is cached, but no explicit analysis establishes offense coverage.","official_current_cache","2026-09-18T15:26:48.070Z","7b7ce99e52bb72ac7bc0e78f4bfedbcb02cdbb913ee629711ef495ce175a076b","https://www.leg.state.fl.us/statutes/index.cfm?App_mode=Display_Statute&URL=0900-0999/0985/Sections/0985.664.html","","","","","false","false","false",""
"section","985.668","","Fla. Stat. § 985.668","Innovation zones","not_yet_analyzed","Official text is cached, but no explicit analysis establishes offense coverage.","official_current_cache","2026-09-18T15:26:48.070Z","8d9aabb87f68d3006eeb1a4b9d034cd3ddab784a79c1f7d482f799f7cdfc11a9","https://www.leg.state.fl.us/statutes/index.cfm?App_mode=Display_Statute&URL=0900-0999/0985/Sections/0985.668.html","","","","","false","false","false",""
"section","985.672","","Fla. Stat. § 985.672","Direct-support organization; definition; use of property; board of directors; audit","not_yet_analyzed","Official text is cached, but no explicit analysis establishes offense coverage.","official_current_cache","2026-09-18T15:26:48.070Z","d338899a5273080dd023ecc19e32e448e845b0ba3135cc72754ae659b5152937","https://www.leg.state.fl.us/statutes/index.cfm?App_mode=Display_Statute&URL=0900-0999/0985/Sections/0985.672.html","","","","","false","false","false",""
"section","985.676","","Fla. Stat. § 985.676","Community juvenile justice partnership grants","not_yet_analyzed","Official text is cached, but no explicit analysis establishes offense coverage.","official_current_cache","2026-09-18T15:26:48.070Z","7df3311989d04c3b608bd3bbfde06919b76d23273e86fcf9f42a7131c7f87343","https://www.leg.state.fl.us/statutes/index.cfm?App_mode=Display_Statute&URL=0900-0999/0985/Sections/0985.676.html","","","","","false","false","false",""
"section","985.682","","Fla. Stat. § 985.682","Siting of facilities; criteria","not_yet_analyzed","Official text is cached, but no explicit analysis establishes offense coverage.","official_current_cache","2026-09-18T15:26:48.070Z","33957c8da24ed691f70937dc3a64ea94ff2486c6a76f233d9e1eee684f8a680a","https://www.leg.state.fl.us/statutes/index.cfm?App_mode=Display_Statute&URL=0900-0999/0985/Sections/0985.682.html","","","","","false","false","false",""
"section","985.688","","Fla. Stat. § 985.688","Administering county and municipal delinquency programs and facilities","not_yet_analyzed","Official text is cached, but no explicit analysis establishes offense coverage.","official_current_cache","2026-09-18T15:26:48.070Z","52a9e829d3bad51f72bb648f76a941159934f36c3c61ddc815af8a08a8e60eef","https://www.leg.state.fl.us/statutes/index.cfm?App_mode=Display_Statute&URL=0900-0999/0985/Sections/0985.688.html","","","","","false","false","false",""
"section","985.692","","Fla. Stat. § 985.692","Juvenile Welfare Trust Fund","not_yet_analyzed","Official text is cached, but no explicit analysis establishes offense coverage.","official_current_cache","2026-09-18T15:26:48.070Z","3d4b39ec9697ec4f173a014f05eac027b731f5a37003d9afe1c3fc0fdf02f98b","https://www.leg.state.fl.us/statutes/index.cfm?App_mode=Display_Statute&URL=0900-0999/0985/Sections/0985.692.html","","","","","false","false","false",""
"section","985.701","","Fla. Stat. § 985.701","Sexual misconduct prohibited; reporting required; penalties","not_yet_analyzed","Official text is cached, but no explicit analysis establishes offense coverage.","official_current_cache","2026-09-18T15:26:48.070Z","4f12460c4787e5b107ab8f50133c8a9c78f7b019e235733dc8a61c163ec6aba0","https://www.leg.state.fl.us/statutes/index.cfm?App_mode=Display_Statute&URL=0900-0999/0985/Sections/0985.701.html","","","","","false","false","false",""
"section","985.702","","Fla. Stat. § 985.702","Willful and malicious neglect of a juvenile offender prohibited; reporting required; penalties","not_yet_analyzed","Official text is cached, but no explicit analysis establishes offense coverage.","official_current_cache","2026-09-18T15:26:48.070Z","ada95dafdb6ebe7b0c9860112a5a4ad24c67cf40d697dd1137e23026a1c2a1ba","https://www.leg.state.fl.us/statutes/index.cfm?App_mode=Display_Statute&URL=0900-0999/0985/Sections/0985.702.html","","","","","false","false","false",""
"section","985.711","","Fla. Stat. § 985.711","Introduction, removal, or possession of certain articles unlawful; penalty","not_yet_analyzed","Official text is cached, but no explicit analysis establishes offense coverage.","official_current_cache","2026-09-18T15:26:48.070Z","c9cbd56f5c4fc56cc9ae8ad5b9d9d353eafc5ec72787438417c3d5315c641d2f","https://www.leg.state.fl.us/statutes/index.cfm?App_mode=Display_Statute&URL=0900-0999/0985/Sections/0985.711.html","","","","","false","false","false",""
"section","985.721","","Fla. Stat. § 985.721","Escapes from secure detention or residential commitment facility","not_yet_analyzed","Official text is cached, but no explicit analysis establishes offense coverage.","official_current_cache","2026-09-18T15:26:48.070Z","dca9e16aaf70347576ac816ef1ef5ff852f74989bcc943ade27bd64feb405f52","https://www.leg.state.fl.us/statutes/index.cfm?App_mode=Display_Statute&URL=0900-0999/0985/Sections/0985.721.html","","","","","false","false","false",""
"section","985.801","","Fla. Stat. § 985.801","Interstate Compact on Juveniles; implementing legislation; legislative findings and policy","not_yet_analyzed","Official text is cached, but no explicit analysis establishes offense coverage.","official_current_cache","2026-09-18T15:26:48.070Z","5eef8803151141e6f199250510970803db9020aa1e3ab995d833a3de3e656ed2","https://www.leg.state.fl.us/statutes/index.cfm?App_mode=Display_Statute&URL=0900-0999/0985/Sections/0985.801.html","","","","","false","false","false",""
"section","985.802","","Fla. Stat. § 985.802","Execution of interstate compact for juveniles","not_yet_analyzed","Official text is cached, but no explicit analysis establishes offense coverage.","official_current_cache","2026-09-18T15:26:48.070Z","be8177a1e6bee4b99074fb9e831a65678352ffb17fa90eeef7b09e9f8fba3241","https://www.leg.state.fl.us/statutes/index.cfm?App_mode=Display_Statute&URL=0900-0999/0985/Sections/0985.802.html","","","","","false","false","false",""
"section","985.4815","","Fla. Stat. § 985.4815","Notification to Department of Law Enforcement of information on juvenile sexual offenders","not_yet_analyzed","Official text is cached, but no explicit analysis establishes offense coverage.","official_current_cache","2026-09-18T15:26:48.070Z","e5fa88ac2494dc067e93f8fe3656b8678bfd9a10ce9093bf00c5cf89f938525e","https://www.leg.state.fl.us/statutes/index.cfm?App_mode=Display_Statute&URL=0900-0999/0985/Sections/0985.4815.html","","","","","false","false","false",""
"section","985.6015","","Fla. Stat. § 985.6015","Shared County/State Juvenile Detention Trust Fund","not_yet_analyzed","Official text is cached, but no explicit analysis establishes offense coverage.","official_current_cache","2026-09-18T15:26:48.070Z","3487d5fc2633b87fed6e0ff99e87501463a9444042f2c0b15848fd3bc569350c","https://www.leg.state.fl.us/statutes/index.cfm?App_mode=Display_Statute&URL=0900-0999/0985/Sections/0985.6015.html","","","","","false","false","false",""
"section","985.6441","","Fla. Stat. § 985.6441","Health care services","not_yet_analyzed","Official text is cached, but no explicit analysis establishes offense coverage.","official_current_cache","2026-09-18T15:26:48.070Z","7dbb782bd5c7a04aee4e23c55bfb7ceac8cbaed71cfd1a73d1fa2aaec010abc5","https://www.leg.state.fl.us/statutes/index.cfm?App_mode=Display_Statute&URL=0900-0999/0985/Sections/0985.6441.html","","","","","false","false","false",""
"section","985.6865","","Fla. Stat. § 985.6865","Juvenile detention costs","not_yet_analyzed","Official text is cached, but no explicit analysis establishes offense coverage.","official_current_cache","2026-09-18T15:26:48.070Z","656b8f236602515b6cdc1570c28e0d69cc03ba1985535d47326c130b56de13db","https://www.leg.state.fl.us/statutes/index.cfm?App_mode=Display_Statute&URL=0900-0999/0985/Sections/0985.6865.html","","","","","false","false","false",""
"section","985.6885","","Fla. Stat. § 985.6885","Persons authorized to visit juvenile facilities","not_yet_analyzed","Official text is cached, but no explicit analysis establishes offense coverage.","official_current_cache","2026-09-18T15:26:48.070Z","12e6020acbce058aa91d27bb81265bf9bae3d351a414c00278e842978851a4dc","https://www.leg.state.fl.us/statutes/index.cfm?App_mode=Display_Statute&URL=0900-0999/0985/Sections/0985.6885.html","","","","","false","false","false",""
"section","985.8025","","Fla. Stat. § 985.8025","State Council for Interstate Juvenile Offender Supervision","not_yet_analyzed","Official text is cached, but no explicit analysis establishes offense coverage.","official_current_cache","2026-09-18T15:26:48.070Z","5ba30012fbff671b3aaf2f91f5ef3d1c240e9b753a1bd5c39469916539ebff7c","https://www.leg.state.fl.us/statutes/index.cfm?App_mode=Display_Statute&URL=0900-0999/0985/Sections/0985.8025.html","","","","","false","false","false",""
"section","1003.21","","Fla. Stat. § 1003.21","School attendance","not_yet_analyzed","Official text is cached, but no explicit analysis establishes offense coverage.","official_current_cache","2026-09-18T15:34:09.240Z","fdac0856e30f9273366093343025b533b3d081c1384f982d7d22cd8daff6b022","https://www.leg.state.fl.us/statutes/index.cfm?App_mode=Display_Statute&URL=1000-1099/1003/Sections/1003.21.html","","","","","false","false","false",""
