"chargeId","catalogLabel","catalogCode","citation","officialSourceUrl","officialTitle","reviewFocus","relatedChargeIds","possibleDuplicate","reviewQuestion","recommendedAction","approvedDisplayName","correctedCitation","correctedSubdivision","canonicalChargeId","decision","otherDetails","note","mappingClassification","mappingConfidence","mappingRationale","evidenceSection","evidenceSubdivision","evidenceCurrentness","evidenceGrading","evidencePenalty","evidenceQuotedSpans","evidenceSourceHash","currentDispositionReason"
"il-vehicular-homicide","Reckless Homicide","5/9-3","720 ILCS 5/9-3","https://www.ilga.gov/legislation/ilcs/documents/072000050K9-3.htm","Involuntary Manslaughter and Reckless Homicide","shared-citation-cluster","il-involuntary-manslaughter","true","Are these distinct Illinois offenses/subsections, or should one row be the canonical catalog entry?","deduplicate-or-split","","","","","","","","shared_citation","low","Multiple catalog rows point to the same official provision; the candidate is shared, not silently deduplicated.","9-3","","effective 2020-01-01 | (Source: P.A. 101-173, eff. 1-1-20.)","(1) Involuntary manslaughter is a Class 3 felony.","(d) Sentence.","title: Sec. 9-3. Involuntary Manslaughter and Reckless Homicide. | currentness: (Source: P.A. 101-173, eff. 1-1-20.) | grading: (1) Involuntary manslaughter is a Class 3 felony. | penalty: (d) Sentence. | offense: 720 ILCS 5/9-3
(720 ILCS 5/9-3) (from Ch. 38, par. 9-3)
Sec. 9-3. Involuntary Manslaughter and Reckless Homicide.
(a) A person who unintentionally kills an individual without lawful
justification commits involuntary manslaughter if his acts whether lawful
or unlawful which cause the death are such as are likely to cause death or
great bodily harm to some individual, and he performs them recklessly,
except in cases in which the cause of the death consists of the driving of
a motor vehicle or operating a snowmobile, all-terrain vehicle, or watercraft,
in which case the person commits reckless homicide. A person commits reckless homicide if he or she unintentionally kills an individual while driving a vehicle and using an incline in a roadway, such as a railroad crossing, bridge
approach, or hill, to cause the vehicle to become airborne.
(b) (Blank).
(c) (Blank).
(d) Sentence.
(1) Involuntary manslaughter is a Class 3 felony.
(2) Reckless homicide is a Class 3 felony.
(e) (Blank).
(e-2) Except as provided in subsection (e-3), in cases involving reckless homicide in which the offense is committed upon a public thoroughfare where children pass going to and from school when a school crossing guard is performing official duties, the penalty is a Class 2 felony, for which a
person, if sentenced to a term of imprisonment, shall be sentenced to a term of
not less than 3 years and not more than 14 years.
(e-3) In cases involving reckless homicide in which (i) the offense is committed upon a public thoroughfare where children pass going to and from school when a school crossing guard is performing official duties and (ii) the defendant causes the deaths of 2 or more persons as part of a single course of conduct, the penalty is a Class 2 felony, for which a
person, if sentenced to a term of imprisonment, shall be sentenced to a term of
not less than 6 years and not more than 28 years.
(e-5) (Blank).
(e-7) Except as otherwise provided in subsection (e-8), in cases involving
reckless homicide in which the defendant: (1)
was
driving in a construction or maintenance zone, as defined in Section 11-605.1
of the Illinois Vehicle Code, or (2) was operating a vehicle while failing or refusing to comply with any lawful order or direction of any authorized police officer or traffic control aide engaged in traffic control,
the penalty is a Class 2 felony, for which a
person, if sentenced to a term of imprisonment, shall be sentenced to a term of
not less than 3 years and not more than 14 years.
(e-8) In cases involving reckless homicide in which the defendant caused the deaths of 2 or more persons as part of a single course of conduct and: (1) was
driving in a construction or maintenance zone, as defined in Section 11-605.1
of the Illinois Vehicle Code, or (2) was operating a vehicle while failing or refusing to comply with any lawful order or direction of any authorized police officer or traffic control aide engaged in traffic control,
the penalty is a Class 2 felony, for which a
person, if sentenced to a term of imprisonment, shall be sentenced to a term of
not less than 6 years and not more than 28 years.
(e-9) In cases involving reckless homicide in which the defendant drove a vehicle and used an incline in a roadway, such as a railroad crossing, bridge
approach, or hill, to cause the vehicle to become airborne, and caused the deaths of 2 or more persons as
part of a single course of conduct,
the penalty is a Class 2 felony.
(e-10) In cases involving involuntary manslaughter or reckless homicide resulting in the death of a peace officer killed in the performance of his or her duties as a peace officer, the penalty is a Class 2 felony.
(e-11)
In cases involving reckless homicide in which the defendant unintentionally kills an individual while driving in a posted school zone, as defined in Section 11-605 of the Illinois Vehicle Code, while children are present or in a construction or maintenance zone, as defined in Section 11-605.1 of the Illinois Vehicle Code, when construction or maintenance workers are present the trier of fact may infer that the defendant's actions were performed recklessly where he or she was also either driving at a speed of more than 20 miles per hour in excess of the posted speed limit or violating Section 11-501 of the Illinois Vehicle Code.
(e-12) Except as otherwise provided in subsection (e-13), in cases involving
reckless homicide in which the offense was committed as result
of a violation of subsection (c) of Section 11-907 of the Illinois Vehicle Code,
the penalty is a Class 2 felony, for which a
person, if sentenced to a term of imprisonment, shall be sentenced to a term of
not less than 3 years and not more than 14 years.
(e-13) In cases involving
reckless homicide in which the offense was committed as result
of a violation of subsection (c) of Section 11-907 of the Illinois Vehicle Code and the defendant caused the deaths of 2 or more persons as
part of a single course of conduct,
the penalty is a Class 2 felony, for which a
person, if sentenced to a term of imprisonment, shall be sentenced to a term of
not less than 6 years and not more than 28 years.
(e-14)
In cases involving reckless homicide in which the defendant unintentionally kills an individual, the trier of fact may infer that the defendant's actions were performed recklessly where he or she was also violating subsection (c) of Section 11-907 of the Illinois Vehicle Code. The penalty for a reckless homicide in which the driver also violated subsection (c) of Section 11-907 of the Illinois Vehicle Code is a Class 2 felony, for which a person, if sentenced to a term of imprisonment, shall be sentenced to a term of not less than 3 years and not more than 14 years.
(e-15) In cases involving reckless homicide in which the defendant was operating a vehicle while failing or refusing to comply with subsection (c) of Section 11-907 of the Illinois Vehicle Code resulting in the death of a firefighter or emergency medical services personnel in the performance of his or her official duties, the penalty is a Class 2 felony.
(f) In cases involving involuntary manslaughter in which the victim was a
family or household member as defined in paragraph (3) of Section 112A-3 of the
Code of
Criminal Procedure of 1963, the penalty shall be a Class 2 felony, for which a
person if sentenced to a term of imprisonment, shall be sentenced to a term of
not less than 3 years and not more than 14 years.
(Source: P.A. 101-173, eff. 1-1-20.)","fd4bd08158b833d25f84f17cbb12187fe277ca2b4f93f76ebbf4974a1bc1d38c","The official Illinois title ""Involuntary Manslaughter and Reckless Homicide"" is not an exact or explicitly reviewed mapping for the catalog label."
"il-assault-on-peace-officer","Assault on Peace Officer","5/12-3.05","720 ILCS 5/12-3.05","https://www.ilga.gov/legislation/ilcs/documents/072000050K12-3.05.htm","Aggravated battery","shared-citation-cluster","il-assault-in-the-first-degree","true","Are these distinct Illinois offenses/subsections, or should one row be the canonical catalog entry?","deduplicate-or-split","","","","","","","","shared_citation","low","Multiple catalog rows point to the same official provision; the candidate is shared, not silently deduplicated.","12-3.05","","effective 2024-01-01 | (Source: P.A. 103-51, eff. 1-1-24.)","(h) Sentence. Unless otherwise provided, aggravated battery is a Class 3 felony.","(h) Sentence. Unless otherwise provided, aggravated battery is a Class 3 felony.","title: Sec. 12-3.05. Aggravated battery. | currentness: (Source: P.A. 103-51, eff. 1-1-24.) | grading: (h) Sentence. Unless otherwise provided, aggravated battery is a Class 3 felony. | penalty: (h) Sentence. Unless otherwise provided, aggravated battery is a Class 3 felony. | offense: 720 ILCS 5/12-3.05
(720 ILCS 5/12-3.05) (was 720 ILCS 5/12-4)
Sec. 12-3.05. Aggravated battery.
(a) Offense based on injury. A person commits aggravated battery when, in committing a battery, other than by the discharge of a firearm, he or she knowingly does any of the following:
(1) Causes great bodily harm or permanent disability
or disfigurement.
(2) Causes severe and permanent disability, great
bodily harm, or disfigurement by means of a caustic or flammable substance, a poisonous gas, a deadly biological or chemical contaminant or agent, a radioactive substance, or a bomb or explosive compound.
(3) Causes great bodily harm or permanent disability
or disfigurement to an individual whom the person knows to be a peace officer, community policing volunteer, fireman, private security officer, correctional institution employee, or Department of Human Services employee supervising or controlling sexually dangerous persons or sexually violent persons:
(i) performing his or her official duties;
(ii) battered to prevent performance of his or
her official duties; or
(iii) battered in retaliation for performing his
or her official duties.
(4) Causes great bodily harm or permanent disability
or disfigurement to an individual 60 years of age or older.
(5) Strangles another individual.
(b) Offense based on injury to a child or person with an intellectual disability. A person who is at least 18 years of age commits aggravated battery when, in committing a battery, he or she knowingly and without legal justification by any means:
(1) causes great bodily harm or permanent disability
or disfigurement to any child under the age of 13 years, or to any person with a severe or profound intellectual disability; or
(2) causes bodily harm or disability or disfigurement
to any child under the age of 13 years or to any person with a severe or profound intellectual disability.
(c) Offense based on location of conduct. A person commits aggravated battery when, in committing a battery, other than by the discharge of a firearm, he or she is or the person battered is on or about a public way, public property, a public place of accommodation or amusement, a sports venue, or a domestic violence shelter, or in a church, synagogue, mosque, or other building, structure, or place used for religious worship.
(d) Offense based on status of victim. A person commits aggravated battery when, in committing a battery, other than by discharge of a firearm, he or she knows the individual battered to be any of the following:
(1) A person 60 years of age or older.
(2) A person who is pregnant or has a physical
disability.
(3) A teacher or school employee upon school grounds
or grounds adjacent to a school or in any part of a building used for school purposes.
(4) A peace officer, community policing volunteer,
fireman, private security officer, correctional institution employee, or Department of Human Services employee supervising or controlling sexually dangerous persons or sexually violent persons:
(i) performing his or her official duties;
(ii) battered to prevent performance of his or
her official duties; or
(iii) battered in retaliation for performing his
or her official duties.
(5) A judge, emergency management worker, emergency
medical services personnel, or utility worker:
(i) performing his or her official duties;
(ii) battered to prevent performance of his or
her official duties; or
(iii) battered in retaliation for performing his
or her official duties.
(6) An officer or employee of the State of Illinois,
a unit of local government, or a school district, while performing his or her official duties.
(7) A transit employee performing his or her official
duties, or a transit passenger.
(8) A taxi driver on duty.
(9) A merchant who detains the person for an alleged
commission of retail theft under Section 16-26 of this Code and the person without legal justification by any means causes bodily harm to the merchant.
(10) A person authorized to serve process under
Section 2-202 of the Code of Civil Procedure or a special process server appointed by the circuit court while that individual is in the performance of his or her duties as a process server.
(11) A nurse while in the performance of his or her
duties as a nurse.
(12) A merchant: (i) while performing his or her
duties, including, but not limited to, relaying directions for healthcare or safety from his or her supervisor or employer or relaying health or safety guidelines, recommendations, regulations, or rules from a federal, State, or local public health agency; and (ii) during a disaster declared by the Governor, or a state of emergency declared by the mayor of the municipality in which the merchant is located, due to a public health emergency and for a period of 6 months after such declaration.
(e) Offense based on use of a firearm. A person commits aggravated battery when, in committing a battery, he or she knowingly does any of the following:
(1) Discharges a firearm, other than a machine gun or
a firearm equipped with a silencer, and causes any injury to another person.
(2) Discharges a firearm, other than a machine gun or
a firearm equipped with a silencer, and causes any injury to a person he or she knows to be a peace officer, community policing volunteer, person summoned by a police officer, fireman, private security officer, correctional institution employee, or emergency management worker:
(i) performing his or her official duties;
(ii) battered to prevent performance of his or
her official duties; or
(iii) battered in retaliation for performing his
or her official duties.
(3) Discharges a firearm, other than a machine gun or
a firearm equipped with a silencer, and causes any injury to a person he or she knows to be emergency medical services personnel:
(i) performing his or her official duties;
(ii) battered to prevent performance of his or
her official duties; or
(iii) battered in retaliation for performing his
or her official duties.
(4) Discharges a firearm and causes any injury to a
person he or she knows to be a teacher, a student in a school, or a school employee, and the teacher, student, or employee is upon school grounds or grounds adjacent to a school or in any part of a building used for school purposes.
(5) Discharges a machine gun or a firearm equipped
with a silencer, and causes any injury to another person.
(6) Discharges a machine gun or a firearm equipped
with a silencer, and causes any injury to a person he or she knows to be a peace officer, community policing volunteer, person summoned by a police officer, fireman, private security officer, correctional institution employee or emergency management worker:
(i) performing his or her official duties;
(ii) battered to prevent performance of his or
her official duties; or
(iii) battered in retaliation for performing his
or her official duties.
(7) Discharges a machine gun or a firearm equipped
with a silencer, and causes any injury to a person he or she knows to be emergency medical services personnel:
(i) performing his or her official duties;
(ii) battered to prevent performance of his or
her official duties; or
(iii) battered in retaliation for performing his
or her official duties.
(8) Discharges a machine gun or a firearm equipped
with a silencer, and causes any injury to a person he or she knows to be a teacher, or a student in a school, or a school employee, and the teacher, student, or employee is upon school grounds or grounds adjacent to a school or in any part of a building used for school purposes.
(f) Offense based on use of a weapon or device. A person commits aggravated battery when, in committing a battery, he or she does any of the following:
(1) Uses a deadly weapon other than by discharge of a
firearm, or uses an air rifle as defined in Section 24.8-0.1 of this Code.
(2) Wears a hood, robe, or mask to conceal his or her
identity.
(3) Knowingly and without lawful justification shines
or flashes a laser gunsight or other laser device attached to a firearm, or used in concert with a firearm, so that the laser beam strikes upon or against the person of another.
(4) Knowingly video or audio records the offense with
the intent to disseminate the recording.
(g) Offense based on certain conduct. A person commits aggravated battery when, other than by discharge of a firearm, he or she does any of the following:
(1) Violates Section 401 of the Illinois Controlled
Substances Act by unlawfully delivering a controlled substance to another and any user experiences great bodily harm or permanent disability as a result of the injection, inhalation, or ingestion of any amount of the controlled substance.
(2) Knowingly administers to an individual or causes
him or her to take, without his or her consent or by threat or deception, and for other than medical purposes, any intoxicating, poisonous, stupefying, narcotic, anesthetic, or controlled substance, or gives to another person any food containing any substance or object intended to cause physical injury if eaten.
(3) Knowingly causes or attempts to cause a
correctional institution employee or Department of Human Services employee to come into contact with blood, seminal fluid, urine, or feces by throwing, tossing, or expelling the fluid or material, and the person is an inmate of a penal institution or is a sexually dangerous person or sexually violent person in the custody of the Department of Human Services.
(h) Sentence. Unless otherwise provided, aggravated battery is a Class 3 felony.
Aggravated battery as defined in subdivision (a)(4), (d)(4), or (g)(3) is a Class 2 felony.
Aggravated battery as defined in subdivision (a)(3) or (g)(1) is a Class 1 felony.
Aggravated battery as defined in subdivision (a)(1) is a Class 1 felony when the aggravated battery was intentional and involved the infliction of torture, as defined in paragraph (10) of subsection (b-5) of Section 5-8-1 of the Unified Code of Corrections, as the infliction of or subjection to extreme physical pain, motivated by an intent to increase or prolong the pain, suffering, or agony of the victim.
Aggravated battery as defined in subdivision (a)(1) is a Class 2 felony when the person causes great bodily harm or permanent disability to an individual whom the person knows to be a member of a congregation engaged in prayer or other religious activities at a church, synagogue, mosque, or other building, structure, or place used for religious worship.
Aggravated battery under subdivision (a)(5) is a
Class 1 felony if:
(A) the person used or attempted to use a dangerous
instrument while committing the offense;
(B) the person caused great bodily harm or permanent
disability or disfigurement to the other person while committing the offense; or
(C) the person has been previously convicted of a
violation of subdivision (a)(5) under the laws of this State or laws similar to subdivision (a)(5) of any other state.
Aggravated battery as defined in subdivision (e)(1) is a Class X felony.
Aggravated battery as defined in subdivision (a)(2) is a Class X felony for which a person shall be sentenced to a term of imprisonment of a minimum of 6 years and a maximum of 45 years.
Aggravated battery as defined in subdivision (e)(5) is a Class X felony for which a person shall be sentenced to a term of imprisonment of a minimum of 12 years and a maximum of 45 years.
Aggravated battery as defined in subdivision (e)(2), (e)(3), or (e)(4) is a Class X felony for which a person shall be sentenced to a term of imprisonment of a minimum of 15 years and a maximum of 60 years.
Aggravated battery as defined in subdivision (e)(6), (e)(7), or (e)(8) is a Class X felony for which a person shall be sentenced to a term of imprisonment of a minimum of 20 years and a maximum of 60 years.
Aggravated battery as defined in subdivision (b)(1) is a Class X felony, except that:
(1) if the person committed the offense while armed
with a firearm, 15 years shall be added to the term of imprisonment imposed by the court;
(2) if, during the commission of the offense, the
person personally discharged a firearm, 20 years shall be added to the term of imprisonment imposed by the court;
(3) if, during the commission of the offense, the
person personally discharged a firearm that proximately caused great bodily harm, permanent disability, permanent disfigurement, or death to another person, 25 years or up to a term of natural life shall be added to the term of imprisonment imposed by the court.
(i) Definitions. In this Section:
""Building or other structure used to provide shelter"" has the meaning ascribed to ""shelter"" in Section 1 of the Domestic Violence Shelters Act.
""Domestic violence"" has the meaning ascribed to it in Section 103 of the Illinois Domestic Violence Act of 1986.
""Domestic violence shelter"" means any building or other structure used to provide shelter or other services to victims or to the dependent children of victims of domestic violence pursuant to the Illinois Domestic Violence Act of 1986 or the Domestic Violence Shelters Act, or any place within 500 feet of such a building or other structure in the case of a person who is going to or from such a building or other structure.
""Firearm"" has the meaning provided under Section 1.1
of the Firearm Owners Identification Card Act, and does
not include an air rifle as defined by Section 24.8-0.1 of this Code.
""Machine gun"" has the meaning ascribed to it in Section 24-1 of this Code.
""Merchant"" has the meaning ascribed to it in Section 16-0.1 of this Code.
""Strangle"" means
intentionally impeding the normal breathing or circulation of the blood of an individual by applying pressure on the throat
or neck of that individual or by blocking the nose or mouth of
that individual.
(Source: P.A. 103-51, eff. 1-1-24.)","b8eae42c037d394ff7b7a309cb2c3fba9d8a8d17b07fc73f6d9dc5ecd55020e3","The official Illinois title ""Aggravated battery"" is not an exact or explicitly reviewed mapping for the catalog label."
"il-statutory-rape","Statutory Rape","5/11-1.40","720 ILCS 5/11-1.40","https://www.ilga.gov/legislation/ilcs/documents/072000050K11-1.40.htm","Predatory criminal sexual assault of a child","official-title-mismatch","","false","Does the official Illinois title and quoted offense text cover this catalog offense, or should the row be renamed or reclassified?","correct-or-reclassify","","","","","","","","semantic_conflict","low","The official title ""Predatory criminal sexual assault of a child"" does not establish equivalence to the catalog label.","11-1.40","","effective 2016-01-01 | (Source: P.A. 98-370, eff. 1-1-14; 98-756, eff. 7-16-14; 98-903, eff. 8-15-14; 99-69, eff. 1-1-16.)","(a)(1) commits a Class X felony, for which the person shall be sentenced to a term of imprisonment of not less than 6 years and not more than 60 years. A person convicted of a violation of subsection (a)(2)(A) commits a Class X felony for which 15 years shall be added to the term of imprisonment imposed by the court. A person convicted of a violation of subsection (a)(2)(B) commits a Class X felony for which 20 years shall be added to the term of imprisonment imposed by the court. A person who has attained the age of 18 years at the time of the commission of the offense and who is convicted of a violation of subsection (a)(2)(C) commits a Class X felony for which the person shall be sentenced to a term of imprisonment of not less than 50 years or up to a term of natural life imprisonment. An offender under the age of 18 years at the time of the commission of predatory criminal sexual assault of a child in violation of subsections (a)(1), (a)(2)(A), (a)(2)(B), and (a)(2)(C) shall be sentenced under Section 5-4.5-105 of the Unified Code of Corrections.","(b) Sentence.","title: Sec. 11-1.40. Predatory criminal sexual assault of a child. | currentness: (Source: P.A. 98-370, eff. 1-1-14; 98-756, eff. 7-16-14; 98-903, eff. 8-15-14; 99-69, eff. 1-1-16.) | grading: (a)(1) commits a Class X felony, for which the person shall be sentenced to a term of imprisonment of not less than 6 years and not more than 60 years. A person convicted of a violation of subsection (a)(2)(A) commits a Class X felony for which 15 years shall be added to the term of imprisonment imposed by the court. A person convicted of a violation of subsection (a)(2)(B) commits a Class X felony for which 20 years shall be added to the term of imprisonment imposed by the court. A person who has attained the age of 18 years at the time of the commission of the offense and who is convicted of a violation of subsection (a)(2)(C) commits a Class X felony for which the person shall be sentenced to a term of imprisonment of not less than 50 years or up to a term of natural life imprisonment. An offender under the age of 18 years at the time of the commission of predatory criminal sexual assault of a child in violation of subsections (a)(1), (a)(2)(A), (a)(2)(B), and (a)(2)(C) shall be sentenced under Section 5-4.5-105 of the Unified Code of Corrections. | penalty: (b) Sentence. | offense: 720 ILCS 5/11-1.40
(720 ILCS 5/11-1.40)
(was 720 ILCS 5/12-14.1)
Sec. 11-1.40. Predatory criminal sexual assault of a child.
(a) A person commits predatory criminal sexual assault of a child if that person is 17 years of age or older, and commits an act of contact, however slight, between the sex organ or anus of one person and the part of the body of another for the purpose of sexual gratification or arousal of the victim or the accused, or an act of sexual penetration, and:
(1) the victim is under 13 years of age; or
(2) the victim is under 13 years of age and that
person:
(A) is armed with a firearm;
(B) personally discharges a firearm during the
commission of the offense;
(C) causes great bodily harm to the victim that:
(i) results in permanent disability; or
(ii) is life threatening; or
(D) delivers (by injection, inhalation,
ingestion, transfer of possession, or any other means) any controlled substance to the victim without the victim's consent or by threat or deception, for other than medical purposes.
(b) Sentence.
(1) A person convicted of a violation of subsection
(a)(1) commits a Class X felony, for which the person shall be sentenced to a term of imprisonment of not less than 6 years and not more than 60 years. A person convicted of a violation of subsection (a)(2)(A) commits a Class X felony for which 15 years shall be added to the term of imprisonment imposed by the court. A person convicted of a violation of subsection (a)(2)(B) commits a Class X felony for which 20 years shall be added to the term of imprisonment imposed by the court. A person who has attained the age of 18 years at the time of the commission of the offense and who is convicted of a violation of subsection (a)(2)(C) commits a Class X felony for which the person shall be sentenced to a term of imprisonment of not less than 50 years or up to a term of natural life imprisonment. An offender under the age of 18 years at the time of the commission of predatory criminal sexual assault of a child in violation of subsections (a)(1), (a)(2)(A), (a)(2)(B), and (a)(2)(C) shall be sentenced under Section 5-4.5-105 of the Unified Code of Corrections.
(1.1) A person convicted of a violation of subsection
(a)(2)(D) commits a Class X felony for which the person shall be sentenced to a term of imprisonment of not less than 50 years and not more than 60 years. An offender under the age of 18 years at the time of the commission of predatory criminal sexual assault of a child in violation of subsection (a)(2)(D) shall be sentenced under Section 5-4.5-105 of the Unified Code of Corrections.
(1.2) A person who has attained the age of 18 years
at the time of the commission of the offense and convicted of predatory criminal sexual assault of a child committed against 2 or more persons regardless of whether the offenses occurred as the result of the same act or of several related or unrelated acts shall be sentenced to a term of natural life imprisonment and an offender under the age of 18 years at the time of the commission of the offense shall be sentenced under Section 5-4.5-105 of the Unified Code of Corrections.
(2) A person who has attained the age of 18 years at
the time of the commission of the offense and who is convicted of a second or subsequent offense of predatory criminal sexual assault of a child, or who is convicted of the offense of predatory criminal sexual assault of a child after having previously been convicted of the offense of criminal sexual assault or the offense of aggravated criminal sexual assault, or who is convicted of the offense of predatory criminal sexual assault of a child after having previously been convicted under the laws of this State or any other state of an offense that is substantially equivalent to the offense of predatory criminal sexual assault of a child, the offense of aggravated criminal sexual assault or the offense of criminal sexual assault, shall be sentenced to a term of natural life imprisonment. The commission of the second or subsequent offense is required to have been after the initial conviction for this paragraph (2) to apply. An offender under the age of 18 years at the time of the commission of the offense covered by this paragraph (2) shall be sentenced under Section 5-4.5-105 of the Unified Code of Corrections.
(Source: P.A. 98-370, eff. 1-1-14; 98-756, eff. 7-16-14; 98-903, eff. 8-15-14; 99-69, eff. 1-1-16.)","38f29c79ee9238145af129132aa886fad46859642d4a46dacac9dcfaf1953c8a","The official Illinois title ""Predatory criminal sexual assault of a child"" is not an exact or explicitly reviewed mapping for the catalog label."
"il-child-sexual-abuse","Child Sexual Abuse","5/11-1.60","720 ILCS 5/11-1.60","https://www.ilga.gov/legislation/ilcs/documents/072000050K11-1.60.htm","Aggravated criminal sexual abuse","official-title-mismatch","","false","Does the official Illinois title and quoted offense text cover this catalog offense, or should the row be renamed or reclassified?","correct-or-reclassify","","","","","","","","semantic_conflict","low","The official title ""Aggravated criminal sexual abuse"" does not establish equivalence to the catalog label.","11-1.60","","effective 2022-01-01 | (Source: P.A. 102-567, eff. 1-1-22.)","during the course of committing or attempting to commit any other felony; or","(g) Sentence. Aggravated criminal sexual abuse for a violation of subsection (a), (b), (c), (d) or (e) of this Section is a Class 2 felony. Aggravated criminal sexual abuse for a violation of subsection (f) of this Section is a Class 1 felony.","title: Sec. 11-1.60. Aggravated criminal sexual abuse. | currentness: (Source: P.A. 102-567, eff. 1-1-22.) | grading: during the course of committing or attempting to commit any other felony; or | penalty: (g) Sentence. Aggravated criminal sexual abuse for a violation of subsection (a), (b), (c), (d) or (e) of this Section is a Class 2 felony. Aggravated criminal sexual abuse for a violation of subsection (f) of this Section is a Class 1 felony. | offense: 720 ILCS 5/11-1.60
(720 ILCS 5/11-1.60) (was 720 ILCS 5/12-16)
Sec. 11-1.60. Aggravated criminal sexual abuse.
(a) A person commits aggravated criminal sexual abuse if that person commits criminal sexual abuse and any of the following aggravating circumstances exist (i) during the commission of the offense or (ii) for purposes of paragraph (7), as part of the same course of conduct as the commission of the offense:
(1) the person displays, threatens to use, or uses a
dangerous weapon or any other object fashioned or used in a manner that leads the victim, under the circumstances, reasonably to believe that the object is a dangerous weapon;
(2) the person causes bodily harm to the victim;
(3) the victim is 60 years of age or older;
(4) the victim is a person with a physical disability;
(5) the person acts in a manner that threatens or
endangers the life of the victim or any other person;
(6) the person commits the criminal sexual abuse
during the course of committing or attempting to commit any other felony; or
(7) the person delivers (by injection, inhalation,
ingestion, transfer of possession, or any other means) any controlled substance to the victim for other than medical purposes without the victim's consent or by threat or deception.
(b) A person commits aggravated criminal sexual abuse if that person
commits an act of sexual conduct with a victim who is under 18
years of age
and the person is a family member.
(c) A person commits aggravated criminal sexual abuse if:
(1) that person is 17 years of age or over and: (i)
commits an act of sexual conduct with a victim who is under 13 years of age; or (ii) commits an act of sexual conduct with a victim who is at least 13 years of age but under 17 years of age and the person uses force or threat of force to commit the act; or
(2) that person is under 17 years of age and: (i)
commits an act of sexual conduct with a victim who is under 9 years of age; or (ii) commits an act of sexual conduct with a victim who is at least 9 years of age but under 17 years of age and the person uses force or threat of force to commit the act.
(d) A person commits aggravated criminal sexual abuse if that person
commits an act of sexual penetration or sexual conduct with a victim
who is at least 13
years of age but under 17 years of age and the person is at least 5 years
older than the victim.
(e) A person commits aggravated criminal sexual abuse if that person
commits an act of sexual conduct with a victim who is a
person with a severe or profound intellectual disability.
(f) A person commits aggravated criminal sexual abuse if
that person commits an act of sexual conduct with a victim who is but under 18 years of age and
the person is 17 years of age or over and holds a position of trust,
authority, or supervision in relation to the victim.
(g) Sentence. Aggravated criminal sexual abuse for a violation of subsection (a), (b), (c), (d) or (e) of this Section is a Class 2 felony. Aggravated criminal sexual abuse for a violation of subsection (f) of this Section is a Class 1 felony.
(Source: P.A. 102-567, eff. 1-1-22.)","4d74ca0488c6540adc25e9dc6eda7523018caa8b9dafc0dbefae6b9abfae5cd0","The official Illinois title ""Aggravated criminal sexual abuse"" is not an exact or explicitly reviewed mapping for the catalog label."
"il-sexual-exploitation-of-minor","Sexual Exploitation of Minor","5/11-20.1","720 ILCS 5/11-20.1","https://www.ilga.gov/legislation/ilcs/documents/072000050K11-20.1.htm","Child pornography","official-title-mismatch","","false","Does the official Illinois title and quoted offense text cover this catalog offense, or should the row be renamed or reclassified?","correct-or-reclassify","","","","","","","","semantic_conflict","low","The official title ""Child pornography"" does not establish equivalence to the catalog label.","11-20.1","","effective 2026-01-01 | (Source: P.A. 102-567, eff. 1-1-22; 103-825, eff. 1-1-25; 103-1081, eff. 3-21-25.)","(c) If the violation does not involve a film, videotape, or other moving depiction, a violation of paragraph (1), (4), (5), or (7) of subsection (a) is a Class 1 felony with a mandatory minimum fine of $2,000 and a maximum fine of $100,000. If the violation involves a film, videotape, or other moving depiction, a violation of paragraph (1), (4), (5), or (7) of subsection (a) is a Class X felony with a mandatory minimum fine of $2,000 and a maximum fine of $100,000. If the violation does not involve a film, videotape, or other moving depiction, a violation of paragraph (3) of subsection (a) is a Class 1 felony with a mandatory minimum fine of $1500 and a maximum fine of $100,000. If the violation involves a film, videotape, or other moving depiction, a violation of paragraph (3) of subsection (a) is a Class X felony with a mandatory minimum fine of $1500 and a maximum fine of $100,000. If the violation does not involve a film, videotape, or other moving depiction, a violation of paragraph (2) of subsection (a) is a Class 1 felony with a mandatory minimum fine of $1000 and a maximum fine of $100,000. If the violation involves a film, videotape, or other moving depiction, a violation of paragraph (2) of subsection (a) is a Class X felony with a mandatory minimum fine of $1000 and a maximum fine of $100,000. If the violation does not involve a film, videotape, or other moving depiction, a violation of paragraph (6) of subsection (a) is a Class 3 felony with a mandatory minimum fine of $1000 and a maximum fine of $100,000. If the violation involves a film, videotape, or other moving depiction, a violation of paragraph (6) of subsection (a) is a Class 2 felony with a mandatory minimum fine of $1000 and a maximum fine of $100,000.","(c) If the violation does not involve a film, videotape, or other moving depiction, a violation of paragraph (1), (4), (5), or (7) of subsection (a) is a Class 1 felony with a mandatory minimum fine of $2,000 and a maximum fine of $100,000. If the violation involves a film, videotape, or other moving depiction, a violation of paragraph (1), (4), (5), or (7) of subsection (a) is a Class X felony with a mandatory minimum fine of $2,000 and a maximum fine of $100,000. If the violation does not involve a film, videotape, or other moving depiction, a violation of paragraph (3) of subsection (a) is a Class 1 felony with a mandatory minimum fine of $1500 and a maximum fine of $100,000. If the violation involves a film, videotape, or other moving depiction, a violation of paragraph (3) of subsection (a) is a Class X felony with a mandatory minimum fine of $1500 and a maximum fine of $100,000. If the violation does not involve a film, videotape, or other moving depiction, a violation of paragraph (2) of subsection (a) is a Class 1 felony with a mandatory minimum fine of $1000 and a maximum fine of $100,000. If the violation involves a film, videotape, or other moving depiction, a violation of paragraph (2) of subsection (a) is a Class X felony with a mandatory minimum fine of $1000 and a maximum fine of $100,000. If the violation does not involve a film, videotape, or other moving depiction, a violation of paragraph (6) of subsection (a) is a Class 3 felony with a mandatory minimum fine of $1000 and a maximum fine of $100,000. If the violation involves a film, videotape, or other moving depiction, a violation of paragraph (6) of subsection (a) is a Class 2 felony with a mandatory minimum fine of $1000 and a maximum fine of $100,000.","title: Sec. 11-20.1. Child pornography. | currentness: (Source: P.A. 102-567, eff. 1-1-22; 103-825, eff. 1-1-25; 103-1081, eff. 3-21-25.) | grading: (c) If the violation does not involve a film, videotape, or other moving depiction, a violation of paragraph (1), (4), (5), or (7) of subsection (a) is a Class 1 felony with a mandatory minimum fine of $2,000 and a maximum fine of $100,000. If the violation involves a film, videotape, or other moving depiction, a violation of paragraph (1), (4), (5), or (7) of subsection (a) is a Class X felony with a mandatory minimum fine of $2,000 and a maximum fine of $100,000. If the violation does not involve a film, videotape, or other moving depiction, a violation of paragraph (3) of subsection (a) is a Class 1 felony with a mandatory minimum fine of $1500 and a maximum fine of $100,000. If the violation involves a film, videotape, or other moving depiction, a violation of paragraph (3) of subsection (a) is a Class X felony with a mandatory minimum fine of $1500 and a maximum fine of $100,000. If the violation does not involve a film, videotape, or other moving depiction, a violation of paragraph (2) of subsection (a) is a Class 1 felony with a mandatory minimum fine of $1000 and a maximum fine of $100,000. If the violation involves a film, videotape, or other moving depiction, a violation of paragraph (2) of subsection (a) is a Class X felony with a mandatory minimum fine of $1000 and a maximum fine of $100,000. If the violation does not involve a film, videotape, or other moving depiction, a violation of paragraph (6) of subsection (a) is a Class 3 felony with a mandatory minimum fine of $1000 and a maximum fine of $100,000. If the violation involves a film, videotape, or other moving depiction, a violation of paragraph (6) of subsection (a) is a Class 2 felony with a mandatory minimum fine of $1000 and a maximum fine of $100,000. | penalty: (c) If the violation does not involve a film, videotape, or other moving depiction, a violation of paragraph (1), (4), (5), or (7) of subsection (a) is a Class 1 felony with a mandatory minimum fine of $2,000 and a maximum fine of $100,000. If the violation involves a film, videotape, or other moving depiction, a violation of paragraph (1), (4), (5), or (7) of subsection (a) is a Class X felony with a mandatory minimum fine of $2,000 and a maximum fine of $100,000. If the violation does not involve a film, videotape, or other moving depiction, a violation of paragraph (3) of subsection (a) is a Class 1 felony with a mandatory minimum fine of $1500 and a maximum fine of $100,000. If the violation involves a film, videotape, or other moving depiction, a violation of paragraph (3) of subsection (a) is a Class X felony with a mandatory minimum fine of $1500 and a maximum fine of $100,000. If the violation does not involve a film, videotape, or other moving depiction, a violation of paragraph (2) of subsection (a) is a Class 1 felony with a mandatory minimum fine of $1000 and a maximum fine of $100,000. If the violation involves a film, videotape, or other moving depiction, a violation of paragraph (2) of subsection (a) is a Class X felony with a mandatory minimum fine of $1000 and a maximum fine of $100,000. If the violation does not involve a film, videotape, or other moving depiction, a violation of paragraph (6) of subsection (a) is a Class 3 felony with a mandatory minimum fine of $1000 and a maximum fine of $100,000. If the violation involves a film, videotape, or other moving depiction, a violation of paragraph (6) of subsection (a) is a Class 2 felony with a mandatory minimum fine of $1000 and a maximum fine of $100,000. | offense: 720 ILCS 5/11-20.1
(720 ILCS 5/11-20.1) (from Ch. 38, par. 11-20.1)
(Text of Section from P.A. 103-1081)
Sec. 11-20.1. Child pornography.
(a) A person commits child pornography who:
(1) films, videotapes, photographs, or otherwise
depicts or portrays by means of any similar visual medium or reproduction or depicts by computer any child whom he or she knows or reasonably should know to be under the age of 18 or any person with a severe or profound intellectual disability where such child or person with a severe or profound intellectual disability is:
(i) actually or by simulation engaged in any act
of sexual penetration or sexual conduct with any person or animal; or
(ii) actually or by simulation engaged in any act
of sexual penetration or sexual conduct involving the sex organs of the child or person with a severe or profound intellectual disability and the mouth, anus, or sex organs of another person or animal; or which involves the mouth, anus or sex organs of the child or person with a severe or profound intellectual disability and the sex organs of another person or animal; or
(iii) actually or by simulation engaged in any
act of masturbation; or
(iv) actually or by simulation portrayed as being
the object of, or otherwise engaged in, any act of lewd fondling, touching, or caressing involving another person or animal; or
(v) actually or by simulation engaged in any act
of excretion or urination within a sexual context; or
(vi) actually or by simulation portrayed or
depicted as bound, fettered, or subject to sadistic, masochistic, or sadomasochistic abuse in any sexual context; or
(vii) depicted or portrayed in any pose, posture
or setting involving a lewd exhibition of the unclothed or transparently clothed genitals, pubic area, buttocks, or, if such person is female, a fully or partially developed breast of the child or other person; or
(2) with the knowledge of the nature or content
thereof, reproduces, disseminates, offers to disseminate, exhibits or possesses with intent to disseminate any film, videotape, photograph or other similar visual reproduction or depiction by computer of any child or person with a severe or profound intellectual disability whom the person knows or reasonably should know to be under the age of 18 or to be a person with a severe or profound intellectual disability, engaged in any activity described in subparagraphs (i) through (vii) of paragraph (1) of this subsection; or
(3) with knowledge of the subject matter or theme
thereof, produces any stage play, live performance, film, videotape or other similar visual portrayal or depiction by computer which includes a child whom the person knows or reasonably should know to be under the age of 18 or a person with a severe or profound intellectual disability engaged in any activity described in subparagraphs (i) through (vii) of paragraph (1) of this subsection; or
(4) solicits, uses, persuades, induces, entices, or
coerces any child whom he or she knows or reasonably should know to be under the age of 18 or a person with a severe or profound intellectual disability to appear in any stage play, live presentation, film, videotape, photograph or other similar visual reproduction or depiction by computer in which the child or person with a severe or profound intellectual disability is or will be depicted, actually or by simulation, in any act, pose or setting described in subparagraphs (i) through (vii) of paragraph (1) of this subsection; or
(5) is a parent, step-parent, legal guardian or other
person having care or custody of a child whom the person knows or reasonably should know to be under the age of 18 or a person with a severe or profound intellectual disability and who knowingly permits, induces, promotes, or arranges for such child or person with a severe or profound intellectual disability to appear in any stage play, live performance, film, videotape, photograph or other similar visual presentation, portrayal or simulation or depiction by computer of any act or activity described in subparagraphs (i) through (vii) of paragraph (1) of this subsection; or
(6) with knowledge of the nature or content thereof,
possesses any film, videotape, photograph or other similar visual reproduction or depiction by computer of any child or person with a severe or profound intellectual disability whom the person knows or reasonably should know to be under the age of 18 or to be a person with a severe or profound intellectual disability, engaged in any activity described in subparagraphs (i) through (vii) of paragraph (1) of this subsection; or
(7) solicits, or knowingly uses, persuades, induces,
entices, or coerces, a person to provide a child under the age of 18 or a person with a severe or profound intellectual disability to appear in any videotape, photograph, film, stage play, live presentation, or other similar visual reproduction or depiction by computer in which the child or person with a severe or profound intellectual disability will be depicted, actually or by simulation, in any act, pose, or setting described in subparagraphs (i) through (vii) of paragraph (1) of this subsection.
(a-5) The possession of each individual film, videotape, photograph, or other similar visual reproduction or depiction by computer in violation of this Section constitutes a single and separate violation. This subsection (a-5) does not apply to multiple copies of the same film, videotape, photograph, or other similar visual reproduction or depiction by computer that are identical to each other.
(b)(1) It shall be an affirmative defense to a charge of child pornography that the defendant reasonably believed, under all of the circumstances, that the child was 18 years of age or older or that the person was not a person with a severe or profound intellectual disability but only where, prior to the act or acts giving rise to a prosecution under this Section, he or she took some affirmative action or made a bonafide inquiry designed to ascertain whether the child was 18 years of age or older or that the person was not a person with a severe or profound intellectual disability and his or her reliance upon the information so obtained was clearly reasonable.
(1.5) Telecommunications carriers, commercial mobile service providers, and providers of information services, including, but not limited to, Internet service providers and hosting service providers, are not liable under this Section by virtue of the transmission, storage, or caching of electronic communications or messages of others or by virtue of the provision of other related telecommunications, commercial mobile services, or information services used by others in violation of this Section.
(2) (Blank).
(3) The charge of child pornography shall not apply to the performance of official duties by law enforcement or prosecuting officers or persons employed by law enforcement or prosecuting agencies, court personnel or attorneys, nor to bonafide treatment or professional education programs conducted by licensed physicians, psychologists or social workers. In any criminal proceeding, any property or material that constitutes child pornography shall remain in the care, custody, and control of either the State or the court. A motion to view the evidence shall comply with subsection (e-5) of this Section.
(3.5) The charge of child pornography does not apply to the creator of a film, video, photograph, or other similar visual image or depiction in which the creator is the sole subject of the film, video, photograph, or other similar visual image or depiction.
(4) If the defendant possessed more than one of the same film, videotape or visual reproduction or depiction by computer in which child pornography is depicted, then the trier of fact may infer that the defendant possessed such materials with the intent to disseminate them.
(5) The charge of child pornography does not apply to a person who does not voluntarily possess a film, videotape, or visual reproduction or depiction by computer in which child pornography is depicted. Possession is voluntary if the defendant knowingly procures or receives a film, videotape, or visual reproduction or depiction for a sufficient time to be able to terminate his or her possession.
(6) Any violation of paragraph (1), (2), (3), (4), (5), or (7) of subsection (a) that includes a child engaged in, solicited for, depicted in, or posed in any act of sexual penetration or bound, fettered, or subject to sadistic, masochistic, or sadomasochistic abuse in a sexual context shall be deemed a crime of violence.
(c) If the violation does not involve a film, videotape, or other moving depiction, a violation of paragraph (1), (4), (5), or (7) of subsection (a) is a Class 1 felony with a mandatory minimum fine of $2,000 and a maximum fine of $100,000. If the violation involves a film, videotape, or other moving depiction, a violation of paragraph (1), (4), (5), or (7) of subsection (a) is a Class X felony with a mandatory minimum fine of $2,000 and a maximum fine of $100,000. If the violation does not involve a film, videotape, or other moving depiction, a violation of paragraph (3) of subsection (a) is a Class 1 felony with a mandatory minimum fine of $1500 and a maximum fine of $100,000. If the violation involves a film, videotape, or other moving depiction, a violation of paragraph (3) of subsection (a) is a Class X felony with a mandatory minimum fine of $1500 and a maximum fine of $100,000. If the violation does not involve a film, videotape, or other moving depiction, a violation of paragraph (2) of subsection (a) is a Class 1 felony with a mandatory minimum fine of $1000 and a maximum fine of $100,000. If the violation involves a film, videotape, or other moving depiction, a violation of paragraph (2) of subsection (a) is a Class X felony with a mandatory minimum fine of $1000 and a maximum fine of $100,000. If the violation does not involve a film, videotape, or other moving depiction, a violation of paragraph (6) of subsection (a) is a Class 3 felony with a mandatory minimum fine of $1000 and a maximum fine of $100,000. If the violation involves a film, videotape, or other moving depiction, a violation of paragraph (6) of subsection (a) is a Class 2 felony with a mandatory minimum fine of $1000 and a maximum fine of $100,000.
(c-5) Where the child depicted is under the age of 13, a violation of paragraph (1), (2), (3), (4), (5), or (7) of subsection (a) is a Class X felony with a mandatory minimum fine of $2,000 and a maximum fine of $100,000. Where the child depicted is under the age of 13, a violation of paragraph (6) of subsection (a) is a Class 2 felony with a mandatory minimum fine of $1,000 and a maximum fine of $100,000. Where the child depicted is under the age of 13, a person who commits a violation of paragraph (1), (2), (3), (4), (5), or (7) of subsection (a) where the defendant has previously been convicted under the laws of this State or any other state of the offense of child pornography, aggravated child pornography, aggravated criminal sexual abuse, aggravated criminal sexual assault, predatory criminal sexual assault of a child, or any of the offenses formerly known as rape, deviate sexual assault, indecent liberties with a child, or aggravated indecent liberties with a child where the victim was under the age of 18 years or an offense that is substantially equivalent to those offenses, is guilty of a Class X felony for which the person shall be sentenced to a term of imprisonment of not less than 9 years with a mandatory minimum fine of $2,000 and a maximum fine of $100,000. Where the child depicted is under the age of 13, a person who commits a violation of paragraph (6) of subsection (a) where the defendant has previously been convicted under the laws of this State or any other state of the offense of child pornography, aggravated child pornography, aggravated criminal sexual abuse, aggravated criminal sexual assault, predatory criminal sexual assault of a child, or any of the offenses formerly known as rape, deviate sexual assault, indecent liberties with a child, or aggravated indecent liberties with a child where the victim was under the age of 18 years or an offense that is substantially equivalent to those offenses, is guilty of a Class 1 felony with a mandatory minimum fine of $1,000 and a maximum fine of $100,000. The issue of whether the child depicted is under the age of 13 is an element of the offense to be resolved by the trier of fact.
(d) If a person is convicted of a second or subsequent violation of this Section within 10 years of a prior conviction, the court shall order a presentence psychiatric examination of the person. The examiner shall report to the court whether treatment of the person is necessary.
(e) Any film, videotape, photograph or other similar visual reproduction or depiction by computer which includes a child under the age of 18 or a person with a severe or profound intellectual disability engaged in any activity described in subparagraphs (i) through (vii) or paragraph 1 of subsection (a), and any material or equipment used or intended for use in photographing, filming, printing, producing, reproducing, manufacturing, projecting, exhibiting, depiction by computer, or disseminating such material shall be seized and forfeited in the manner, method and procedure provided by Section 36-1 of this Code for the seizure and forfeiture of vessels, vehicles and aircraft.
In addition, any person convicted under this Section is subject to the property forfeiture provisions set forth in Article 124B of the Code of Criminal Procedure of 1963.
(e-5) Upon the conclusion of a case brought under this Section, the court shall seal all evidence depicting a victim or witness that is sexually explicit. The evidence may be unsealed and viewed, on a motion of the party seeking to unseal and view the evidence, only for good cause shown and in the discretion of the court. The motion must expressly set forth the purpose for viewing the material. The State's attorney and the victim, if possible, shall be provided reasonable notice of the hearing on the motion to unseal the evidence. Any person entitled to notice of a hearing under this subsection (e-5) may object to the motion.
(f) Definitions. For the purposes of this Section:
(1) ""Disseminate"" means (i) to sell, distribute,
exchange or transfer possession, whether with or without consideration or (ii) to make a depiction by computer available for distribution or downloading through the facilities of any telecommunications network or through any other means of transferring computer programs or data to a computer.
(2) ""Produce"" means to direct, promote, advertise,
publish, manufacture, issue, present or show.
(3) ""Reproduce"" means to make a duplication or copy.
(4) ""Depict by computer"" means to generate or create,
or cause to be created or generated, a computer program or data that, after being processed by a computer either alone or in conjunction with one or more computer programs, results in a visual depiction on a computer monitor, screen, or display.
(5) ""Depiction by computer"" means a computer program
or data that, after being processed by a computer either alone or in conjunction with one or more computer programs, results in a visual depiction on a computer monitor, screen, or display.
(6) ""Computer"", ""computer program"", and ""data"" have
the meanings ascribed to them in Section 17.05 of this Code.
(7) For the purposes of this Section, ""child
pornography"" includes a film, videotape, photograph, or other similar visual medium or reproduction or depiction by computer that is, or appears to be, that of a person, either in part, or in total, under the age of 18 or a person with a severe or profound intellectual disability, regardless of the method by which the film, videotape, photograph, or other similar visual medium or reproduction or depiction by computer is created, adopted, or modified to appear as such. ""Child pornography"" also includes a film, videotape, photograph, or other similar visual medium or reproduction or depiction by computer that is advertised, promoted, presented, described, or distributed in such a manner that conveys the impression that the film, videotape, photograph, or other similar visual medium or reproduction or depiction by computer is of a person under the age of 18 or a person with a severe or profound intellectual disability. ""Child pornography"" includes the depiction of a part of an actual child under the age of 18 who, by manipulation, creation, or modification, appears to be engaged in any activity described in subparagraphs (i) through (vii) of paragraph (1) of subsection (a).
(g) Re-enactment; findings; purposes.
(1) The General Assembly finds and declares that:
(i) Section 50-5 of Public Act 88-680, effective
January 1, 1995, contained provisions amending the child pornography statute, Section 11-20.1 of the Criminal Code of 1961. Section 50-5 also contained other provisions.
(ii) In addition, Public Act 88-680 was entitled
""AN ACT to create a Safe Neighborhoods Law"". (A) Article 5 was entitled JUVENILE JUSTICE and amended the Juvenile Court Act of 1987. (B) Article 15 was entitled GANGS and amended various provisions of the Criminal Code of 1961 and the Unified Code of Corrections. (C) Article 20 was entitled ALCOHOL ABUSE and amended various provisions of the Illinois Vehicle Code. (D) Article 25 was entitled DRUG ABUSE and amended the Cannabis Control Act and the Illinois Controlled Substances Act. (E) Article 30 was entitled FIREARMS and amended the Criminal Code of 1961 and the Code of Criminal Procedure of 1963. (F) Article 35 amended the Criminal Code of 1961, the Rights of Crime Victims and Witnesses Act, and the Unified Code of Corrections. (G) Article 40 amended the Criminal Code of 1961 to increase the penalty for compelling organization membership of persons. (H) Article 45 created the Secure Residential Youth Care Facility Licensing Act and amended the State Finance Act, the Juvenile Court Act of 1987, the Unified Code of Corrections, and the Private Correctional Facility Moratorium Act. (I) Article 50 amended the WIC Vendor Management Act, the Firearm Owners Identification Card Act, the Juvenile Court Act of 1987, the Criminal Code of 1961, the Wrongs to Children Act, and the Unified Code of Corrections.
(iii) On September 22, 1998, the Third District
Appellate Court in People v. Dainty, 701 N.E. 2d 118, ruled that Public Act 88-680 violates the single subject clause of the Illinois Constitution (Article IV, Section 8 (d)) and was unconstitutional in its entirety. As of the time this amendatory Act of 1999 was prepared, People v. Dainty was still subject to appeal.
(iv) Child pornography is a vital concern to the
people of this State and the validity of future prosecutions under the child pornography statute of the Criminal Code of 1961 is in grave doubt.
(2) It is the purpose of this amendatory Act of 1999
to prevent or minimize any problems relating to prosecutions for child pornography that may result from challenges to the constitutional validity of Public Act 88-680 by re-enacting the Section relating to child pornography that was included in Public Act 88-680.
(3) This amendatory Act of 1999 re-enacts Section
11-20.1 of the Criminal Code of 1961, as it has been amended. This re-enactment is intended to remove any question as to the validity or content of that Section; it is not intended to supersede any other Public Act that amends the text of the Section as set forth in this amendatory Act of 1999. The material is shown as existing text (i.e., without underscoring) because, as of the time this amendatory Act of 1999 was prepared, People v. Dainty was subject to appeal to the Illinois Supreme Court.
(4) The re-enactment by this amendatory Act of 1999
of Section 11-20.1 of the Criminal Code of 1961 relating to child pornography that was amended by Public Act 88-680 is not intended, and shall not be construed, to imply that Public Act 88-680 is invalid or to limit or impair any legal argument concerning whether those provisions were substantially re-enacted by other Public Acts.
(Source: P.A. 102-567, eff. 1-1-22; 103-825, eff. 1-1-25; 103-1081, eff. 3-21-25.)
(Text of Section from P.A. 104-245)
Sec. 11-20.1. Child sexual abuse material.
(a) Recognizing the enormous negative societal impact that sexually explicit visual depictions of children engaged in sexual abuse activities have on the children who are abused, and the overarching broader impact these materials and imagery have at various levels to the public, especially when this material is disseminated, we are changing all references in Illinois statutes from ""child pornography"" to ""child sexual abuse material"". It is important that the statutes of the State of Illinois reflect the content and realities of these materials as the sexual abuse and exploitation of children. The word ""pornography"" implied legality involving ""consent"" of which this imagery is not, as children can never ""consent"" to sexual abuse and sexual exploitation. This name change is not a change in meaning, definitions, statutes or application of the laws of this State and all previous references to ""child pornography"" are now encapsulated in ""child sexual abuse materials"".
A person commits child sexual abuse material who:
(1) films, videotapes, photographs, or otherwise
depicts or portrays by means of any similar visual medium or reproduction or depicts by computer any child whom he or she knows or reasonably should know to be under the age of 18 or any person with a severe or profound intellectual disability where such child or person with a severe or profound intellectual disability is:
(i) actually or by simulation engaged in any act
of sexual penetration or sexual conduct with any person or animal; or
(ii) actually or by simulation engaged in any act
of sexual penetration or sexual conduct involving the sex organs of the child or person with a severe or profound intellectual disability and the mouth, anus, or sex organs of another person or animal; or which involves the mouth, anus or sex organs of the child or person with a severe or profound intellectual disability and the sex organs of another person or animal; or
(iii) actually or by simulation engaged in any
act of masturbation; or
(iv) actually or by simulation portrayed as being
the object of, or otherwise engaged in, any act of lewd fondling, touching, or caressing involving another person or animal; or
(v) actually or by simulation engaged in any act
of excretion or urination within a sexual context; or
(vi) actually or by simulation portrayed or
depicted as bound, fettered, or subject to sadistic, masochistic, or sadomasochistic abuse in any sexual context; or
(vii) depicted or portrayed in any pose, posture
or setting involving a lewd exhibition of the unclothed or transparently clothed genitals, pubic area, buttocks, or, if such person is female, a fully or partially developed breast of the child or other person; or
(2) with the knowledge of the nature or content
thereof, reproduces, disseminates, offers to disseminate, exhibits or possesses with intent to disseminate any film, videotape, photograph or other similar visual reproduction or depiction by computer of any child or person with a severe or profound intellectual disability whom the person knows or reasonably should know to be under the age of 18 or to be a person with a severe or profound intellectual disability, engaged in any activity described in subparagraphs (i) through (vii) of paragraph (1) of this subsection; or
(3) with knowledge of the subject matter or theme
thereof, produces any stage play, live performance, film, videotape or other similar visual portrayal or depiction by computer which includes a child whom the person knows or reasonably should know to be under the age of 18 or a person with a severe or profound in","6dc5cd7a49b6027b19c8518863144a57d3690e2fc8b2712fb0ca1aeb19a4f7d2","The official Illinois title ""Child pornography"" is not an exact or explicitly reviewed mapping for the catalog label."
"il-petty-theft","Petty Theft","5/16-1","720 ILCS 5/16-1","https://www.ilga.gov/legislation/ilcs/documents/072000050K16-1.htm","Theft","official-title-mismatch","","false","Does the official Illinois title and quoted offense text cover this catalog offense, or should the row be renamed or reclassified?","correct-or-reclassify","","","","","","","","semantic_conflict","low","The official title ""Theft"" does not establish equivalence to the catalog label.","16-1","","effective 2020-01-01 | (Source: P.A. 101-394, eff. 1-1-20.)","exceeding $500 in value is a Class A misdemeanor.","(b) Sentence.","title: Sec. 16-1. Theft. | currentness: (Source: P.A. 101-394, eff. 1-1-20.) | grading: exceeding $500 in value is a Class A misdemeanor. | penalty: (b) Sentence. | offense: 720 ILCS 5/16-1
(720 ILCS 5/16-1) (from Ch. 38, par. 16-1)
Sec. 16-1. Theft.
(a) A person commits theft when he or she knowingly:
(1) Obtains or exerts unauthorized control over
property of the owner; or
(2) Obtains by deception control over property of the
owner; or
(3) Obtains by threat control over property of the
owner; or
(4) Obtains control over stolen property knowing the
property to have been stolen or under such circumstances as would reasonably induce him or her to believe that the property was stolen; or
(5) Obtains or exerts control over property in the
custody of any law enforcement agency which any law enforcement officer or any individual acting in behalf of a law enforcement agency explicitly represents to the person as being stolen or represents to the person such circumstances as would reasonably induce the person to believe that the property was stolen, and
(A) Intends to deprive the owner permanently of
the use or benefit of the property; or
(B) Knowingly uses, conceals or abandons the
property in such manner as to deprive the owner permanently of such use or benefit; or
(C) Uses, conceals, or abandons the property
knowing such use, concealment or abandonment probably will deprive the owner permanently of such use or benefit.
(b) Sentence.
(1) Theft of property not from the person and not
exceeding $500 in value is a Class A misdemeanor.
(1.1) Theft of property not from the person and not
exceeding $500 in value is a Class 4 felony if the theft was committed in a school or place of worship or if the theft was of governmental property.
(2) A person who has been convicted of theft of
property not from the person and not exceeding $500 in value who has been previously convicted of any type of theft, robbery, armed robbery, burglary, residential burglary, possession of burglary tools, home invasion, forgery, a violation of Section 4-103, 4-103.1, 4-103.2, or 4-103.3 of the Illinois Vehicle Code relating to the possession of a stolen or converted motor vehicle, or a violation of Section 17-36 of the Criminal Code of 1961 or the Criminal Code of 2012, or Section 8 of the Illinois Credit Card and Debit Card Act is guilty of a Class 4 felony.
(3) (Blank).
(4) Theft of property from the person not exceeding
$500 in value, or theft of property exceeding $500 and not exceeding $10,000 in value, is a Class 3 felony.
(4.1) Theft of property from the person not exceeding
$500 in value, or theft of property exceeding $500 and not exceeding $10,000 in value, is a Class 2 felony if the theft was committed in a school or place of worship or if the theft was of governmental property.
(5) Theft of property exceeding $10,000 and not
exceeding $100,000 in value is a Class 2 felony.
(5.1) Theft of property exceeding $10,000 and not
exceeding $100,000 in value is a Class 1 felony if the theft was committed in a school or place of worship or if the theft was of governmental property.
(6) Theft of property exceeding $100,000 and not
exceeding $500,000 in value is a Class 1 felony.
(6.1) Theft of property exceeding $100,000 in value
is a Class X felony if the theft was committed in a school or place of worship or if the theft was of governmental property.
(6.2) Theft of property exceeding $500,000 and not
exceeding $1,000,000 in value is a Class 1 non-probationable felony.
(6.3) Theft of property exceeding $1,000,000 in value
is a Class X felony.
(7) Theft by deception, as described by paragraph (2)
of subsection (a) of this Section, in which the offender obtained money or property valued at $5,000 or more from a victim 60 years of age or older or a person with a disability is a Class 2 felony.
(8) Theft by deception, as described by paragraph
(2) of subsection (a) of this Section, in which the offender falsely poses as a landlord or agent or employee of the landlord and obtains a rent payment or a security deposit from a tenant is a Class 3 felony if the rent payment or security deposit obtained does not exceed $500.
(9) Theft by deception, as described by paragraph
(2) of subsection (a) of this Section, in which the offender falsely poses as a landlord or agent or employee of the landlord and obtains a rent payment or a security deposit from a tenant is a Class 2 felony if the rent payment or security deposit obtained exceeds $500 and does not exceed $10,000.
(10) Theft by deception, as described by paragraph
(2) of subsection (a) of this Section, in which the offender falsely poses as a landlord or agent or employee of the landlord and obtains a rent payment or a security deposit from a tenant is a Class 1 felony if the rent payment or security deposit obtained exceeds $10,000 and does not exceed $100,000.
(11) Theft by deception, as described by paragraph
(2) of subsection (a) of this Section, in which the offender falsely poses as a landlord or agent or employee of the landlord and obtains a rent payment or a security deposit from a tenant is a Class X felony if the rent payment or security deposit obtained exceeds $100,000.
(c) When a charge of theft of property exceeding a specified value
is brought, the value of the property involved is an element of the offense
to be resolved by the trier of fact as either exceeding or not exceeding
the specified value.
(d) Theft by lessee; permissive inference. The trier of fact may infer evidence that a person intends to deprive the owner permanently of the use or benefit of the property (1) if a
lessee of the personal property of another fails to return it to the
owner within 10 days after written demand from the owner for its
return or (2) if a lessee of the personal property of another fails to return
it to the owner within 24 hours after written demand from the owner for its
return and the lessee had presented identification to the owner that contained
a materially fictitious name, address, or telephone number. A notice in
writing, given after the expiration of the leasing agreement, addressed and
mailed, by registered mail, to the lessee at the address given by him and shown
on the leasing agreement shall constitute proper demand.
(e) Permissive inference; evidence of intent that a person obtains by deception control over property. The trier of fact may infer that a person
""knowingly obtains by deception control over property of the owner"" when he or she
fails to return, within 45 days after written demand from the owner, the
downpayment and any additional payments accepted under a promise, oral or
in writing, to perform services for the owner for consideration of $3,000
or more, and the promisor knowingly without good cause failed to
substantially perform pursuant to the agreement after taking a down payment
of 10% or more of the agreed upon consideration.
This provision shall not apply where the owner initiated the suspension of
performance under the agreement, or where the promisor responds to the
notice within the 45-day notice period. A notice in writing, addressed and
mailed, by registered mail, to the promisor at the last known address of
the promisor, shall constitute proper demand.
(f) Offender's interest in the property.
(1) It is no defense to a charge of theft of property
that the offender has an interest therein, when the owner also has an interest to which the offender is not entitled.
(2) Where the property involved is that of the
offender's spouse, no prosecution for theft may be maintained unless the parties were not living together as man and wife and were living in separate abodes at the time of the alleged theft.
(Source: P.A. 101-394, eff. 1-1-20.)","4f69b80107125d9e50d8366c00d01ffdd667b508be9e3e4a3f05ca9ceb67a17f","The official Illinois title ""Theft"" is not an exact or explicitly reviewed mapping for the catalog label."
"il-theft-by-receiving","Theft by Receiving","5/16-1","720 ILCS 5/16-1(a)(4)","https://www.ilga.gov/legislation/ilcs/documents/072000050K16-1.htm","Theft","official-title-mismatch","","false","Does the official Illinois title and quoted offense text cover this catalog offense, or should the row be renamed or reclassified?","correct-or-reclassify","","","","","","","","semantic_conflict","low","The official title ""Theft"" does not establish equivalence to the catalog label.","16-1","(a)(4)","effective 2020-01-01 | (Source: P.A. 101-394, eff. 1-1-20.)","exceeding $500 in value is a Class A misdemeanor.","(b) Sentence.","title: Sec. 16-1. Theft. | currentness: (Source: P.A. 101-394, eff. 1-1-20.) | grading: exceeding $500 in value is a Class A misdemeanor. | penalty: (b) Sentence. | offense: 720 ILCS 5/16-1
(720 ILCS 5/16-1) (from Ch. 38, par. 16-1)
Sec. 16-1. Theft.
(a) A person commits theft when he or she knowingly:
(1) Obtains or exerts unauthorized control over
property of the owner; or
(2) Obtains by deception control over property of the
owner; or
(3) Obtains by threat control over property of the
owner; or
(4) Obtains control over stolen property knowing the
property to have been stolen or under such circumstances as would reasonably induce him or her to believe that the property was stolen; or
(5) Obtains or exerts control over property in the
custody of any law enforcement agency which any law enforcement officer or any individual acting in behalf of a law enforcement agency explicitly represents to the person as being stolen or represents to the person such circumstances as would reasonably induce the person to believe that the property was stolen, and
(A) Intends to deprive the owner permanently of
the use or benefit of the property; or
(B) Knowingly uses, conceals or abandons the
property in such manner as to deprive the owner permanently of such use or benefit; or
(C) Uses, conceals, or abandons the property
knowing such use, concealment or abandonment probably will deprive the owner permanently of such use or benefit.
(b) Sentence.
(1) Theft of property not from the person and not
exceeding $500 in value is a Class A misdemeanor.
(1.1) Theft of property not from the person and not
exceeding $500 in value is a Class 4 felony if the theft was committed in a school or place of worship or if the theft was of governmental property.
(2) A person who has been convicted of theft of
property not from the person and not exceeding $500 in value who has been previously convicted of any type of theft, robbery, armed robbery, burglary, residential burglary, possession of burglary tools, home invasion, forgery, a violation of Section 4-103, 4-103.1, 4-103.2, or 4-103.3 of the Illinois Vehicle Code relating to the possession of a stolen or converted motor vehicle, or a violation of Section 17-36 of the Criminal Code of 1961 or the Criminal Code of 2012, or Section 8 of the Illinois Credit Card and Debit Card Act is guilty of a Class 4 felony.
(3) (Blank).
(4) Theft of property from the person not exceeding
$500 in value, or theft of property exceeding $500 and not exceeding $10,000 in value, is a Class 3 felony.
(4.1) Theft of property from the person not exceeding
$500 in value, or theft of property exceeding $500 and not exceeding $10,000 in value, is a Class 2 felony if the theft was committed in a school or place of worship or if the theft was of governmental property.
(5) Theft of property exceeding $10,000 and not
exceeding $100,000 in value is a Class 2 felony.
(5.1) Theft of property exceeding $10,000 and not
exceeding $100,000 in value is a Class 1 felony if the theft was committed in a school or place of worship or if the theft was of governmental property.
(6) Theft of property exceeding $100,000 and not
exceeding $500,000 in value is a Class 1 felony.
(6.1) Theft of property exceeding $100,000 in value
is a Class X felony if the theft was committed in a school or place of worship or if the theft was of governmental property.
(6.2) Theft of property exceeding $500,000 and not
exceeding $1,000,000 in value is a Class 1 non-probationable felony.
(6.3) Theft of property exceeding $1,000,000 in value
is a Class X felony.
(7) Theft by deception, as described by paragraph (2)
of subsection (a) of this Section, in which the offender obtained money or property valued at $5,000 or more from a victim 60 years of age or older or a person with a disability is a Class 2 felony.
(8) Theft by deception, as described by paragraph
(2) of subsection (a) of this Section, in which the offender falsely poses as a landlord or agent or employee of the landlord and obtains a rent payment or a security deposit from a tenant is a Class 3 felony if the rent payment or security deposit obtained does not exceed $500.
(9) Theft by deception, as described by paragraph
(2) of subsection (a) of this Section, in which the offender falsely poses as a landlord or agent or employee of the landlord and obtains a rent payment or a security deposit from a tenant is a Class 2 felony if the rent payment or security deposit obtained exceeds $500 and does not exceed $10,000.
(10) Theft by deception, as described by paragraph
(2) of subsection (a) of this Section, in which the offender falsely poses as a landlord or agent or employee of the landlord and obtains a rent payment or a security deposit from a tenant is a Class 1 felony if the rent payment or security deposit obtained exceeds $10,000 and does not exceed $100,000.
(11) Theft by deception, as described by paragraph
(2) of subsection (a) of this Section, in which the offender falsely poses as a landlord or agent or employee of the landlord and obtains a rent payment or a security deposit from a tenant is a Class X felony if the rent payment or security deposit obtained exceeds $100,000.
(c) When a charge of theft of property exceeding a specified value
is brought, the value of the property involved is an element of the offense
to be resolved by the trier of fact as either exceeding or not exceeding
the specified value.
(d) Theft by lessee; permissive inference. The trier of fact may infer evidence that a person intends to deprive the owner permanently of the use or benefit of the property (1) if a
lessee of the personal property of another fails to return it to the
owner within 10 days after written demand from the owner for its
return or (2) if a lessee of the personal property of another fails to return
it to the owner within 24 hours after written demand from the owner for its
return and the lessee had presented identification to the owner that contained
a materially fictitious name, address, or telephone number. A notice in
writing, given after the expiration of the leasing agreement, addressed and
mailed, by registered mail, to the lessee at the address given by him and shown
on the leasing agreement shall constitute proper demand.
(e) Permissive inference; evidence of intent that a person obtains by deception control over property. The trier of fact may infer that a person
""knowingly obtains by deception control over property of the owner"" when he or she
fails to return, within 45 days after written demand from the owner, the
downpayment and any additional payments accepted under a promise, oral or
in writing, to perform services for the owner for consideration of $3,000
or more, and the promisor knowingly without good cause failed to
substantially perform pursuant to the agreement after taking a down payment
of 10% or more of the agreed upon consideration.
This provision shall not apply where the owner initiated the suspension of
performance under the agreement, or where the promisor responds to the
notice within the 45-day notice period. A notice in writing, addressed and
mailed, by registered mail, to the promisor at the last known address of
the promisor, shall constitute proper demand.
(f) Offender's interest in the property.
(1) It is no defense to a charge of theft of property
that the offender has an interest therein, when the owner also has an interest to which the offender is not entitled.
(2) Where the property involved is that of the
offender's spouse, no prosecution for theft may be maintained unless the parties were not living together as man and wife and were living in separate abodes at the time of the alleged theft.
(Source: P.A. 101-394, eff. 1-1-20.)","4f69b80107125d9e50d8366c00d01ffdd667b508be9e3e4a3f05ca9ceb67a17f","The official Illinois title ""Theft"" is not an exact or explicitly reviewed mapping for the catalog label."
"il-embezzlement","Embezzlement","5/16-1","720 ILCS 5/16-1(a)(2)","https://www.ilga.gov/legislation/ilcs/documents/072000050K16-1.htm","Theft","official-title-mismatch","","false","Does the official Illinois title and quoted offense text cover this catalog offense, or should the row be renamed or reclassified?","correct-or-reclassify","","","","","","","","semantic_conflict","low","The official title ""Theft"" does not establish equivalence to the catalog label.","16-1","(a)(2)","effective 2020-01-01 | (Source: P.A. 101-394, eff. 1-1-20.)","exceeding $500 in value is a Class A misdemeanor.","(b) Sentence.","title: Sec. 16-1. Theft. | currentness: (Source: P.A. 101-394, eff. 1-1-20.) | grading: exceeding $500 in value is a Class A misdemeanor. | penalty: (b) Sentence. | offense: 720 ILCS 5/16-1
(720 ILCS 5/16-1) (from Ch. 38, par. 16-1)
Sec. 16-1. Theft.
(a) A person commits theft when he or she knowingly:
(1) Obtains or exerts unauthorized control over
property of the owner; or
(2) Obtains by deception control over property of the
owner; or
(3) Obtains by threat control over property of the
owner; or
(4) Obtains control over stolen property knowing the
property to have been stolen or under such circumstances as would reasonably induce him or her to believe that the property was stolen; or
(5) Obtains or exerts control over property in the
custody of any law enforcement agency which any law enforcement officer or any individual acting in behalf of a law enforcement agency explicitly represents to the person as being stolen or represents to the person such circumstances as would reasonably induce the person to believe that the property was stolen, and
(A) Intends to deprive the owner permanently of
the use or benefit of the property; or
(B) Knowingly uses, conceals or abandons the
property in such manner as to deprive the owner permanently of such use or benefit; or
(C) Uses, conceals, or abandons the property
knowing such use, concealment or abandonment probably will deprive the owner permanently of such use or benefit.
(b) Sentence.
(1) Theft of property not from the person and not
exceeding $500 in value is a Class A misdemeanor.
(1.1) Theft of property not from the person and not
exceeding $500 in value is a Class 4 felony if the theft was committed in a school or place of worship or if the theft was of governmental property.
(2) A person who has been convicted of theft of
property not from the person and not exceeding $500 in value who has been previously convicted of any type of theft, robbery, armed robbery, burglary, residential burglary, possession of burglary tools, home invasion, forgery, a violation of Section 4-103, 4-103.1, 4-103.2, or 4-103.3 of the Illinois Vehicle Code relating to the possession of a stolen or converted motor vehicle, or a violation of Section 17-36 of the Criminal Code of 1961 or the Criminal Code of 2012, or Section 8 of the Illinois Credit Card and Debit Card Act is guilty of a Class 4 felony.
(3) (Blank).
(4) Theft of property from the person not exceeding
$500 in value, or theft of property exceeding $500 and not exceeding $10,000 in value, is a Class 3 felony.
(4.1) Theft of property from the person not exceeding
$500 in value, or theft of property exceeding $500 and not exceeding $10,000 in value, is a Class 2 felony if the theft was committed in a school or place of worship or if the theft was of governmental property.
(5) Theft of property exceeding $10,000 and not
exceeding $100,000 in value is a Class 2 felony.
(5.1) Theft of property exceeding $10,000 and not
exceeding $100,000 in value is a Class 1 felony if the theft was committed in a school or place of worship or if the theft was of governmental property.
(6) Theft of property exceeding $100,000 and not
exceeding $500,000 in value is a Class 1 felony.
(6.1) Theft of property exceeding $100,000 in value
is a Class X felony if the theft was committed in a school or place of worship or if the theft was of governmental property.
(6.2) Theft of property exceeding $500,000 and not
exceeding $1,000,000 in value is a Class 1 non-probationable felony.
(6.3) Theft of property exceeding $1,000,000 in value
is a Class X felony.
(7) Theft by deception, as described by paragraph (2)
of subsection (a) of this Section, in which the offender obtained money or property valued at $5,000 or more from a victim 60 years of age or older or a person with a disability is a Class 2 felony.
(8) Theft by deception, as described by paragraph
(2) of subsection (a) of this Section, in which the offender falsely poses as a landlord or agent or employee of the landlord and obtains a rent payment or a security deposit from a tenant is a Class 3 felony if the rent payment or security deposit obtained does not exceed $500.
(9) Theft by deception, as described by paragraph
(2) of subsection (a) of this Section, in which the offender falsely poses as a landlord or agent or employee of the landlord and obtains a rent payment or a security deposit from a tenant is a Class 2 felony if the rent payment or security deposit obtained exceeds $500 and does not exceed $10,000.
(10) Theft by deception, as described by paragraph
(2) of subsection (a) of this Section, in which the offender falsely poses as a landlord or agent or employee of the landlord and obtains a rent payment or a security deposit from a tenant is a Class 1 felony if the rent payment or security deposit obtained exceeds $10,000 and does not exceed $100,000.
(11) Theft by deception, as described by paragraph
(2) of subsection (a) of this Section, in which the offender falsely poses as a landlord or agent or employee of the landlord and obtains a rent payment or a security deposit from a tenant is a Class X felony if the rent payment or security deposit obtained exceeds $100,000.
(c) When a charge of theft of property exceeding a specified value
is brought, the value of the property involved is an element of the offense
to be resolved by the trier of fact as either exceeding or not exceeding
the specified value.
(d) Theft by lessee; permissive inference. The trier of fact may infer evidence that a person intends to deprive the owner permanently of the use or benefit of the property (1) if a
lessee of the personal property of another fails to return it to the
owner within 10 days after written demand from the owner for its
return or (2) if a lessee of the personal property of another fails to return
it to the owner within 24 hours after written demand from the owner for its
return and the lessee had presented identification to the owner that contained
a materially fictitious name, address, or telephone number. A notice in
writing, given after the expiration of the leasing agreement, addressed and
mailed, by registered mail, to the lessee at the address given by him and shown
on the leasing agreement shall constitute proper demand.
(e) Permissive inference; evidence of intent that a person obtains by deception control over property. The trier of fact may infer that a person
""knowingly obtains by deception control over property of the owner"" when he or she
fails to return, within 45 days after written demand from the owner, the
downpayment and any additional payments accepted under a promise, oral or
in writing, to perform services for the owner for consideration of $3,000
or more, and the promisor knowingly without good cause failed to
substantially perform pursuant to the agreement after taking a down payment
of 10% or more of the agreed upon consideration.
This provision shall not apply where the owner initiated the suspension of
performance under the agreement, or where the promisor responds to the
notice within the 45-day notice period. A notice in writing, addressed and
mailed, by registered mail, to the promisor at the last known address of
the promisor, shall constitute proper demand.
(f) Offender's interest in the property.
(1) It is no defense to a charge of theft of property
that the offender has an interest therein, when the owner also has an interest to which the offender is not entitled.
(2) Where the property involved is that of the
offender's spouse, no prosecution for theft may be maintained unless the parties were not living together as man and wife and were living in separate abodes at the time of the alleged theft.
(Source: P.A. 101-394, eff. 1-1-20.)","4f69b80107125d9e50d8366c00d01ffdd667b508be9e3e4a3f05ca9ceb67a17f","The official Illinois title ""Theft"" is not an exact or explicitly reviewed mapping for the catalog label."
"il-commercial-burglary","Commercial Burglary","5/19-1","720 ILCS 5/19-1","https://www.ilga.gov/legislation/ilcs/documents/072000050K19-1.htm","Burglary","shared-citation-cluster","il-auto-burglary","true","Are these distinct Illinois offenses/subsections, or should one row be the canonical catalog entry?","deduplicate-or-split","","","","","","","","shared_citation","low","Multiple catalog rows point to the same official provision; the candidate is shared, not silently deduplicated.","19-1","","effective 2026-07-01 | (Source: P.A. 104-480, eff. 7-1-26.)","(a) A person commits burglary when without authority he or she knowingly enters or without authority remains within a building, housetrailer, watercraft, aircraft, motor vehicle, railroad car, freight container, or any part thereof, with intent to commit therein a felony or theft. This offense shall not include the offenses set out in Section 4-102 of the Illinois Vehicle Code.","(b) Sentence.","title: Sec. 19-1. Burglary. | currentness: (Source: P.A. 104-480, eff. 7-1-26.) | grading: (a) A person commits burglary when without authority he or she knowingly enters or without authority remains within a building, housetrailer, watercraft, aircraft, motor vehicle, railroad car, freight container, or any part thereof, with intent to commit therein a felony or theft. This offense shall not include the offenses set out in Section 4-102 of the Illinois Vehicle Code. | penalty: (b) Sentence. | offense: 720 ILCS 5/19-1
(720 ILCS 5/19-1) (from Ch. 38, par. 19-1)
Sec. 19-1. Burglary.
(a) A person commits burglary when without authority he or she knowingly enters or without authority remains within a building, housetrailer, watercraft, aircraft, motor vehicle, railroad car, freight container, or any part thereof, with intent to commit therein a felony or theft. This offense shall not include the offenses set out in Section 4-102 of the Illinois Vehicle Code.
(b) Sentence.
Burglary committed in, and without causing damage to, a watercraft, aircraft, motor vehicle, railroad car, freight container, or any part thereof is a Class 3 felony. Burglary committed in a building, housetrailer, or any part thereof or while causing damage to a watercraft, aircraft, motor vehicle, railroad car, freight container, or any part thereof is a Class 2 felony. A burglary committed in a school, early care and education center, early care and education home, group early care and education home, or part day program, or place of worship is a Class 1 felony, except that this provision does not apply to an early care and education center, early care and education home, group early care and education home, or part day program operated in a private residence used as a dwelling.
(c) Regarding penalties prescribed in subsection (b) for violations committed in an early care and education center, early care and education home, group early care and education home, or part day program, the time of day, time of year, and whether children under 18 years of age were present in the early care and education center, early care and education home, group early care and education home, or part day program are irrelevant.
(Source: P.A. 104-480, eff. 7-1-26.)","3f07c31cc90272252e5ea5d76de424480bc2c48d7f08d4c7acf7f9f27fa7eb02","The official Illinois title ""Burglary"" is not an exact or explicitly reviewed mapping for the catalog label."
"il-robbery-in-the-first-degree","Robbery in the First Degree","5/18-2","720 Ill. Comp. Stat. 5/18-2","https://www.ilga.gov/legislation/ilcs/documents/072000050K18-2.htm","Armed robbery","official-title-mismatch","","false","Does the official Illinois title and quoted offense text cover this catalog offense, or should the row be renamed or reclassified?","correct-or-reclassify","","","","","","","","semantic_conflict","low","The official title ""Armed robbery"" does not establish equivalence to the catalog label.","18-2","","effective 2000-01-01 | (Source: P.A. 91-404, eff. 1-1-00.)","is a Class X felony.","(b) Sentence.","title: Armed robbery. | currentness: (Source: P.A. 91-404, eff. 1-1-00.) | grading: is a Class X felony. | penalty: (b) Sentence. | offense: 720 ILCS 5/18-2
(720 ILCS 5/18-2) (from Ch. 38, par. 18-2)
Sec. 18-2.
Armed robbery.
(a) A person commits armed robbery when he or she violates Section 18-1;
and
(1) he or she carries on or about his or her person
or is otherwise armed with a dangerous weapon other than a firearm; or
(2) he or she carries on or about his or her person
or is otherwise armed with a firearm; or
(3) he or she, during the commission of the offense,
personally discharges a firearm; or
(4) he or she, during the commission of the offense,
personally discharges a firearm that proximately causes great bodily harm, permanent disability, permanent disfigurement, or death to another person.
(b) Sentence.
Armed robbery
in violation of subsection (a)(1)
is a Class X felony.
A violation of subsection (a)(2) is a Class X felony for which 15 years shall
be added to the term of imprisonment imposed by the court. A violation of
subsection (a)(3) is a Class X felony for which 20 years shall be added to the
term of imprisonment imposed by the court. A violation of subsection (a)(4) is
a Class X felony for which 25 years or up to a term of natural life shall be
added to the term of imprisonment imposed by the court.
(Source: P.A. 91-404, eff. 1-1-00.)","19526ae42c32a39c5e2d93dbf12bc7ff82ce768b6b511e4ba86a8c36c6d5c417","The official Illinois title ""Armed robbery"" is not an exact or explicitly reviewed mapping for the catalog label."
"il-robbery-in-the-second-degree","Robbery","5/18-1","720 Ill. Comp. Stat. 5/18-1","https://www.ilga.gov/legislation/ilcs/documents/072000050K18-1.htm","Robbery; aggravated robbery","shared-citation-cluster","il-attempted-robbery;il-bank-robbery","true","Are these distinct Illinois offenses/subsections, or should one row be the canonical catalog entry?","deduplicate-or-split","","","","","","","","shared_citation","low","Multiple catalog rows point to the same official provision; the candidate is shared, not silently deduplicated.","18-1","","effective 2026-07-01 | (Source: P.A. 104-480, eff. 7-1-26.)","Robbery is a Class 2 felony, unless the victim is 60 years of age or over or is a person with a physical disability, or the robbery is committed in a school, early care and education center, early care and education home, group early care and education home, or part day program, or place of worship, in which case robbery is a Class 1 felony. Aggravated robbery is a Class 1 felony.","(c) Sentence.","currentness: (Source: P.A. 104-480, eff. 7-1-26.) | grading: Robbery is a Class 2 felony, unless the victim is 60 years of age or over or is a person with a physical disability, or the robbery is committed in a school, early care and education center, early care and education home, group early care and education home, or part day program, or place of worship, in which case robbery is a Class 1 felony. Aggravated robbery is a Class 1 felony. | penalty: (c) Sentence. | offense: 720 ILCS 5/18-1
(720 ILCS 5/18-1) (from Ch. 38, par. 18-1)
Sec. 18-1. Robbery; aggravated robbery.
(a) Robbery. A person commits robbery when he or she knowingly takes property, except a motor vehicle covered by Section 18-3 or 18-4, from the person or presence of another by the use of force or by threatening the imminent use of force.
(b) Aggravated robbery.
(1) A person commits aggravated robbery when he or
she violates subsection (a) while indicating verbally or by his or her actions to the victim that he or she is presently armed with a firearm or other dangerous weapon, including a knife, club, ax, or bludgeon. This offense shall be applicable even though it is later determined that he or she had no firearm or other dangerous weapon, including a knife, club, ax, or bludgeon, in his or her possession when he or she committed the robbery.
(2) A person commits aggravated robbery when he or
she knowingly takes property from the person or presence of another by delivering (by injection, inhalation, ingestion, transfer of possession, or any other means) to the victim without his or her consent, or by threat or deception, and for other than medical purposes, any controlled substance.
(c) Sentence.
Robbery is a Class 2 felony, unless the victim is 60 years of age or over or is a person with a physical disability, or the robbery is committed in a school, early care and education center, early care and education home, group early care and education home, or part day program, or place of worship, in which case robbery is a Class 1 felony. Aggravated robbery is a Class 1 felony.
(d) Regarding penalties prescribed in subsection (c) for violations committed in an early care and education center, early care and education home, group early care and education home, or part day program, the time of day, time of year, and whether children under 18 years of age were present in the early care and education center, early care and education home, group early care and education home, or part day program are irrelevant.
(Source: P.A. 104-480, eff. 7-1-26.)","13cca672b0235f245817e1af1fda1a032fcdfb302ed61cb0168f6b7cbc2177df","The official Illinois title ""Robbery; aggravated robbery"" is not an exact or explicitly reviewed mapping for the catalog label."
"il-possession-of-controlled-substance","Possession of Controlled Substance","570/402","720 Ill. Comp. Stat. 570/402","https://www.ilga.gov/legislation/ilcs/documents/072005700K402.htm","Except as otherwise authorized by this Act, it is unlawful for","official-title-mismatch","","false","Does the official Illinois title and quoted offense text cover this catalog offense, or should the row be renamed or reclassified?","correct-or-reclassify","","","","","","","","semantic_conflict","low","The official title ""Except as otherwise authorized by this Act, it is unlawful for"" does not establish equivalence to the catalog label.","402","","effective 2018-01-01 | (Source: P.A. 99-371, eff. 1-1-16; 100-368, eff. 1-1-18.)","contrary, is guilty of a Class 1 felony and shall, if sentenced to a term","of imprisonment, be sentenced as provided in this subsection (a) and fined","currentness: (Source: P.A. 99-371, eff. 1-1-16; 100-368, eff. 1-1-18.) | grading: contrary, is guilty of a Class 1 felony and shall, if sentenced to a term | penalty: of imprisonment, be sentenced as provided in this subsection (a) and fined | offense: 720 ILCS 570/402
(720 ILCS 570/402) (from Ch. 56 1/2, par. 1402)
Sec. 402. Except as otherwise authorized by this Act, it is unlawful for
any person knowingly to possess a controlled or counterfeit substance or controlled substance analog.
A violation of this Act with respect to each of the controlled substances
listed herein constitutes a single and separate violation of this Act. For purposes of this Section, ""controlled substance analog"" or ""analog""
means a substance, other than a controlled substance, which is not approved by the United States Food and Drug Administration or, if approved, is not dispensed or possessed in accordance with State or federal law, and that has a chemical structure substantially similar to that of a controlled
substance in Schedule I or II, or that was specifically designed to produce
an effect substantially similar to that of a controlled substance in Schedule
I or II. Examples of chemical classes in which controlled substance analogs
are found include, but are not limited to, the following: phenethylamines,
N-substituted piperidines, morphinans, ecgonines, quinazolinones, substituted
indoles, and arylcycloalkylamines. For purposes of this Act, a controlled
substance analog shall be treated in the same manner as the controlled
substance to which it is substantially similar.
(a) Any person who violates this Section with respect to the following
controlled or counterfeit substances and amounts, notwithstanding any of the
provisions of subsections (c) and (d) to the
contrary, is guilty of a Class 1 felony and shall, if sentenced to a term
of imprisonment, be sentenced as provided in this subsection (a) and fined
as provided in subsection (b):
(1) (A) not less than 4 years and not more than 15
years with respect to 15 grams or more but less than 100 grams of a substance containing heroin;
(B) not less than 6 years and not more than 30
years with respect to 100 grams or more but less than 400 grams of a substance containing heroin;
(C) not less than 8 years and not more than 40
years with respect to 400 grams or more but less than 900 grams of any substance containing heroin;
(D) not less than 10 years and not more than 50
years with respect to 900 grams or more of any substance containing heroin;
(2) (A) not less than 4 years and not more than 15
years with respect to 15 grams or more but less than 100 grams of any substance containing cocaine;
(B) not less than 6 years and not more than 30
years with respect to 100 grams or more but less than 400 grams of any substance containing cocaine;
(C) not less than 8 years and not more than 40
years with respect to 400 grams or more but less than 900 grams of any substance containing cocaine;
(D) not less than 10 years and not more than 50
years with respect to 900 grams or more of any substance containing cocaine;
(3) (A) not less than 4 years and not more than 15
years with respect to 15 grams or more but less than 100 grams of any substance containing morphine;
(B) not less than 6 years and not more than 30
years with respect to 100 grams or more but less than 400 grams of any substance containing morphine;
(C) not less than 6 years and not more than 40
years with respect to 400 grams or more but less than 900 grams of any substance containing morphine;
(D) not less than 10 years and not more than 50
years with respect to 900 grams or more of any substance containing morphine;
(4) 200 grams or more of any substance containing
peyote;
(5) 200 grams or more of any substance containing a
derivative of barbituric acid or any of the salts of a derivative of barbituric acid;
(6) 200 grams or more of any substance containing
amphetamine or any salt of an optical isomer of amphetamine;
(6.5) (blank);
(7) (A) not less than 4 years and not more than 15
years with respect to: (i) 15 grams or more but less than 100 grams of any substance containing lysergic acid diethylamide (LSD), or an analog thereof, or (ii) 15 or more objects or 15 or more segregated parts of an object or objects but less than 200 objects or 200 segregated parts of an object or objects containing in them or having upon them any amount of any substance containing lysergic acid diethylamide (LSD), or an analog thereof;
(B) not less than 6 years and not more than 30
years with respect to: (i) 100 grams or more but less than 400 grams of any substance containing lysergic acid diethylamide (LSD), or an analog thereof, or (ii) 200 or more objects or 200 or more segregated parts of an object or objects but less than 600 objects or less than 600 segregated parts of an object or objects containing in them or having upon them any amount of any substance containing lysergic acid diethylamide (LSD), or an analog thereof;
(C) not less than 8 years and not more than 40
years with respect to: (i) 400 grams or more but less than 900 grams of any substance containing lysergic acid diethylamide (LSD), or an analog thereof, or (ii) 600 or more objects or 600 or more segregated parts of an object or objects but less than 1500 objects or 1500 segregated parts of an object or objects containing in them or having upon them any amount of any substance containing lysergic acid diethylamide (LSD), or an analog thereof;
(D) not less than 10 years and not more than 50
years with respect to: (i) 900 grams or more of any substance containing lysergic acid diethylamide (LSD), or an analog thereof, or (ii) 1500 or more objects or 1500 or more segregated parts of an object or objects containing in them or having upon them any amount of a substance containing lysergic acid diethylamide (LSD), or an analog thereof;
(7.5) (A) not less than 4 years and not more than 15
years with respect to: (i) 15 grams or more but less than 100 grams of any substance listed in paragraph (1), (2), (2.1), (2.2), (3), (14.1), (19), (20), (20.1), (21), (25), or (26) of subsection (d) of Section 204, or an analog or derivative thereof, or (ii) 15 or more pills, tablets, caplets, capsules, or objects but less than 200 pills, tablets, caplets, capsules, or objects containing in them or having upon them any amount of any substance listed in paragraph (1), (2), (2.1), (2.2), (3), (14.1), (19), (20), (20.1), (21), (25), or (26) of subsection (d) of Section 204, or an analog or derivative thereof;
(B) not less than 6 years and not more than 30
years with respect to: (i) 100 grams or more but less than 400 grams of any substance listed in paragraph (1), (2), (2.1), (2.2), (3), (14.1), (19), (20), (20.1), (21), (25), or (26) of subsection (d) of Section 204, or an analog or derivative thereof, or (ii) 200 or more pills, tablets, caplets, capsules, or objects but less than 600 pills, tablets, caplets, capsules, or objects containing in them or having upon them any amount of any substance listed in paragraph (1), (2), (2.1), (2.2), (3), (14.1), (19), (20), (20.1), (21), (25), or (26) of subsection (d) of Section 204, or an analog or derivative thereof;
(C) not less than 8 years and not more than 40
years with respect to: (i) 400 grams or more but less than 900 grams of any substance listed in paragraph (1), (2), (2.1), (2.2), (3), (14.1), (19), (20), (20.1), (21), (25), or (26) of subsection (d) of Section 204, or an analog or derivative thereof, or (ii) 600 or more pills, tablets, caplets, capsules, or objects but less than 1,500 pills, tablets, caplets, capsules, or objects containing in them or having upon them any amount of any substance listed in paragraph (1), (2), (2.1), (2.2), (3), (14.1), (19), (20), (20.1), (21), (25), or (26) of subsection (d) of Section 204, or an analog or derivative thereof;
(D) not less than 10 years and not more than 50
years with respect to: (i) 900 grams or more of any substance listed in paragraph (1), (2), (2.1), (2.2), (3), (14.1), (19), (20), (20.1), (21), (25), or (26) of subsection (d) of Section 204, or an analog or derivative thereof, or (ii) 1,500 or more pills, tablets, caplets, capsules, or objects containing in them or having upon them any amount of a substance listed in paragraph (1), (2), (2.1), (2.2), (3), (14.1), (19), (20), (20.1), (21), (25), or (26) of subsection (d) of Section 204, or an analog or derivative thereof;
(8) 30 grams or more of any substance containing
pentazocine or any of the salts, isomers and salts of isomers of pentazocine, or an analog thereof;
(9) 30 grams or more of any substance containing
methaqualone or any of the salts, isomers and salts of isomers of methaqualone;
(10) 30 grams or more of any substance containing
phencyclidine or any of the salts, isomers and salts of isomers of phencyclidine (PCP);
(10.5) 30 grams or more of any substance containing
ketamine or any of the salts, isomers and salts of isomers of ketamine;
(11) 200 grams or more of any substance containing
any substance classified as a narcotic drug in Schedules I or II, or an analog thereof, which is not otherwise included in this subsection.
(b) Any person sentenced with respect to violations of paragraph (1),
(2), (3), (7), or (7.5) of subsection (a) involving 100
grams or more of the
controlled substance named therein, may in addition to the penalties
provided therein, be fined an amount not to exceed $200,000 or the full
street value of the controlled or counterfeit substances, whichever is
greater. The term ""street value"" shall have the meaning
ascribed in Section 110-5 of the Code of Criminal Procedure of 1963. Any
person sentenced with respect to any other provision of subsection (a), may
in addition to the penalties provided therein, be fined an amount not to
exceed $200,000.
(c) Any person who violates this Section with regard to an amount
of a controlled substance other than methamphetamine or counterfeit substance not set forth in
subsection (a) or (d) is guilty of a Class 4 felony. The fine for a
violation punishable under this subsection (c) shall not be more
than $25,000.
(d) Any person who violates this Section with regard to any amount of
anabolic steroid is guilty of a Class C misdemeanor
for the first offense and a Class B misdemeanor for a subsequent offense
committed within 2 years of a prior conviction.
(Source: P.A. 99-371, eff. 1-1-16; 100-368, eff. 1-1-18.)","0f1137c030c0034e80ad061f5c4111282906c2dd758aa0497f596cadaad9aa4b","The official Illinois title ""Except as otherwise authorized by this Act, it is unlawful for"" is not an exact or explicitly reviewed mapping for the catalog label."
"il-distribution-of-controlled-substance","Distribution of Controlled Substance","570/401","720 Ill. Comp. Stat. 570/401","https://www.ilga.gov/legislation/ilcs/documents/072005700K401.htm","Manufacture or delivery, or possession with intent to","shared-citation-cluster","il-drug-trafficking;il-manufacturing-controlled-substance;il-possession-with-intent-to-distribute","true","Are these distinct Illinois offenses/subsections, or should one row be the canonical catalog entry?","deduplicate-or-split","","","","","","","","shared_citation","low","Multiple catalog rows point to the same official provision; the candidate is shared, not silently deduplicated.","401","","effective 2018-01-01 | (Source: P.A. 99-371, eff. 1-1-16; 99-585, eff. 1-1-17; 100-368, eff. 1-1-18.)","(d), (e), (f), (g) or (h) to the contrary, is guilty of a Class X felony","and shall be sentenced to a term of imprisonment as provided in this subsection","currentness: (Source: P.A. 99-371, eff. 1-1-16; 99-585, eff. 1-1-17; 100-368, eff. 1-1-18.) | grading: (d), (e), (f), (g) or (h) to the contrary, is guilty of a Class X felony | penalty: and shall be sentenced to a term of imprisonment as provided in this subsection | offense: 720 ILCS 570/401
(720 ILCS 570/401) (from Ch. 56 1/2, par. 1401)
Sec. 401. Manufacture or delivery, or possession with intent to
manufacture or deliver, a controlled substance, a counterfeit substance, or controlled substance analog. Except as authorized by this Act, it is unlawful for any
person knowingly to manufacture or deliver, or possess with intent to
manufacture or deliver, a controlled substance other than methamphetamine and other than bath salts as defined in the Bath Salts Prohibition Act sold or offered for sale in a retail mercantile establishment as defined in Section 16-0.1 of the Criminal Code of 2012, a counterfeit substance, or a controlled
substance analog. A violation of this Act with respect to each of the controlled
substances listed herein constitutes a single and separate violation of this
Act. For purposes of this Section, ""controlled substance analog"" or ""analog""
means a substance, other than a controlled substance, which is not approved by the United States Food and Drug Administration or, if approved, is not dispensed or possessed in accordance with State or federal law, and that has a chemical structure substantially similar to that of a controlled
substance in Schedule I or II, or that was specifically designed to produce
an effect substantially similar to that of a controlled substance in Schedule
I or II. Examples of chemical classes in which controlled substance analogs
are found include, but are not limited to, the following: phenethylamines,
N-substituted piperidines, morphinans, ecgonines, quinazolinones, substituted
indoles, and arylcycloalkylamines. For purposes of this Act, a controlled
substance analog shall be treated in the same manner as the controlled
substance to which it is substantially similar.
(a) Any person who violates this Section with respect to the following
amounts of controlled or counterfeit substances or controlled substance
analogs, notwithstanding any of the provisions of subsections (c),
(d), (e), (f), (g) or (h) to the contrary, is guilty of a Class X felony
and shall be sentenced to a term of imprisonment as provided in this subsection
(a) and fined as provided in subsection (b):
(1)(A) not less than 6 years and not more than 30
years with respect to 15 grams or more but less than 100 grams of a substance containing heroin, or an analog thereof;
(B) not less than 9 years and not more than 40 years
with respect to 100 grams or more but less than 400 grams of a substance containing heroin, or an analog thereof;
(C) not less than 12 years and not more than 50 years
with respect to 400 grams or more but less than 900 grams of a substance containing heroin, or an analog thereof;
(D) not less than 15 years and not more than 60 years
with respect to 900 grams or more of any substance containing heroin, or an analog thereof;
(1.5)(A) not less than 6 years and not more than 30
years with respect to 15 grams or more but less than 100 grams of a substance containing fentanyl, or an analog thereof;
(B) not less than 9 years and not more than 40 years
with respect to 100 grams or more but less than 400 grams of a substance containing fentanyl, or an analog thereof;
(C) not less than 12 years and not more than 50 years
with respect to 400 grams or more but less than 900 grams of a substance containing fentanyl, or an analog thereof;
(D) not less than 15 years and not more than 60 years
with respect to 900 grams or more of a substance containing fentanyl, or an analog thereof;
(2)(A) not less than 6 years and not more than 30
years with respect to 15 grams or more but less than 100 grams of a substance containing cocaine, or an analog thereof;
(B) not less than 9 years and not more than 40 years
with respect to 100 grams or more but less than 400 grams of a substance containing cocaine, or an analog thereof;
(C) not less than 12 years and not more than 50 years
with respect to 400 grams or more but less than 900 grams of a substance containing cocaine, or an analog thereof;
(D) not less than 15 years and not more than 60 years
with respect to 900 grams or more of any substance containing cocaine, or an analog thereof;
(3)(A) not less than 6 years and not more than 30
years with respect to 15 grams or more but less than 100 grams of a substance containing morphine, or an analog thereof;
(B) not less than 9 years and not more than 40 years
with respect to 100 grams or more but less than 400 grams of a substance containing morphine, or an analog thereof;
(C) not less than 12 years and not more than 50 years
with respect to 400 grams or more but less than 900 grams of a substance containing morphine, or an analog thereof;
(D) not less than 15 years and not more than 60 years
with respect to 900 grams or more of a substance containing morphine, or an analog thereof;
(4) 200 grams or more of any substance containing
peyote, or an analog thereof;
(5) 200 grams or more of any substance containing a
derivative of barbituric acid or any of the salts of a derivative of barbituric acid, or an analog thereof;
(6) 200 grams or more of any substance containing
amphetamine or any salt of an optical isomer of amphetamine, or an analog thereof;
(6.5) (blank);
(6.6) (blank);
(7)(A) not less than 6 years and not more than 30
years with respect to: (i) 15 grams or more but less than 100 grams of a substance containing lysergic acid diethylamide (LSD), or an analog thereof, or (ii) 15 or more objects or 15 or more segregated parts of an object or objects but less than 200 objects or 200 segregated parts of an object or objects containing in them or having upon them any amounts of any substance containing lysergic acid diethylamide (LSD), or an analog thereof;
(B) not less than 9 years and not more than 40 years
with respect to: (i) 100 grams or more but less than 400 grams of a substance containing lysergic acid diethylamide (LSD), or an analog thereof, or (ii) 200 or more objects or 200 or more segregated parts of an object or objects but less than 600 objects or less than 600 segregated parts of an object or objects containing in them or having upon them any amount of any substance containing lysergic acid diethylamide (LSD), or an analog thereof;
(C) not less than 12 years and not more than 50 years
with respect to: (i) 400 grams or more but less than 900 grams of a substance containing lysergic acid diethylamide (LSD), or an analog thereof, or (ii) 600 or more objects or 600 or more segregated parts of an object or objects but less than 1500 objects or 1500 segregated parts of an object or objects containing in them or having upon them any amount of any substance containing lysergic acid diethylamide (LSD), or an analog thereof;
(D) not less than 15 years and not more than 60 years
with respect to: (i) 900 grams or more of any substance containing lysergic acid diethylamide (LSD), or an analog thereof, or (ii) 1500 or more objects or 1500 or more segregated parts of an object or objects containing in them or having upon them any amount of a substance containing lysergic acid diethylamide (LSD), or an analog thereof;
(7.5)(A) not less than 6 years and not more than 30 years
with respect to: (i) 15 grams or more but less than 100 grams of a substance listed in paragraph (1), (2), (2.1), (2.2), (3), (14.1), (19), (20), (20.1), (21), (25), or (26) of subsection (d) of Section 204, or an analog or derivative thereof, or (ii) 15 or more pills, tablets, caplets, capsules, or objects but less than 200 pills, tablets, caplets, capsules, or objects containing in them or having upon them any amounts of any substance listed in paragraph (1), (2), (2.1), (2.2), (3), (14.1), (19), (20), (20.1), (21), (25), or (26) of subsection (d) of Section 204, or an analog or derivative thereof;
(B) not less than 9 years and not more than 40 years
with respect to: (i) 100 grams or more but less than 400 grams of a substance listed in paragraph (1), (2), (2.1), (2.2), (3), (14.1), (19), (20), (20.1), (21), (25), or (26) of subsection (d) of Section 204, or an analog or derivative thereof, or (ii) 200 or more pills, tablets, caplets, capsules, or objects but less than 600 pills, tablets, caplets, capsules, or objects containing in them or having upon them any amount of any substance listed in paragraph (1), (2), (2.1), (2.2), (3), (14.1), (19), (20), (20.1), (21), (25), or (26) of subsection (d) of Section 204, or an analog or derivative thereof;
(C) not less than 12 years and not more than 50 years
with respect to: (i) 400 grams or more but less than 900 grams of a substance listed in paragraph (1), (2), (2.1), (2.2), (3), (14.1), (19), (20), (20.1), (21), (25), or (26) of subsection (d) of Section 204, or an analog or derivative thereof, or (ii) 600 or more pills, tablets, caplets, capsules, or objects but less than 1,500 pills, tablets, caplets, capsules, or objects containing in them or having upon them any amount of any substance listed in paragraph (1), (2), (2.1), (2.2), (3), (14.1), (19), (20), (20.1), (21), (25), or (26) of subsection (d) of Section 204, or an analog or derivative thereof;
(D) not less than 15 years and not more than 60 years
with respect to: (i) 900 grams or more of any substance listed in paragraph (1), (2), (2.1), (2.2), (3), (14.1), (19), (20), (20.1), (21), (25), or (26) of subsection (d) of Section 204, or an analog or derivative thereof, or (ii) 1,500 or more pills, tablets, caplets, capsules, or objects containing in them or having upon them any amount of a substance listed in paragraph (1), (2), (2.1), (2.2), (3), (14.1), (19), (20), (20.1), (21), (25), or (26) of subsection (d) of Section 204, or an analog or derivative thereof;
(8) 30 grams or more of any substance containing
pentazocine or any of the salts, isomers and salts of isomers of pentazocine, or an analog thereof;
(9) 30 grams or more of any substance containing
methaqualone or any of the salts, isomers and salts of isomers of methaqualone, or an analog thereof;
(10) 30 grams or more of any substance containing
phencyclidine or any of the salts, isomers and salts of isomers of phencyclidine (PCP), or an analog thereof;
(10.5) 30 grams or more of any substance containing
ketamine or any of the salts, isomers and salts of isomers of ketamine, or an analog thereof;
(10.6) 100 grams or more of any substance containing
hydrocodone, or any of the salts, isomers and salts of isomers of hydrocodone, or an analog thereof;
(10.7) (blank);
(10.8) 100 grams or more of any substance containing
dihydrocodeine, or any of the salts, isomers and salts of isomers of dihydrocodeine, or an analog thereof;
(10.9) 100 grams or more of any substance containing
oxycodone, or any of the salts, isomers and salts of isomers of oxycodone, or an analog thereof;
(11) 200 grams or more of any substance containing
any other controlled substance classified in Schedules I or II, or an analog thereof, which is not otherwise included in this subsection.
(b) Any person sentenced with respect to violations of paragraph (1),
(2), (3), (7), or (7.5) of subsection (a) involving
100 grams or
more of the
controlled substance named therein, may in addition to the penalties
provided therein, be fined an amount not more than $500,000 or the full
street value of the controlled or counterfeit substance or controlled substance
analog, whichever is greater. The term ""street value"" shall have the
meaning ascribed in Section 110-5 of the Code of Criminal Procedure of
1963. Any person sentenced with respect to any other provision of
subsection (a), may in addition to the penalties provided therein, be fined
an amount not to exceed $500,000.
(b-1) Excluding violations of this Act when the controlled substance is fentanyl, any person sentenced to a term of imprisonment with respect to violations of Section 401, 401.1, 405, 405.1, 405.2, or 407, when the substance containing the controlled substance contains any amount of fentanyl, 3 years shall be added to the term of imprisonment imposed by the court, and the maximum sentence for the offense shall be increased by 3 years.
(c) Any person who violates this Section with regard to the
following amounts of controlled or counterfeit substances
or controlled substance analogs, notwithstanding any of the provisions of
subsections (a), (b), (d), (e), (f), (g) or (h) to the
contrary, is guilty of a Class 1 felony. The fine for violation of this
subsection (c) shall not be more than $250,000:
(1) 1 gram or more but less than 15 grams of any
substance containing heroin, or an analog thereof;
(1.5) 1 gram or more but less than 15 grams of any
substance containing fentanyl, or an analog thereof;
(2) 1 gram or more but less than 15 grams of any
substance containing cocaine, or an analog thereof;
(3) 10 grams or more but less than 15 grams of any
substance containing morphine, or an analog thereof;
(4) 50 grams or more but less than 200 grams of any
substance containing peyote, or an analog thereof;
(5) 50 grams or more but less than 200 grams of any
substance containing a derivative of barbituric acid or any of the salts of a derivative of barbituric acid, or an analog thereof;
(6) 50 grams or more but less than 200 grams of any
substance containing amphetamine or any salt of an optical isomer of amphetamine, or an analog thereof;
(6.5) (blank);
(7)(i) 5 grams or more but less than 15 grams of any
substance containing lysergic acid diethylamide (LSD), or an analog thereof, or (ii) more than 10 objects or more than 10 segregated parts of an object or objects but less than 15 objects or less than 15 segregated parts of an object containing in them or having upon them any amount of any substance containing lysergic acid diethylamide (LSD), or an analog thereof;
(7.5)(i) 5 grams or more but less than 15 grams of
any substance listed in paragraph (1), (2), (2.1), (2.2), (3), (14.1), (19), (20), (20.1), (21), (25), or (26) of subsection (d) of Section 204, or an analog or derivative thereof, or (ii) more than 10 pills, tablets, caplets, capsules, or objects but less than 15 pills, tablets, caplets, capsules, or objects containing in them or having upon them any amount of any substance listed in paragraph (1), (2), (2.1), (2.2), (3), (14.1), (19), (20), (20.1), (21), (25), or (26) of subsection (d) of Section 204, or an analog or derivative thereof;
(8) 10 grams or more but less than 30 grams of any
substance containing pentazocine or any of the salts, isomers and salts of isomers of pentazocine, or an analog thereof;
(9) 10 grams or more but less than 30 grams of any
substance containing methaqualone or any of the salts, isomers and salts of isomers of methaqualone, or an analog thereof;
(10) 10 grams or more but less than 30 grams of any
substance containing phencyclidine or any of the salts, isomers and salts of isomers of phencyclidine (PCP), or an analog thereof;
(10.5) 10 grams or more but less than 30 grams of any
substance containing ketamine or any of the salts, isomers and salts of isomers of ketamine, or an analog thereof;
(10.6) 50 grams or more but less than 100 grams of
any substance containing hydrocodone, or any of the salts, isomers and salts of isomers of hydrocodone, or an analog thereof;
(10.7) (blank);
(10.8) 50 grams or more but less than 100 grams of
any substance containing dihydrocodeine, or any of the salts, isomers and salts of isomers of dihydrocodeine, or an analog thereof;
(10.9) 50 grams or more but less than 100 grams of
any substance containing oxycodone, or any of the salts, isomers and salts of isomers of oxycodone, or an analog thereof;
(11) 50 grams or more but less than 200 grams of any
substance containing a substance classified in Schedules I or II, or an analog thereof, which is not otherwise included in this subsection.
(c-5) (Blank).
(d) Any person who violates this Section with regard to any other
amount of a controlled or counterfeit substance containing dihydrocodeine or classified in
Schedules I or II, or an analog thereof, which is (i) a narcotic
drug, (ii) lysergic acid diethylamide (LSD) or an analog thereof,
(iii) any
substance containing amphetamine or fentanyl or any salt or optical
isomer of amphetamine or fentanyl, or an analog thereof, or (iv) any
substance containing N-Benzylpiperazine (BZP) or any salt or optical
isomer of N-Benzylpiperazine (BZP), or an analog thereof, is guilty
of a Class 2 felony. The fine for violation of this subsection (d) shall
not be more than $200,000.
(d-5) (Blank).
(e) Any person who violates this Section with regard to any other
amount of a controlled substance other than methamphetamine or counterfeit substance classified in
Schedule I or II, or an analog thereof, which substance is not
included under subsection (d) of this Section, is
guilty of a Class 3 felony. The fine for violation of this subsection (e)
shall not be more than $150,000.
(f) Any person who violates this Section with regard to any other
amount of a controlled or counterfeit substance classified in
Schedule III is guilty of a Class 3 felony. The fine for violation of
this subsection (f) shall not be more than $125,000.
(g) Any person who violates this Section with regard to any other
amount of a controlled or counterfeit substance classified
in Schedule IV is guilty of a Class 3 felony. The fine for violation of
this subsection (g) shall not be more than $100,000.
(h) Any person who violates this Section with regard to any other
amount of a controlled or counterfeit substance classified in
Schedule V is guilty of a Class 3 felony. The fine for violation of this
subsection (h) shall not be more than $75,000.
(i) This Section does not apply to the manufacture, possession or
distribution of a substance in conformance with the provisions of an approved
new drug application or an exemption for investigational use within the
meaning of Section 505 of the Federal Food, Drug and Cosmetic Act.
(j) (Blank).
(Source: P.A. 99-371, eff. 1-1-16; 99-585, eff. 1-1-17; 100-368, eff. 1-1-18.)","5343b983584d4c6f2fe44a598a9aaae94d6e0258a4ae8686c33c5e7dd0f11b93","The official Illinois title ""Manufacture or delivery, or possession with intent to"" is not an exact or explicitly reviewed mapping for the catalog label."
"il-manufacturing-controlled-substance","Manufacturing Controlled Substance","570/401","720 Ill. Comp. Stat. 570/401","https://www.ilga.gov/legislation/ilcs/documents/072005700K401.htm","Manufacture or delivery, or possession with intent to","shared-citation-cluster","il-distribution-of-controlled-substance;il-drug-trafficking;il-possession-with-intent-to-distribute","true","Are these distinct Illinois offenses/subsections, or should one row be the canonical catalog entry?","deduplicate-or-split","","","","","","","","shared_citation","low","Multiple catalog rows point to the same official provision; the candidate is shared, not silently deduplicated.","401","","effective 2018-01-01 | (Source: P.A. 99-371, eff. 1-1-16; 99-585, eff. 1-1-17; 100-368, eff. 1-1-18.)","(d), (e), (f), (g) or (h) to the contrary, is guilty of a Class X felony","and shall be sentenced to a term of imprisonment as provided in this subsection","currentness: (Source: P.A. 99-371, eff. 1-1-16; 99-585, eff. 1-1-17; 100-368, eff. 1-1-18.) | grading: (d), (e), (f), (g) or (h) to the contrary, is guilty of a Class X felony | penalty: and shall be sentenced to a term of imprisonment as provided in this subsection | offense: 720 ILCS 570/401
(720 ILCS 570/401) (from Ch. 56 1/2, par. 1401)
Sec. 401. Manufacture or delivery, or possession with intent to
manufacture or deliver, a controlled substance, a counterfeit substance, or controlled substance analog. Except as authorized by this Act, it is unlawful for any
person knowingly to manufacture or deliver, or possess with intent to
manufacture or deliver, a controlled substance other than methamphetamine and other than bath salts as defined in the Bath Salts Prohibition Act sold or offered for sale in a retail mercantile establishment as defined in Section 16-0.1 of the Criminal Code of 2012, a counterfeit substance, or a controlled
substance analog. A violation of this Act with respect to each of the controlled
substances listed herein constitutes a single and separate violation of this
Act. For purposes of this Section, ""controlled substance analog"" or ""analog""
means a substance, other than a controlled substance, which is not approved by the United States Food and Drug Administration or, if approved, is not dispensed or possessed in accordance with State or federal law, and that has a chemical structure substantially similar to that of a controlled
substance in Schedule I or II, or that was specifically designed to produce
an effect substantially similar to that of a controlled substance in Schedule
I or II. Examples of chemical classes in which controlled substance analogs
are found include, but are not limited to, the following: phenethylamines,
N-substituted piperidines, morphinans, ecgonines, quinazolinones, substituted
indoles, and arylcycloalkylamines. For purposes of this Act, a controlled
substance analog shall be treated in the same manner as the controlled
substance to which it is substantially similar.
(a) Any person who violates this Section with respect to the following
amounts of controlled or counterfeit substances or controlled substance
analogs, notwithstanding any of the provisions of subsections (c),
(d), (e), (f), (g) or (h) to the contrary, is guilty of a Class X felony
and shall be sentenced to a term of imprisonment as provided in this subsection
(a) and fined as provided in subsection (b):
(1)(A) not less than 6 years and not more than 30
years with respect to 15 grams or more but less than 100 grams of a substance containing heroin, or an analog thereof;
(B) not less than 9 years and not more than 40 years
with respect to 100 grams or more but less than 400 grams of a substance containing heroin, or an analog thereof;
(C) not less than 12 years and not more than 50 years
with respect to 400 grams or more but less than 900 grams of a substance containing heroin, or an analog thereof;
(D) not less than 15 years and not more than 60 years
with respect to 900 grams or more of any substance containing heroin, or an analog thereof;
(1.5)(A) not less than 6 years and not more than 30
years with respect to 15 grams or more but less than 100 grams of a substance containing fentanyl, or an analog thereof;
(B) not less than 9 years and not more than 40 years
with respect to 100 grams or more but less than 400 grams of a substance containing fentanyl, or an analog thereof;
(C) not less than 12 years and not more than 50 years
with respect to 400 grams or more but less than 900 grams of a substance containing fentanyl, or an analog thereof;
(D) not less than 15 years and not more than 60 years
with respect to 900 grams or more of a substance containing fentanyl, or an analog thereof;
(2)(A) not less than 6 years and not more than 30
years with respect to 15 grams or more but less than 100 grams of a substance containing cocaine, or an analog thereof;
(B) not less than 9 years and not more than 40 years
with respect to 100 grams or more but less than 400 grams of a substance containing cocaine, or an analog thereof;
(C) not less than 12 years and not more than 50 years
with respect to 400 grams or more but less than 900 grams of a substance containing cocaine, or an analog thereof;
(D) not less than 15 years and not more than 60 years
with respect to 900 grams or more of any substance containing cocaine, or an analog thereof;
(3)(A) not less than 6 years and not more than 30
years with respect to 15 grams or more but less than 100 grams of a substance containing morphine, or an analog thereof;
(B) not less than 9 years and not more than 40 years
with respect to 100 grams or more but less than 400 grams of a substance containing morphine, or an analog thereof;
(C) not less than 12 years and not more than 50 years
with respect to 400 grams or more but less than 900 grams of a substance containing morphine, or an analog thereof;
(D) not less than 15 years and not more than 60 years
with respect to 900 grams or more of a substance containing morphine, or an analog thereof;
(4) 200 grams or more of any substance containing
peyote, or an analog thereof;
(5) 200 grams or more of any substance containing a
derivative of barbituric acid or any of the salts of a derivative of barbituric acid, or an analog thereof;
(6) 200 grams or more of any substance containing
amphetamine or any salt of an optical isomer of amphetamine, or an analog thereof;
(6.5) (blank);
(6.6) (blank);
(7)(A) not less than 6 years and not more than 30
years with respect to: (i) 15 grams or more but less than 100 grams of a substance containing lysergic acid diethylamide (LSD), or an analog thereof, or (ii) 15 or more objects or 15 or more segregated parts of an object or objects but less than 200 objects or 200 segregated parts of an object or objects containing in them or having upon them any amounts of any substance containing lysergic acid diethylamide (LSD), or an analog thereof;
(B) not less than 9 years and not more than 40 years
with respect to: (i) 100 grams or more but less than 400 grams of a substance containing lysergic acid diethylamide (LSD), or an analog thereof, or (ii) 200 or more objects or 200 or more segregated parts of an object or objects but less than 600 objects or less than 600 segregated parts of an object or objects containing in them or having upon them any amount of any substance containing lysergic acid diethylamide (LSD), or an analog thereof;
(C) not less than 12 years and not more than 50 years
with respect to: (i) 400 grams or more but less than 900 grams of a substance containing lysergic acid diethylamide (LSD), or an analog thereof, or (ii) 600 or more objects or 600 or more segregated parts of an object or objects but less than 1500 objects or 1500 segregated parts of an object or objects containing in them or having upon them any amount of any substance containing lysergic acid diethylamide (LSD), or an analog thereof;
(D) not less than 15 years and not more than 60 years
with respect to: (i) 900 grams or more of any substance containing lysergic acid diethylamide (LSD), or an analog thereof, or (ii) 1500 or more objects or 1500 or more segregated parts of an object or objects containing in them or having upon them any amount of a substance containing lysergic acid diethylamide (LSD), or an analog thereof;
(7.5)(A) not less than 6 years and not more than 30 years
with respect to: (i) 15 grams or more but less than 100 grams of a substance listed in paragraph (1), (2), (2.1), (2.2), (3), (14.1), (19), (20), (20.1), (21), (25), or (26) of subsection (d) of Section 204, or an analog or derivative thereof, or (ii) 15 or more pills, tablets, caplets, capsules, or objects but less than 200 pills, tablets, caplets, capsules, or objects containing in them or having upon them any amounts of any substance listed in paragraph (1), (2), (2.1), (2.2), (3), (14.1), (19), (20), (20.1), (21), (25), or (26) of subsection (d) of Section 204, or an analog or derivative thereof;
(B) not less than 9 years and not more than 40 years
with respect to: (i) 100 grams or more but less than 400 grams of a substance listed in paragraph (1), (2), (2.1), (2.2), (3), (14.1), (19), (20), (20.1), (21), (25), or (26) of subsection (d) of Section 204, or an analog or derivative thereof, or (ii) 200 or more pills, tablets, caplets, capsules, or objects but less than 600 pills, tablets, caplets, capsules, or objects containing in them or having upon them any amount of any substance listed in paragraph (1), (2), (2.1), (2.2), (3), (14.1), (19), (20), (20.1), (21), (25), or (26) of subsection (d) of Section 204, or an analog or derivative thereof;
(C) not less than 12 years and not more than 50 years
with respect to: (i) 400 grams or more but less than 900 grams of a substance listed in paragraph (1), (2), (2.1), (2.2), (3), (14.1), (19), (20), (20.1), (21), (25), or (26) of subsection (d) of Section 204, or an analog or derivative thereof, or (ii) 600 or more pills, tablets, caplets, capsules, or objects but less than 1,500 pills, tablets, caplets, capsules, or objects containing in them or having upon them any amount of any substance listed in paragraph (1), (2), (2.1), (2.2), (3), (14.1), (19), (20), (20.1), (21), (25), or (26) of subsection (d) of Section 204, or an analog or derivative thereof;
(D) not less than 15 years and not more than 60 years
with respect to: (i) 900 grams or more of any substance listed in paragraph (1), (2), (2.1), (2.2), (3), (14.1), (19), (20), (20.1), (21), (25), or (26) of subsection (d) of Section 204, or an analog or derivative thereof, or (ii) 1,500 or more pills, tablets, caplets, capsules, or objects containing in them or having upon them any amount of a substance listed in paragraph (1), (2), (2.1), (2.2), (3), (14.1), (19), (20), (20.1), (21), (25), or (26) of subsection (d) of Section 204, or an analog or derivative thereof;
(8) 30 grams or more of any substance containing
pentazocine or any of the salts, isomers and salts of isomers of pentazocine, or an analog thereof;
(9) 30 grams or more of any substance containing
methaqualone or any of the salts, isomers and salts of isomers of methaqualone, or an analog thereof;
(10) 30 grams or more of any substance containing
phencyclidine or any of the salts, isomers and salts of isomers of phencyclidine (PCP), or an analog thereof;
(10.5) 30 grams or more of any substance containing
ketamine or any of the salts, isomers and salts of isomers of ketamine, or an analog thereof;
(10.6) 100 grams or more of any substance containing
hydrocodone, or any of the salts, isomers and salts of isomers of hydrocodone, or an analog thereof;
(10.7) (blank);
(10.8) 100 grams or more of any substance containing
dihydrocodeine, or any of the salts, isomers and salts of isomers of dihydrocodeine, or an analog thereof;
(10.9) 100 grams or more of any substance containing
oxycodone, or any of the salts, isomers and salts of isomers of oxycodone, or an analog thereof;
(11) 200 grams or more of any substance containing
any other controlled substance classified in Schedules I or II, or an analog thereof, which is not otherwise included in this subsection.
(b) Any person sentenced with respect to violations of paragraph (1),
(2), (3), (7), or (7.5) of subsection (a) involving
100 grams or
more of the
controlled substance named therein, may in addition to the penalties
provided therein, be fined an amount not more than $500,000 or the full
street value of the controlled or counterfeit substance or controlled substance
analog, whichever is greater. The term ""street value"" shall have the
meaning ascribed in Section 110-5 of the Code of Criminal Procedure of
1963. Any person sentenced with respect to any other provision of
subsection (a), may in addition to the penalties provided therein, be fined
an amount not to exceed $500,000.
(b-1) Excluding violations of this Act when the controlled substance is fentanyl, any person sentenced to a term of imprisonment with respect to violations of Section 401, 401.1, 405, 405.1, 405.2, or 407, when the substance containing the controlled substance contains any amount of fentanyl, 3 years shall be added to the term of imprisonment imposed by the court, and the maximum sentence for the offense shall be increased by 3 years.
(c) Any person who violates this Section with regard to the
following amounts of controlled or counterfeit substances
or controlled substance analogs, notwithstanding any of the provisions of
subsections (a), (b), (d), (e), (f), (g) or (h) to the
contrary, is guilty of a Class 1 felony. The fine for violation of this
subsection (c) shall not be more than $250,000:
(1) 1 gram or more but less than 15 grams of any
substance containing heroin, or an analog thereof;
(1.5) 1 gram or more but less than 15 grams of any
substance containing fentanyl, or an analog thereof;
(2) 1 gram or more but less than 15 grams of any
substance containing cocaine, or an analog thereof;
(3) 10 grams or more but less than 15 grams of any
substance containing morphine, or an analog thereof;
(4) 50 grams or more but less than 200 grams of any
substance containing peyote, or an analog thereof;
(5) 50 grams or more but less than 200 grams of any
substance containing a derivative of barbituric acid or any of the salts of a derivative of barbituric acid, or an analog thereof;
(6) 50 grams or more but less than 200 grams of any
substance containing amphetamine or any salt of an optical isomer of amphetamine, or an analog thereof;
(6.5) (blank);
(7)(i) 5 grams or more but less than 15 grams of any
substance containing lysergic acid diethylamide (LSD), or an analog thereof, or (ii) more than 10 objects or more than 10 segregated parts of an object or objects but less than 15 objects or less than 15 segregated parts of an object containing in them or having upon them any amount of any substance containing lysergic acid diethylamide (LSD), or an analog thereof;
(7.5)(i) 5 grams or more but less than 15 grams of
any substance listed in paragraph (1), (2), (2.1), (2.2), (3), (14.1), (19), (20), (20.1), (21), (25), or (26) of subsection (d) of Section 204, or an analog or derivative thereof, or (ii) more than 10 pills, tablets, caplets, capsules, or objects but less than 15 pills, tablets, caplets, capsules, or objects containing in them or having upon them any amount of any substance listed in paragraph (1), (2), (2.1), (2.2), (3), (14.1), (19), (20), (20.1), (21), (25), or (26) of subsection (d) of Section 204, or an analog or derivative thereof;
(8) 10 grams or more but less than 30 grams of any
substance containing pentazocine or any of the salts, isomers and salts of isomers of pentazocine, or an analog thereof;
(9) 10 grams or more but less than 30 grams of any
substance containing methaqualone or any of the salts, isomers and salts of isomers of methaqualone, or an analog thereof;
(10) 10 grams or more but less than 30 grams of any
substance containing phencyclidine or any of the salts, isomers and salts of isomers of phencyclidine (PCP), or an analog thereof;
(10.5) 10 grams or more but less than 30 grams of any
substance containing ketamine or any of the salts, isomers and salts of isomers of ketamine, or an analog thereof;
(10.6) 50 grams or more but less than 100 grams of
any substance containing hydrocodone, or any of the salts, isomers and salts of isomers of hydrocodone, or an analog thereof;
(10.7) (blank);
(10.8) 50 grams or more but less than 100 grams of
any substance containing dihydrocodeine, or any of the salts, isomers and salts of isomers of dihydrocodeine, or an analog thereof;
(10.9) 50 grams or more but less than 100 grams of
any substance containing oxycodone, or any of the salts, isomers and salts of isomers of oxycodone, or an analog thereof;
(11) 50 grams or more but less than 200 grams of any
substance containing a substance classified in Schedules I or II, or an analog thereof, which is not otherwise included in this subsection.
(c-5) (Blank).
(d) Any person who violates this Section with regard to any other
amount of a controlled or counterfeit substance containing dihydrocodeine or classified in
Schedules I or II, or an analog thereof, which is (i) a narcotic
drug, (ii) lysergic acid diethylamide (LSD) or an analog thereof,
(iii) any
substance containing amphetamine or fentanyl or any salt or optical
isomer of amphetamine or fentanyl, or an analog thereof, or (iv) any
substance containing N-Benzylpiperazine (BZP) or any salt or optical
isomer of N-Benzylpiperazine (BZP), or an analog thereof, is guilty
of a Class 2 felony. The fine for violation of this subsection (d) shall
not be more than $200,000.
(d-5) (Blank).
(e) Any person who violates this Section with regard to any other
amount of a controlled substance other than methamphetamine or counterfeit substance classified in
Schedule I or II, or an analog thereof, which substance is not
included under subsection (d) of this Section, is
guilty of a Class 3 felony. The fine for violation of this subsection (e)
shall not be more than $150,000.
(f) Any person who violates this Section with regard to any other
amount of a controlled or counterfeit substance classified in
Schedule III is guilty of a Class 3 felony. The fine for violation of
this subsection (f) shall not be more than $125,000.
(g) Any person who violates this Section with regard to any other
amount of a controlled or counterfeit substance classified
in Schedule IV is guilty of a Class 3 felony. The fine for violation of
this subsection (g) shall not be more than $100,000.
(h) Any person who violates this Section with regard to any other
amount of a controlled or counterfeit substance classified in
Schedule V is guilty of a Class 3 felony. The fine for violation of this
subsection (h) shall not be more than $75,000.
(i) This Section does not apply to the manufacture, possession or
distribution of a substance in conformance with the provisions of an approved
new drug application or an exemption for investigational use within the
meaning of Section 505 of the Federal Food, Drug and Cosmetic Act.
(j) (Blank).
(Source: P.A. 99-371, eff. 1-1-16; 99-585, eff. 1-1-17; 100-368, eff. 1-1-18.)","5343b983584d4c6f2fe44a598a9aaae94d6e0258a4ae8686c33c5e7dd0f11b93","The official Illinois title ""Manufacture or delivery, or possession with intent to"" is not an exact or explicitly reviewed mapping for the catalog label."
"il-unlawful-carrying-of-weapon","Unlawful Carrying of Weapon","5/24-1","720 Ill. Comp. Stat. 5/24-1","https://www.ilga.gov/legislation/ilcs/documents/072000050K24-1.htm","Unlawful possession of weapons","official-title-mismatch","","false","Does the official Illinois title and quoted offense text cover this catalog offense, or should the row be renamed or reclassified?","correct-or-reclassify","","","","","","","","semantic_conflict","low","The official title ""Unlawful possession of weapons"" does not establish equivalence to the catalog label.","24-1","","effective 2025-01-01 | (Source: P.A. 102-538, eff. 8-20-21; 102-1116, eff. 1-10-23; 103-822, eff. 1-1-25.)","(b) Sentence. A person convicted of a violation of subsection 24-1(a)(1) through (5), subsection 24-1(a)(10), subsection 24-1(a)(11), subsection 24-1(a)(13), or 24-1(a)(15) commits a Class A misdemeanor. A person convicted of a violation of subsection 24-1(a)(8) or 24-1(a)(9) commits a Class 4 felony; a person convicted of a violation of subsection 24-1(a)(6), 24-1(a)(7)(ii), 24-1(a)(7)(iii), or 24-1(a)(16) commits a Class 3 felony. A person convicted of a violation of subsection 24-1(a)(7)(i) commits a Class 2 felony and shall be sentenced to a term of imprisonment of not less than 3 years and not more than 7 years, unless the weapon is possessed in the passenger compartment of a motor vehicle as defined in Section 1-146 of the Illinois Vehicle Code, or on the person, while the weapon is loaded, in which case it shall be a Class X felony. A person convicted of a second or subsequent violation of subsection 24-1(a)(4), 24-1(a)(8), 24-1(a)(9), 24-1(a)(10), or 24-1(a)(15) commits a Class 3 felony. A person convicted of a violation of subsection 24-1(a)(2.5) or 24-1(a)(14) commits a Class 2 felony. The possession of each weapon or device in violation of this Section constitutes a single and separate violation.","(b) Sentence. A person convicted of a violation of subsection 24-1(a)(1) through (5), subsection 24-1(a)(10), subsection 24-1(a)(11), subsection 24-1(a)(13), or 24-1(a)(15) commits a Class A misdemeanor. A person convicted of a violation of subsection 24-1(a)(8) or 24-1(a)(9) commits a Class 4 felony; a person convicted of a violation of subsection 24-1(a)(6), 24-1(a)(7)(ii), 24-1(a)(7)(iii), or 24-1(a)(16) commits a Class 3 felony. A person convicted of a violation of subsection 24-1(a)(7)(i) commits a Class 2 felony and shall be sentenced to a term of imprisonment of not less than 3 years and not more than 7 years, unless the weapon is possessed in the passenger compartment of a motor vehicle as defined in Section 1-146 of the Illinois Vehicle Code, or on the person, while the weapon is loaded, in which case it shall be a Class X felony. A person convicted of a second or subsequent violation of subsection 24-1(a)(4), 24-1(a)(8), 24-1(a)(9), 24-1(a)(10), or 24-1(a)(15) commits a Class 3 felony. A person convicted of a violation of subsection 24-1(a)(2.5) or 24-1(a)(14) commits a Class 2 felony. The possession of each weapon or device in violation of this Section constitutes a single and separate violation.","title: Sec. 24-1. Unlawful possession of weapons. | currentness: (Source: P.A. 102-538, eff. 8-20-21; 102-1116, eff. 1-10-23; 103-822, eff. 1-1-25.) | grading: (b) Sentence. A person convicted of a violation of subsection 24-1(a)(1) through (5), subsection 24-1(a)(10), subsection 24-1(a)(11), subsection 24-1(a)(13), or 24-1(a)(15) commits a Class A misdemeanor. A person convicted of a violation of subsection 24-1(a)(8) or 24-1(a)(9) commits a Class 4 felony; a person convicted of a violation of subsection 24-1(a)(6), 24-1(a)(7)(ii), 24-1(a)(7)(iii), or 24-1(a)(16) commits a Class 3 felony. A person convicted of a violation of subsection 24-1(a)(7)(i) commits a Class 2 felony and shall be sentenced to a term of imprisonment of not less than 3 years and not more than 7 years, unless the weapon is possessed in the passenger compartment of a motor vehicle as defined in Section 1-146 of the Illinois Vehicle Code, or on the person, while the weapon is loaded, in which case it shall be a Class X felony. A person convicted of a second or subsequent violation of subsection 24-1(a)(4), 24-1(a)(8), 24-1(a)(9), 24-1(a)(10), or 24-1(a)(15) commits a Class 3 felony. A person convicted of a violation of subsection 24-1(a)(2.5) or 24-1(a)(14) commits a Class 2 felony. The possession of each weapon or device in violation of this Section constitutes a single and separate violation. | penalty: (b) Sentence. A person convicted of a violation of subsection 24-1(a)(1) through (5), subsection 24-1(a)(10), subsection 24-1(a)(11), subsection 24-1(a)(13), or 24-1(a)(15) commits a Class A misdemeanor. A person convicted of a violation of subsection 24-1(a)(8) or 24-1(a)(9) commits a Class 4 felony; a person convicted of a violation of subsection 24-1(a)(6), 24-1(a)(7)(ii), 24-1(a)(7)(iii), or 24-1(a)(16) commits a Class 3 felony. A person convicted of a violation of subsection 24-1(a)(7)(i) commits a Class 2 felony and shall be sentenced to a term of imprisonment of not less than 3 years and not more than 7 years, unless the weapon is possessed in the passenger compartment of a motor vehicle as defined in Section 1-146 of the Illinois Vehicle Code, or on the person, while the weapon is loaded, in which case it shall be a Class X felony. A person convicted of a second or subsequent violation of subsection 24-1(a)(4), 24-1(a)(8), 24-1(a)(9), 24-1(a)(10), or 24-1(a)(15) commits a Class 3 felony. A person convicted of a violation of subsection 24-1(a)(2.5) or 24-1(a)(14) commits a Class 2 felony. The possession of each weapon or device in violation of this Section constitutes a single and separate violation. | offense: 720 ILCS 5/24-1
(720 ILCS 5/24-1) (from Ch. 38, par. 24-1)
Sec. 24-1. Unlawful possession of weapons.
(a) A person commits the offense of unlawful possession of weapons when he knowingly:
(1) Sells, manufactures, purchases, possesses or
carries any bludgeon, black-jack, slung-shot, sand-club, sand-bag, metal knuckles or other knuckle weapon regardless of its composition, throwing star, or any knife, commonly referred to as a switchblade knife, which has a blade that opens automatically by hand pressure applied to a button, spring or other device in the handle of the knife, or a ballistic knife, which is a device that propels a knifelike blade as a projectile by means of a coil spring, elastic material or compressed gas; or
(2) Carries or possesses with intent to use the same
unlawfully against another, a dagger, dirk, billy, dangerous knife, razor, stiletto, broken bottle or other piece of glass, stun gun or taser or any other dangerous or deadly weapon or instrument of like character; or
(2.5) Carries or possesses with intent to use the
same unlawfully against another, any firearm in a church, synagogue, mosque, or other building, structure, or place used for religious worship; or
(3) Carries on or about his person or in any vehicle,
a tear gas gun projector or bomb or any object containing noxious liquid gas or substance, other than an object containing a non-lethal noxious liquid gas or substance designed solely for personal defense carried by a person 18 years of age or older; or
(4) Carries or possesses in any vehicle or concealed
on or about his person except when on his land or in his own abode, legal dwelling, or fixed place of business, or on the land or in the legal dwelling of another person as an invitee with that person's permission, any pistol, revolver, stun gun or taser or other firearm, except that this subsection (a)(4) does not apply to or affect transportation of weapons that meet one of the following conditions:
(i) are broken down in a non-functioning state; or
(ii) are not immediately accessible; or
(iii) are unloaded and enclosed in a case,
firearm carrying box, shipping box, or other container by a person who has been issued a currently valid Firearm Owner's Identification Card; or
(iv) are carried or possessed in accordance with
the Firearm Concealed Carry Act by a person who has been issued a currently valid license under the Firearm Concealed Carry Act; or
(5) Sets a spring gun; or
(6) Possesses any device or attachment of any kind
designed, used or intended for use in silencing the report of any firearm; or
(7) Sells, manufactures, purchases, possesses or
carries:
(i) a machine gun, which shall be defined for the
purposes of this subsection as any weapon, which shoots, is designed to shoot, or can be readily restored to shoot, automatically more than one shot without manually reloading by a single function of the trigger, including the frame or receiver of any such weapon, or sells, manufactures, purchases, possesses, or carries any combination of parts designed or intended for use in converting any weapon into a machine gun, or any combination or parts from which a machine gun can be assembled if such parts are in the possession or under the control of a person;
(ii) any rifle having one or more barrels less
than 16 inches in length or a shotgun having one or more barrels less than 18 inches in length or any weapon made from a rifle or shotgun, whether by alteration, modification, or otherwise, if such a weapon as modified has an overall length of less than 26 inches; or
(iii) any bomb, bomb-shell, grenade, bottle or
other container containing an explosive substance of over one-quarter ounce for like purposes, such as, but not limited to, black powder bombs and Molotov cocktails or artillery projectiles; or
(8) Carries or possesses any firearm, stun gun or
taser or other deadly weapon in any place which is licensed to sell intoxicating beverages, or at any public gathering held pursuant to a license issued by any governmental body or any public gathering at which an admission is charged, excluding a place where a showing, demonstration or lecture involving the exhibition of unloaded firearms is conducted.
This subsection (a)(8) does not apply to any auction
or raffle of a firearm held pursuant to a license or permit issued by a governmental body, nor does it apply to persons engaged in firearm safety training courses; or
(9) Carries or possesses in a vehicle or on or about
his or her person any pistol, revolver, stun gun or taser or firearm or ballistic knife, when he or she is hooded, robed or masked in such manner as to conceal his or her identity; or
(10) Carries or possesses on or about his or her
person, upon any public street, alley, or other public lands within the corporate limits of a city, village, or incorporated town, except when an invitee thereon or therein, for the purpose of the display of such weapon or the lawful commerce in weapons, or except when on his land or in his or her own abode, legal dwelling, or fixed place of business, or on the land or in the legal dwelling of another person as an invitee with that person's permission, any pistol, revolver, stun gun, or taser or other firearm, except that this subsection (a)(10) does not apply to or affect transportation of weapons that meet one of the following conditions:
(i) are broken down in a non-functioning state; or
(ii) are not immediately accessible; or
(iii) are unloaded and enclosed in a case,
firearm carrying box, shipping box, or other container by a person who has been issued a currently valid Firearm Owner's Identification Card; or
(iv) are carried or possessed in accordance with
the Firearm Concealed Carry Act by a person who has been issued a currently valid license under the Firearm Concealed Carry Act.
A ""stun gun or taser"", as used in this paragraph (a)
means (i) any device which is powered by electrical charging units, such as, batteries, and which fires one or several barbs attached to a length of wire and which, upon hitting a human, can send out a current capable of disrupting the person's nervous system in such a manner as to render him incapable of normal functioning or (ii) any device which is powered by electrical charging units, such as batteries, and which, upon contact with a human or clothing worn by a human, can send out current capable of disrupting the person's nervous system in such a manner as to render him incapable of normal functioning; or
(11) Sells, manufactures, delivers, imports,
possesses, or purchases any assault weapon attachment or .50 caliber cartridge in violation of Section 24-1.9 or any explosive bullet. For purposes of this paragraph (a) ""explosive bullet"" means the projectile portion of an ammunition cartridge which contains or carries an explosive charge which will explode upon contact with the flesh of a human or an animal. ""Cartridge"" means a tubular metal case having a projectile affixed at the front thereof and a cap or primer at the rear end thereof, with the propellant contained in such tube between the projectile and the cap; or
(12) (Blank); or
(13) Carries or possesses on or about his or her
person while in a building occupied by a unit of government, a billy club, other weapon of like character, or other instrument of like character intended for use as a weapon. For the purposes of this Section, ""billy club"" means a short stick or club commonly carried by police officers which is either telescopic or constructed of a solid piece of wood or other man-made material; or
(14) Manufactures, possesses, sells, or offers to
sell, purchase, manufacture, import, transfer, or use any device, part, kit, tool, accessory, or combination of parts that is designed to and functions to increase the rate of fire of a semiautomatic firearm above the standard rate of fire for semiautomatic firearms that is not equipped with that device, part, or combination of parts; or
(15) Carries or possesses any assault weapon or .50
caliber rifle in violation of Section 24-1.9; or
(16) Manufactures, sells, delivers, imports, or
purchases any assault weapon or .50 caliber rifle in violation of Section 24-1.9.
(b) Sentence. A person convicted of a violation of subsection 24-1(a)(1) through (5), subsection 24-1(a)(10), subsection 24-1(a)(11), subsection 24-1(a)(13), or 24-1(a)(15) commits a Class A misdemeanor. A person convicted of a violation of subsection 24-1(a)(8) or 24-1(a)(9) commits a Class 4 felony; a person convicted of a violation of subsection 24-1(a)(6), 24-1(a)(7)(ii), 24-1(a)(7)(iii), or 24-1(a)(16) commits a Class 3 felony. A person convicted of a violation of subsection 24-1(a)(7)(i) commits a Class 2 felony and shall be sentenced to a term of imprisonment of not less than 3 years and not more than 7 years, unless the weapon is possessed in the passenger compartment of a motor vehicle as defined in Section 1-146 of the Illinois Vehicle Code, or on the person, while the weapon is loaded, in which case it shall be a Class X felony. A person convicted of a second or subsequent violation of subsection 24-1(a)(4), 24-1(a)(8), 24-1(a)(9), 24-1(a)(10), or 24-1(a)(15) commits a Class 3 felony. A person convicted of a violation of subsection 24-1(a)(2.5) or 24-1(a)(14) commits a Class 2 felony. The possession of each weapon or device in violation of this Section constitutes a single and separate violation.
(c) Violations in specific places.
(1) A person who violates subsection 24-1(a)(6) or
24-1(a)(7) in any school, regardless of the time of day or the time of year, in residential property owned, operated or managed by a public housing agency or leased by a public housing agency as part of a scattered site or mixed-income development, in a public park, in a courthouse, on the real property comprising any school, regardless of the time of day or the time of year, on residential property owned, operated or managed by a public housing agency or leased by a public housing agency as part of a scattered site or mixed-income development, on the real property comprising any public park, on the real property comprising any courthouse, in any conveyance owned, leased or contracted by a school to transport students to or from school or a school related activity, in any conveyance owned, leased, or contracted by a public transportation agency, or on any public way within 1,000 feet of the real property comprising any school, public park, courthouse, public transportation facility, or residential property owned, operated, or managed by a public housing agency or leased by a public housing agency as part of a scattered site or mixed-income development commits a Class 2 felony and shall be sentenced to a term of imprisonment of not less than 3 years and not more than 7 years.
(1.5) A person who violates subsection 24-1(a)(4),
24-1(a)(9), or 24-1(a)(10) in any school, regardless of the time of day or the time of year, in residential property owned, operated, or managed by a public housing agency or leased by a public housing agency as part of a scattered site or mixed-income development, in a public park, in a courthouse, on the real property comprising any school, regardless of the time of day or the time of year, on residential property owned, operated, or managed by a public housing agency or leased by a public housing agency as part of a scattered site or mixed-income development, on the real property comprising any public park, on the real property comprising any courthouse, in any conveyance owned, leased, or contracted by a school to transport students to or from school or a school related activity, in any conveyance owned, leased, or contracted by a public transportation agency, or on any public way within 1,000 feet of the real property comprising any school, public park, courthouse, public transportation facility, or residential property owned, operated, or managed by a public housing agency or leased by a public housing agency as part of a scattered site or mixed-income development commits a Class 3 felony.
(2) A person who violates subsection 24-1(a)(1),
24-1(a)(2), or 24-1(a)(3) in any school, regardless of the time of day or the time of year, in residential property owned, operated or managed by a public housing agency or leased by a public housing agency as part of a scattered site or mixed-income development, in a public park, in a courthouse, on the real property comprising any school, regardless of the time of day or the time of year, on residential property owned, operated or managed by a public housing agency or leased by a public housing agency as part of a scattered site or mixed-income development, on the real property comprising any public park, on the real property comprising any courthouse, in any conveyance owned, leased or contracted by a school to transport students to or from school or a school related activity, in any conveyance owned, leased, or contracted by a public transportation agency, or on any public way within 1,000 feet of the real property comprising any school, public park, courthouse, public transportation facility, or residential property owned, operated, or managed by a public housing agency or leased by a public housing agency as part of a scattered site or mixed-income development commits a Class 4 felony. ""Courthouse"" means any building that is used by the Circuit, Appellate, or Supreme Court of this State for the conduct of official business.
(3) Paragraphs (1), (1.5), and (2) of this subsection
(c) shall not apply to law enforcement officers or security officers of such school, college, or university or to students carrying or possessing firearms for use in training courses, parades, hunting, target shooting on school ranges, or otherwise with the consent of school authorities and which firearms are transported unloaded enclosed in a suitable case, box, or transportation package.
(4) For the purposes of this subsection (c), ""school""
means any public or private elementary or secondary school, community college, college, or university.
(5) For the purposes of this subsection (c), ""public
transportation agency"" means a public or private agency that provides for the transportation or conveyance of persons by means available to the general public, except for transportation by automobiles not used for conveyance of the general public as passengers; and ""public transportation facility"" means a terminal or other place where one may obtain public transportation.
(d) The presence in an automobile other than a public omnibus of any weapon, instrument or substance referred to in subsection (a)(7) is prima facie evidence that it is in the possession of, and is being carried by, all persons occupying such automobile at the time such weapon, instrument or substance is found, except under the following circumstances: (i) if such weapon, instrument or instrumentality is found upon the person of one of the occupants therein; or (ii) if such weapon, instrument or substance is found in an automobile operated for hire by a duly licensed driver in the due, lawful and proper pursuit of his or her trade, then such presumption shall not apply to the driver.
(e) Exemptions.
(1) Crossbows, Common or Compound bows and Underwater
Spearguns are exempted from the definition of ballistic knife as defined in paragraph (1) of subsection (a) of this Section.
(2) The provision of paragraph (1) of subsection (a)
of this Section prohibiting the sale, manufacture, purchase, possession, or carrying of any knife, commonly referred to as a switchblade knife, which has a blade that opens automatically by hand pressure applied to a button, spring or other device in the handle of the knife, does not apply to a person who possesses a currently valid Firearm Owner's Identification Card previously issued in his or her name by the Illinois State Police or to a person or an entity engaged in the business of selling or manufacturing switchblade knives.
(Source: P.A. 102-538, eff. 8-20-21; 102-1116, eff. 1-10-23; 103-822, eff. 1-1-25.)","ab57cfcbe4f3224e3be8284a75eab8b4ff3df091207ef2228dcc900da04dea49","The official Illinois title ""Unlawful possession of weapons"" is not an exact or explicitly reviewed mapping for the catalog label."
"il-felon-in-possession-of-firearm","Felon in Possession of Firearm","5/24-1.1","720 Ill. Comp. Stat. 5/24-1.1","https://www.ilga.gov/legislation/ilcs/documents/072000050K24-1.1.htm","Unlawful possession of weapons by felons or persons in the custody of the Department of Corrections facilities","official-title-mismatch","","false","Does the official Illinois title and quoted offense text cover this catalog offense, or should the row be renamed or reclassified?","correct-or-reclassify","","","","","","","","semantic_conflict","low","The official title ""Unlawful possession of weapons by felons or persons in the custody of the Department of Corrections facilities"" does not establish equivalence to the catalog label.","24-1.1","","effective 2025-01-01 | (Source: P.A. 102-538, eff. 8-20-21; 103-822, eff. 1-1-25.)","(a) It is unlawful for a person to knowingly possess on or about his person or on his land or in his own abode or fixed place of business any weapon prohibited under Section 24-1 of this Act or any firearm or any firearm ammunition if the person has been convicted of a felony under the laws of this State or any other jurisdiction. This Section shall not apply if the person has been granted relief by the Director of the Illinois State Police under Section 10 of the Firearm Owners Identification Card Act.","(e) Sentence. Violation of this Section by a person not confined in a penal institution shall be a Class 3 felony for which the person shall be sentenced to no less than 2 years and no more than 10 years. A second or subsequent violation of this Section shall be a Class 2 felony for which the person shall be sentenced to a term of imprisonment of not less than 3 years and not more than 14 years, except as provided for in Section 5-4.5-110 of the Unified Code of Corrections. Violation of this Section by a person not confined in a penal institution who has been convicted of a forcible felony, a felony violation of Article 24 of this Code or of the Firearm Owners Identification Card Act, stalking or aggravated stalking, or a Class 2 or greater felony under the Illinois Controlled Substances Act, the Cannabis Control Act, or the Methamphetamine Control and Community Protection Act is a Class 2 felony for which the person shall be sentenced to not less than 3 years and not more than 14 years, except as provided for in Section 5-4.5-110 of the Unified Code of Corrections. Violation of this Section by a person who is on parole or mandatory supervised release is a Class 2 felony for which the person shall be sentenced to not less than 3 years and not more than 14 years, except as provided for in Section 5-4.5-110 of the Unified Code of Corrections. Violation of this Section by a person not confined in a penal institution is a Class X felony when the firearm possessed is a machine gun. Any person who violates this Section while confined in a penal institution, which is a facility of the Illinois Department of Corrections, is guilty of a Class 1 felony, if he possesses any weapon prohibited under Section 24-1 of this Code regardless of the intent with which he possesses it, a Class X felony if he possesses any firearm, firearm ammunition or explosive, and a Class X felony for which the offender shall be sentenced to not less than 12 years and not more than 50 years when the firearm possessed is a machine gun. A violation of this Section while wearing or in possession of body armor as defined in Section 33F-1 is a Class X felony punishable by a term of imprisonment of not less than 10 years and not more than 40 years. The possession of each firearm or firearm ammunition in violation of this Section constitutes a single and separate violation.","title: Sec. 24-1.1. Unlawful possession of weapons by felons or persons in the custody of the Department of Corrections facilities. | currentness: (Source: P.A. 102-538, eff. 8-20-21; 103-822, eff. 1-1-25.) | grading: (a) It is unlawful for a person to knowingly possess on or about his person or on his land or in his own abode or fixed place of business any weapon prohibited under Section 24-1 of this Act or any firearm or any firearm ammunition if the person has been convicted of a felony under the laws of this State or any other jurisdiction. This Section shall not apply if the person has been granted relief by the Director of the Illinois State Police under Section 10 of the Firearm Owners Identification Card Act. | penalty: (e) Sentence. Violation of this Section by a person not confined in a penal institution shall be a Class 3 felony for which the person shall be sentenced to no less than 2 years and no more than 10 years. A second or subsequent violation of this Section shall be a Class 2 felony for which the person shall be sentenced to a term of imprisonment of not less than 3 years and not more than 14 years, except as provided for in Section 5-4.5-110 of the Unified Code of Corrections. Violation of this Section by a person not confined in a penal institution who has been convicted of a forcible felony, a felony violation of Article 24 of this Code or of the Firearm Owners Identification Card Act, stalking or aggravated stalking, or a Class 2 or greater felony under the Illinois Controlled Substances Act, the Cannabis Control Act, or the Methamphetamine Control and Community Protection Act is a Class 2 felony for which the person shall be sentenced to not less than 3 years and not more than 14 years, except as provided for in Section 5-4.5-110 of the Unified Code of Corrections. Violation of this Section by a person who is on parole or mandatory supervised release is a Class 2 felony for which the person shall be sentenced to not less than 3 years and not more than 14 years, except as provided for in Section 5-4.5-110 of the Unified Code of Corrections. Violation of this Section by a person not confined in a penal institution is a Class X felony when the firearm possessed is a machine gun. Any person who violates this Section while confined in a penal institution, which is a facility of the Illinois Department of Corrections, is guilty of a Class 1 felony, if he possesses any weapon prohibited under Section 24-1 of this Code regardless of the intent with which he possesses it, a Class X felony if he possesses any firearm, firearm ammunition or explosive, and a Class X felony for which the offender shall be sentenced to not less than 12 years and not more than 50 years when the firearm possessed is a machine gun. A violation of this Section while wearing or in possession of body armor as defined in Section 33F-1 is a Class X felony punishable by a term of imprisonment of not less than 10 years and not more than 40 years. The possession of each firearm or firearm ammunition in violation of this Section constitutes a single and separate violation. | offense: 720 ILCS 5/24-1.1
(720 ILCS 5/24-1.1) (from Ch. 38, par. 24-1.1)
Sec. 24-1.1. Unlawful possession of weapons by felons or persons in the custody of the Department of Corrections facilities.
(a) It is unlawful for a person to knowingly possess on or about his person or on his land or in his own abode or fixed place of business any weapon prohibited under Section 24-1 of this Act or any firearm or any firearm ammunition if the person has been convicted of a felony under the laws of this State or any other jurisdiction. This Section shall not apply if the person has been granted relief by the Director of the Illinois State Police under Section 10 of the Firearm Owners Identification Card Act.
(b) It is unlawful for any person confined in a penal institution, which is a facility of the Illinois Department of Corrections, to possess any weapon prohibited under Section 24-1 of this Code or any firearm or firearm ammunition, regardless of the intent with which he possesses it.
(c) It shall be an affirmative defense to a violation of subsection (b), that such possession was specifically authorized by rule, regulation, or directive of the Illinois Department of Corrections or order issued pursuant thereto.
(d) The defense of necessity is not available to a person who is charged with a violation of subsection (b) of this Section.
(e) Sentence. Violation of this Section by a person not confined in a penal institution shall be a Class 3 felony for which the person shall be sentenced to no less than 2 years and no more than 10 years. A second or subsequent violation of this Section shall be a Class 2 felony for which the person shall be sentenced to a term of imprisonment of not less than 3 years and not more than 14 years, except as provided for in Section 5-4.5-110 of the Unified Code of Corrections. Violation of this Section by a person not confined in a penal institution who has been convicted of a forcible felony, a felony violation of Article 24 of this Code or of the Firearm Owners Identification Card Act, stalking or aggravated stalking, or a Class 2 or greater felony under the Illinois Controlled Substances Act, the Cannabis Control Act, or the Methamphetamine Control and Community Protection Act is a Class 2 felony for which the person shall be sentenced to not less than 3 years and not more than 14 years, except as provided for in Section 5-4.5-110 of the Unified Code of Corrections. Violation of this Section by a person who is on parole or mandatory supervised release is a Class 2 felony for which the person shall be sentenced to not less than 3 years and not more than 14 years, except as provided for in Section 5-4.5-110 of the Unified Code of Corrections. Violation of this Section by a person not confined in a penal institution is a Class X felony when the firearm possessed is a machine gun. Any person who violates this Section while confined in a penal institution, which is a facility of the Illinois Department of Corrections, is guilty of a Class 1 felony, if he possesses any weapon prohibited under Section 24-1 of this Code regardless of the intent with which he possesses it, a Class X felony if he possesses any firearm, firearm ammunition or explosive, and a Class X felony for which the offender shall be sentenced to not less than 12 years and not more than 50 years when the firearm possessed is a machine gun. A violation of this Section while wearing or in possession of body armor as defined in Section 33F-1 is a Class X felony punishable by a term of imprisonment of not less than 10 years and not more than 40 years. The possession of each firearm or firearm ammunition in violation of this Section constitutes a single and separate violation.
(Source: P.A. 102-538, eff. 8-20-21; 103-822, eff. 1-1-25.)","3dec525d31e2e82f24f42b87e04d6e80bbebb00662ebe13cad9fd393c08b9f15","The official Illinois title ""Unlawful possession of weapons by felons or persons in the custody of the Department of Corrections facilities"" is not an exact or explicitly reviewed mapping for the catalog label."
"il-possession-of-prohibited-weapon","Possession of Prohibited Weapon","5/24-1","720 Ill. Comp. Stat. 5/24-1(a)(7)","https://www.ilga.gov/legislation/ilcs/documents/072000050K24-1.htm","Unlawful possession of weapons","official-title-mismatch","","false","Does the official Illinois title and quoted offense text cover this catalog offense, or should the row be renamed or reclassified?","correct-or-reclassify","","","","","","","","semantic_conflict","low","The official title ""Unlawful possession of weapons"" does not establish equivalence to the catalog label.","24-1","(a)(7)","effective 2025-01-01 | (Source: P.A. 102-538, eff. 8-20-21; 102-1116, eff. 1-10-23; 103-822, eff. 1-1-25.)","(b) Sentence. A person convicted of a violation of subsection 24-1(a)(1) through (5), subsection 24-1(a)(10), subsection 24-1(a)(11), subsection 24-1(a)(13), or 24-1(a)(15) commits a Class A misdemeanor. A person convicted of a violation of subsection 24-1(a)(8) or 24-1(a)(9) commits a Class 4 felony; a person convicted of a violation of subsection 24-1(a)(6), 24-1(a)(7)(ii), 24-1(a)(7)(iii), or 24-1(a)(16) commits a Class 3 felony. A person convicted of a violation of subsection 24-1(a)(7)(i) commits a Class 2 felony and shall be sentenced to a term of imprisonment of not less than 3 years and not more than 7 years, unless the weapon is possessed in the passenger compartment of a motor vehicle as defined in Section 1-146 of the Illinois Vehicle Code, or on the person, while the weapon is loaded, in which case it shall be a Class X felony. A person convicted of a second or subsequent violation of subsection 24-1(a)(4), 24-1(a)(8), 24-1(a)(9), 24-1(a)(10), or 24-1(a)(15) commits a Class 3 felony. A person convicted of a violation of subsection 24-1(a)(2.5) or 24-1(a)(14) commits a Class 2 felony. The possession of each weapon or device in violation of this Section constitutes a single and separate violation.","(b) Sentence. A person convicted of a violation of subsection 24-1(a)(1) through (5), subsection 24-1(a)(10), subsection 24-1(a)(11), subsection 24-1(a)(13), or 24-1(a)(15) commits a Class A misdemeanor. A person convicted of a violation of subsection 24-1(a)(8) or 24-1(a)(9) commits a Class 4 felony; a person convicted of a violation of subsection 24-1(a)(6), 24-1(a)(7)(ii), 24-1(a)(7)(iii), or 24-1(a)(16) commits a Class 3 felony. A person convicted of a violation of subsection 24-1(a)(7)(i) commits a Class 2 felony and shall be sentenced to a term of imprisonment of not less than 3 years and not more than 7 years, unless the weapon is possessed in the passenger compartment of a motor vehicle as defined in Section 1-146 of the Illinois Vehicle Code, or on the person, while the weapon is loaded, in which case it shall be a Class X felony. A person convicted of a second or subsequent violation of subsection 24-1(a)(4), 24-1(a)(8), 24-1(a)(9), 24-1(a)(10), or 24-1(a)(15) commits a Class 3 felony. A person convicted of a violation of subsection 24-1(a)(2.5) or 24-1(a)(14) commits a Class 2 felony. The possession of each weapon or device in violation of this Section constitutes a single and separate violation.","title: Sec. 24-1. Unlawful possession of weapons. | currentness: (Source: P.A. 102-538, eff. 8-20-21; 102-1116, eff. 1-10-23; 103-822, eff. 1-1-25.) | grading: (b) Sentence. A person convicted of a violation of subsection 24-1(a)(1) through (5), subsection 24-1(a)(10), subsection 24-1(a)(11), subsection 24-1(a)(13), or 24-1(a)(15) commits a Class A misdemeanor. A person convicted of a violation of subsection 24-1(a)(8) or 24-1(a)(9) commits a Class 4 felony; a person convicted of a violation of subsection 24-1(a)(6), 24-1(a)(7)(ii), 24-1(a)(7)(iii), or 24-1(a)(16) commits a Class 3 felony. A person convicted of a violation of subsection 24-1(a)(7)(i) commits a Class 2 felony and shall be sentenced to a term of imprisonment of not less than 3 years and not more than 7 years, unless the weapon is possessed in the passenger compartment of a motor vehicle as defined in Section 1-146 of the Illinois Vehicle Code, or on the person, while the weapon is loaded, in which case it shall be a Class X felony. A person convicted of a second or subsequent violation of subsection 24-1(a)(4), 24-1(a)(8), 24-1(a)(9), 24-1(a)(10), or 24-1(a)(15) commits a Class 3 felony. A person convicted of a violation of subsection 24-1(a)(2.5) or 24-1(a)(14) commits a Class 2 felony. The possession of each weapon or device in violation of this Section constitutes a single and separate violation. | penalty: (b) Sentence. A person convicted of a violation of subsection 24-1(a)(1) through (5), subsection 24-1(a)(10), subsection 24-1(a)(11), subsection 24-1(a)(13), or 24-1(a)(15) commits a Class A misdemeanor. A person convicted of a violation of subsection 24-1(a)(8) or 24-1(a)(9) commits a Class 4 felony; a person convicted of a violation of subsection 24-1(a)(6), 24-1(a)(7)(ii), 24-1(a)(7)(iii), or 24-1(a)(16) commits a Class 3 felony. A person convicted of a violation of subsection 24-1(a)(7)(i) commits a Class 2 felony and shall be sentenced to a term of imprisonment of not less than 3 years and not more than 7 years, unless the weapon is possessed in the passenger compartment of a motor vehicle as defined in Section 1-146 of the Illinois Vehicle Code, or on the person, while the weapon is loaded, in which case it shall be a Class X felony. A person convicted of a second or subsequent violation of subsection 24-1(a)(4), 24-1(a)(8), 24-1(a)(9), 24-1(a)(10), or 24-1(a)(15) commits a Class 3 felony. A person convicted of a violation of subsection 24-1(a)(2.5) or 24-1(a)(14) commits a Class 2 felony. The possession of each weapon or device in violation of this Section constitutes a single and separate violation. | subdivision: (b) Sentence. A person convicted of a violation of subsection 24-1(a)(1) through (5), subsection 24-1(a)(10), subsection 24-1(a)(11), subsection 24-1(a)(13), or 24-1(a)(15) commits a Class A misdemeanor. A person convicted of a violation of subsection 24-1(a)(8) or 24-1(a)(9) commits a Class 4 felony; a person convicted of a violation of subsection 24-1(a)(6), 24-1(a)(7)(ii), 24-1(a)(7)(iii), or 24-1(a)(16) commits a Class 3 felony. A person convicted of a violation of subsection 24-1(a)(7)(i) commits a Class 2 felony and shall be sentenced to a term of imprisonment of not less than 3 years and not more than 7 years, unless the weapon is possessed in the passenger compartment of a motor vehicle as defined in Section 1-146 of the Illinois Vehicle Code, or on the person, while the weapon is loaded, in which case it shall be a Class X felony. A person convicted of a second or subsequent violation of subsection 24-1(a)(4), 24-1(a)(8), 24-1(a)(9), 24-1(a)(10), or 24-1(a)(15) commits a Class 3 felony. A person convicted of a violation of subsection 24-1(a)(2.5) or 24-1(a)(14) commits a Class 2 felony. The possession of each weapon or device in violation of this Section constitutes a single and separate violation. | offense: 720 ILCS 5/24-1
(720 ILCS 5/24-1) (from Ch. 38, par. 24-1)
Sec. 24-1. Unlawful possession of weapons.
(a) A person commits the offense of unlawful possession of weapons when he knowingly:
(1) Sells, manufactures, purchases, possesses or
carries any bludgeon, black-jack, slung-shot, sand-club, sand-bag, metal knuckles or other knuckle weapon regardless of its composition, throwing star, or any knife, commonly referred to as a switchblade knife, which has a blade that opens automatically by hand pressure applied to a button, spring or other device in the handle of the knife, or a ballistic knife, which is a device that propels a knifelike blade as a projectile by means of a coil spring, elastic material or compressed gas; or
(2) Carries or possesses with intent to use the same
unlawfully against another, a dagger, dirk, billy, dangerous knife, razor, stiletto, broken bottle or other piece of glass, stun gun or taser or any other dangerous or deadly weapon or instrument of like character; or
(2.5) Carries or possesses with intent to use the
same unlawfully against another, any firearm in a church, synagogue, mosque, or other building, structure, or place used for religious worship; or
(3) Carries on or about his person or in any vehicle,
a tear gas gun projector or bomb or any object containing noxious liquid gas or substance, other than an object containing a non-lethal noxious liquid gas or substance designed solely for personal defense carried by a person 18 years of age or older; or
(4) Carries or possesses in any vehicle or concealed
on or about his person except when on his land or in his own abode, legal dwelling, or fixed place of business, or on the land or in the legal dwelling of another person as an invitee with that person's permission, any pistol, revolver, stun gun or taser or other firearm, except that this subsection (a)(4) does not apply to or affect transportation of weapons that meet one of the following conditions:
(i) are broken down in a non-functioning state; or
(ii) are not immediately accessible; or
(iii) are unloaded and enclosed in a case,
firearm carrying box, shipping box, or other container by a person who has been issued a currently valid Firearm Owner's Identification Card; or
(iv) are carried or possessed in accordance with
the Firearm Concealed Carry Act by a person who has been issued a currently valid license under the Firearm Concealed Carry Act; or
(5) Sets a spring gun; or
(6) Possesses any device or attachment of any kind
designed, used or intended for use in silencing the report of any firearm; or
(7) Sells, manufactures, purchases, possesses or
carries:
(i) a machine gun, which shall be defined for the
purposes of this subsection as any weapon, which shoots, is designed to shoot, or can be readily restored to shoot, automatically more than one shot without manually reloading by a single function of the trigger, including the frame or receiver of any such weapon, or sells, manufactures, purchases, possesses, or carries any combination of parts designed or intended for use in converting any weapon into a machine gun, or any combination or parts from which a machine gun can be assembled if such parts are in the possession or under the control of a person;
(ii) any rifle having one or more barrels less
than 16 inches in length or a shotgun having one or more barrels less than 18 inches in length or any weapon made from a rifle or shotgun, whether by alteration, modification, or otherwise, if such a weapon as modified has an overall length of less than 26 inches; or
(iii) any bomb, bomb-shell, grenade, bottle or
other container containing an explosive substance of over one-quarter ounce for like purposes, such as, but not limited to, black powder bombs and Molotov cocktails or artillery projectiles; or
(8) Carries or possesses any firearm, stun gun or
taser or other deadly weapon in any place which is licensed to sell intoxicating beverages, or at any public gathering held pursuant to a license issued by any governmental body or any public gathering at which an admission is charged, excluding a place where a showing, demonstration or lecture involving the exhibition of unloaded firearms is conducted.
This subsection (a)(8) does not apply to any auction
or raffle of a firearm held pursuant to a license or permit issued by a governmental body, nor does it apply to persons engaged in firearm safety training courses; or
(9) Carries or possesses in a vehicle or on or about
his or her person any pistol, revolver, stun gun or taser or firearm or ballistic knife, when he or she is hooded, robed or masked in such manner as to conceal his or her identity; or
(10) Carries or possesses on or about his or her
person, upon any public street, alley, or other public lands within the corporate limits of a city, village, or incorporated town, except when an invitee thereon or therein, for the purpose of the display of such weapon or the lawful commerce in weapons, or except when on his land or in his or her own abode, legal dwelling, or fixed place of business, or on the land or in the legal dwelling of another person as an invitee with that person's permission, any pistol, revolver, stun gun, or taser or other firearm, except that this subsection (a)(10) does not apply to or affect transportation of weapons that meet one of the following conditions:
(i) are broken down in a non-functioning state; or
(ii) are not immediately accessible; or
(iii) are unloaded and enclosed in a case,
firearm carrying box, shipping box, or other container by a person who has been issued a currently valid Firearm Owner's Identification Card; or
(iv) are carried or possessed in accordance with
the Firearm Concealed Carry Act by a person who has been issued a currently valid license under the Firearm Concealed Carry Act.
A ""stun gun or taser"", as used in this paragraph (a)
means (i) any device which is powered by electrical charging units, such as, batteries, and which fires one or several barbs attached to a length of wire and which, upon hitting a human, can send out a current capable of disrupting the person's nervous system in such a manner as to render him incapable of normal functioning or (ii) any device which is powered by electrical charging units, such as batteries, and which, upon contact with a human or clothing worn by a human, can send out current capable of disrupting the person's nervous system in such a manner as to render him incapable of normal functioning; or
(11) Sells, manufactures, delivers, imports,
possesses, or purchases any assault weapon attachment or .50 caliber cartridge in violation of Section 24-1.9 or any explosive bullet. For purposes of this paragraph (a) ""explosive bullet"" means the projectile portion of an ammunition cartridge which contains or carries an explosive charge which will explode upon contact with the flesh of a human or an animal. ""Cartridge"" means a tubular metal case having a projectile affixed at the front thereof and a cap or primer at the rear end thereof, with the propellant contained in such tube between the projectile and the cap; or
(12) (Blank); or
(13) Carries or possesses on or about his or her
person while in a building occupied by a unit of government, a billy club, other weapon of like character, or other instrument of like character intended for use as a weapon. For the purposes of this Section, ""billy club"" means a short stick or club commonly carried by police officers which is either telescopic or constructed of a solid piece of wood or other man-made material; or
(14) Manufactures, possesses, sells, or offers to
sell, purchase, manufacture, import, transfer, or use any device, part, kit, tool, accessory, or combination of parts that is designed to and functions to increase the rate of fire of a semiautomatic firearm above the standard rate of fire for semiautomatic firearms that is not equipped with that device, part, or combination of parts; or
(15) Carries or possesses any assault weapon or .50
caliber rifle in violation of Section 24-1.9; or
(16) Manufactures, sells, delivers, imports, or
purchases any assault weapon or .50 caliber rifle in violation of Section 24-1.9.
(b) Sentence. A person convicted of a violation of subsection 24-1(a)(1) through (5), subsection 24-1(a)(10), subsection 24-1(a)(11), subsection 24-1(a)(13), or 24-1(a)(15) commits a Class A misdemeanor. A person convicted of a violation of subsection 24-1(a)(8) or 24-1(a)(9) commits a Class 4 felony; a person convicted of a violation of subsection 24-1(a)(6), 24-1(a)(7)(ii), 24-1(a)(7)(iii), or 24-1(a)(16) commits a Class 3 felony. A person convicted of a violation of subsection 24-1(a)(7)(i) commits a Class 2 felony and shall be sentenced to a term of imprisonment of not less than 3 years and not more than 7 years, unless the weapon is possessed in the passenger compartment of a motor vehicle as defined in Section 1-146 of the Illinois Vehicle Code, or on the person, while the weapon is loaded, in which case it shall be a Class X felony. A person convicted of a second or subsequent violation of subsection 24-1(a)(4), 24-1(a)(8), 24-1(a)(9), 24-1(a)(10), or 24-1(a)(15) commits a Class 3 felony. A person convicted of a violation of subsection 24-1(a)(2.5) or 24-1(a)(14) commits a Class 2 felony. The possession of each weapon or device in violation of this Section constitutes a single and separate violation.
(c) Violations in specific places.
(1) A person who violates subsection 24-1(a)(6) or
24-1(a)(7) in any school, regardless of the time of day or the time of year, in residential property owned, operated or managed by a public housing agency or leased by a public housing agency as part of a scattered site or mixed-income development, in a public park, in a courthouse, on the real property comprising any school, regardless of the time of day or the time of year, on residential property owned, operated or managed by a public housing agency or leased by a public housing agency as part of a scattered site or mixed-income development, on the real property comprising any public park, on the real property comprising any courthouse, in any conveyance owned, leased or contracted by a school to transport students to or from school or a school related activity, in any conveyance owned, leased, or contracted by a public transportation agency, or on any public way within 1,000 feet of the real property comprising any school, public park, courthouse, public transportation facility, or residential property owned, operated, or managed by a public housing agency or leased by a public housing agency as part of a scattered site or mixed-income development commits a Class 2 felony and shall be sentenced to a term of imprisonment of not less than 3 years and not more than 7 years.
(1.5) A person who violates subsection 24-1(a)(4),
24-1(a)(9), or 24-1(a)(10) in any school, regardless of the time of day or the time of year, in residential property owned, operated, or managed by a public housing agency or leased by a public housing agency as part of a scattered site or mixed-income development, in a public park, in a courthouse, on the real property comprising any school, regardless of the time of day or the time of year, on residential property owned, operated, or managed by a public housing agency or leased by a public housing agency as part of a scattered site or mixed-income development, on the real property comprising any public park, on the real property comprising any courthouse, in any conveyance owned, leased, or contracted by a school to transport students to or from school or a school related activity, in any conveyance owned, leased, or contracted by a public transportation agency, or on any public way within 1,000 feet of the real property comprising any school, public park, courthouse, public transportation facility, or residential property owned, operated, or managed by a public housing agency or leased by a public housing agency as part of a scattered site or mixed-income development commits a Class 3 felony.
(2) A person who violates subsection 24-1(a)(1),
24-1(a)(2), or 24-1(a)(3) in any school, regardless of the time of day or the time of year, in residential property owned, operated or managed by a public housing agency or leased by a public housing agency as part of a scattered site or mixed-income development, in a public park, in a courthouse, on the real property comprising any school, regardless of the time of day or the time of year, on residential property owned, operated or managed by a public housing agency or leased by a public housing agency as part of a scattered site or mixed-income development, on the real property comprising any public park, on the real property comprising any courthouse, in any conveyance owned, leased or contracted by a school to transport students to or from school or a school related activity, in any conveyance owned, leased, or contracted by a public transportation agency, or on any public way within 1,000 feet of the real property comprising any school, public park, courthouse, public transportation facility, or residential property owned, operated, or managed by a public housing agency or leased by a public housing agency as part of a scattered site or mixed-income development commits a Class 4 felony. ""Courthouse"" means any building that is used by the Circuit, Appellate, or Supreme Court of this State for the conduct of official business.
(3) Paragraphs (1), (1.5), and (2) of this subsection
(c) shall not apply to law enforcement officers or security officers of such school, college, or university or to students carrying or possessing firearms for use in training courses, parades, hunting, target shooting on school ranges, or otherwise with the consent of school authorities and which firearms are transported unloaded enclosed in a suitable case, box, or transportation package.
(4) For the purposes of this subsection (c), ""school""
means any public or private elementary or secondary school, community college, college, or university.
(5) For the purposes of this subsection (c), ""public
transportation agency"" means a public or private agency that provides for the transportation or conveyance of persons by means available to the general public, except for transportation by automobiles not used for conveyance of the general public as passengers; and ""public transportation facility"" means a terminal or other place where one may obtain public transportation.
(d) The presence in an automobile other than a public omnibus of any weapon, instrument or substance referred to in subsection (a)(7) is prima facie evidence that it is in the possession of, and is being carried by, all persons occupying such automobile at the time such weapon, instrument or substance is found, except under the following circumstances: (i) if such weapon, instrument or instrumentality is found upon the person of one of the occupants therein; or (ii) if such weapon, instrument or substance is found in an automobile operated for hire by a duly licensed driver in the due, lawful and proper pursuit of his or her trade, then such presumption shall not apply to the driver.
(e) Exemptions.
(1) Crossbows, Common or Compound bows and Underwater
Spearguns are exempted from the definition of ballistic knife as defined in paragraph (1) of subsection (a) of this Section.
(2) The provision of paragraph (1) of subsection (a)
of this Section prohibiting the sale, manufacture, purchase, possession, or carrying of any knife, commonly referred to as a switchblade knife, which has a blade that opens automatically by hand pressure applied to a button, spring or other device in the handle of the knife, does not apply to a person who possesses a currently valid Firearm Owner's Identification Card previously issued in his or her name by the Illinois State Police or to a person or an entity engaged in the business of selling or manufacturing switchblade knives.
(Source: P.A. 102-538, eff. 8-20-21; 102-1116, eff. 1-10-23; 103-822, eff. 1-1-25.)","ab57cfcbe4f3224e3be8284a75eab8b4ff3df091207ef2228dcc900da04dea49","The official Illinois title ""Unlawful possession of weapons"" is not an exact or explicitly reviewed mapping for the catalog label."
"il-check-fraud","Check Fraud","5/17-1","720 ILCS 5/17-1","https://www.ilga.gov/legislation/ilcs/documents/072000050K17-1.htm","Deceptive practices","official-title-mismatch","","false","Does the official Illinois title and quoted offense text cover this catalog offense, or should the row be renamed or reclassified?","correct-or-reclassify","","","","","","","","semantic_conflict","low","The official title ""Deceptive practices"" does not establish equivalence to the catalog label.","17-1","","effective 2011-07-01 | (Source: P.A. 96-1432, eff. 1-1-11; 96-1551, eff. 7-1-11.)","violation of this Section, except as otherwise provided by this subsection (D), is a Class A misdemeanor.","(D) Sentence.","title: Sec. 17-1. Deceptive practices. | currentness: (Source: P.A. 96-1432, eff. 1-1-11; 96-1551, eff. 7-1-11.) | grading: violation of this Section, except as otherwise provided by this subsection (D), is a Class A misdemeanor. | penalty: (D) Sentence. | offense: 720 ILCS 5/17-1
(720 ILCS 5/17-1) (from Ch. 38, par. 17-1)
Sec. 17-1. Deceptive practices.
(A) General deception.
A person commits a deceptive practice when,
with intent to defraud, the person does any of the following:
(1) He or she knowingly causes another, by deception
or threat, to execute a document disposing of property or a document by which a pecuniary obligation is incurred.
(2) Being an officer, manager or other person
participating in the direction of a financial institution, he or she knowingly receives or permits the receipt of a deposit or other investment, knowing that the institution is insolvent.
(3) He or she knowingly makes a false or deceptive
statement addressed to the public for the purpose of promoting the sale of property or services.
(B) Bad checks.
A person commits a deceptive practice when:
(1) With intent to obtain control over property or to
pay for property, labor or services of another, or in satisfaction of an obligation for payment of tax under the Retailers' Occupation Tax Act or any other tax due to the State of Illinois, he or she issues or delivers a check or other order upon a real or fictitious depository for the payment of money, knowing that it will not be paid by the depository. The trier of fact may infer that the defendant knows that the check or other order will not be paid by the depository and that the defendant has acted with intent to defraud when the defendant fails to have sufficient funds or credit with the depository when the check or other order is issued or delivered, or when such check or other order is presented for payment and dishonored on each of 2 occasions at least 7 days apart. In this paragraph (B)(1), ""property"" includes rental property (real or personal).
(2) He or she issues or delivers a check or other
order upon a real or fictitious depository in an amount exceeding $150 in payment of an amount owed on any credit transaction for property, labor or services, or in payment of the entire amount owed on any credit transaction for property, labor or services, knowing that it will not be paid by the depository, and thereafter fails to provide funds or credit with the depository in the face amount of the check or order within 7 days of receiving actual notice from the depository or payee of the dishonor of the check or order.
(C) Bank-related fraud.
(1) False statement.
A person commits false statement bank fraud if he or she, with intent to defraud, makes or causes to be
made any false statement in writing in order to obtain an account with
a bank or other financial institution, or to obtain credit from a bank or
other financial institution, or to obtain services from a currency exchange, knowing such writing to be false, and with
the intent that it be relied upon.
For purposes of this subsection (C), a false statement means any false
statement representing identity, address, or employment, or the identity,
address, or employment of any person, firm, or corporation.
(2) Possession of stolen or fraudulently obtained checks.
A person commits possession of stolen or fraudulently obtained checks when he or she possesses, with the intent to obtain access to
funds of another person held in a real or fictitious deposit account at a
financial institution, makes a false statement or a misrepresentation to the
financial institution, or possesses, transfers, negotiates, or presents for
payment a check, draft, or other item purported to direct the financial
institution to withdraw or pay funds out of the account holder's deposit
account with knowledge that such possession, transfer, negotiation, or
presentment is not authorized by the account holder or the issuing financial
institution. A person shall be deemed to have been
authorized to possess, transfer, negotiate, or present for payment such item
if the person was otherwise entitled by law to withdraw or recover funds
from the account in question and followed the requisite procedures under
the law. If the account holder, upon discovery of the
withdrawal or payment, claims that the withdrawal or payment was not
authorized, the financial institution may require the account holder to
submit an affidavit to that effect on a form satisfactory to the financial
institution before the financial institution may be required to credit the
account in an amount equal to the amount or amounts that were withdrawn
or paid without authorization.
(3) Possession of implements of check fraud.
A person commits possession of implements of check fraud when he or she possesses, with the intent to defraud and without the
authority of the account holder or financial institution, any check
imprinter, signature imprinter, or ""certified"" stamp.
(D) Sentence.
(1) The commission of a deceptive practice in
violation of this Section, except as otherwise provided by this subsection (D), is a Class A misdemeanor.
(2) For purposes of paragraphs (A)(1) and (B)(1):
(a) The commission of a deceptive practice in
violation of paragraph (A)(1) or (B)(1), when the value of the property so obtained, in a single transaction or in separate transactions within a 90-day period, exceeds $150, is a Class 4 felony. In the case of a prosecution for separate transactions totaling more than $150 within a 90-day period, those separate transactions shall be alleged in a single charge and prosecuted in a single prosecution.
(b) The commission of a deceptive practice in
violation of paragraph (B)(1) a second or subsequent time is a Class 4 felony.
(3) For purposes of paragraph (C)(2), a person who,
within any 12-month period, violates paragraph (C)(2) with respect to 3 or more checks or orders for the payment of money at the same time or consecutively, each the property of a different account holder or financial institution, is guilty of a Class 4 felony.
(4) For purposes of paragraph (C)(3), a person who
within any 12-month period violates paragraph (C)(3) as to possession of 3 or more such devices at the same time or consecutively is guilty of a Class 4 felony.
(E) Civil liability. A person who issues a check or order to a payee in violation of paragraph (B)(1) and who fails to pay the amount of the check or order to the payee within 30 days following either delivery and acceptance by the addressee of a written demand both by certified mail and by first class mail to the person's last known address or attempted delivery of a written demand sent both by certified mail and by first class mail to the person's last known address and the demand by certified mail is returned to the sender with a notation that delivery was refused or unclaimed shall be liable to the payee or a person subrogated to the rights of the payee for, in addition to the amount owing upon such check or order, damages of treble the amount so owing, but in no case less than $100 nor more than $1,500, plus attorney's fees and court costs. An action under this subsection (E) may be brought in small claims court or in any other appropriate court. As part of the written demand required by this subsection (E), the plaintiff shall provide written notice to the defendant of the fact that prior to the hearing of any action under this subsection (E), the defendant may tender to the plaintiff and the plaintiff shall accept, as satisfaction of the claim, an amount of money equal to the sum of the amount of the check and the incurred court costs, including the cost of service of process, and attorney's fees.
(Source: P.A. 96-1432, eff. 1-1-11; 96-1551, eff. 7-1-11.)","b284c3e493b4e3b9a2a5065abf8f0cf8dc7705573e56b263852604d994628755","The official Illinois title ""Deceptive practices"" is not an exact or explicitly reviewed mapping for the catalog label."
"il-loitering","Loitering","5/26-1","720 Ill. Comp. Stat. 5/26-1","https://www.ilga.gov/legislation/ilcs/documents/072000050K26-1.htm","Disorderly conduct","shared-citation-cluster","il-disorderly-conduct","true","Are these distinct Illinois offenses/subsections, or should one row be the canonical catalog entry?","deduplicate-or-split","","","","","","","","shared_citation","low","Multiple catalog rows point to the same official provision; the candidate is shared, not silently deduplicated.","26-1","","effective 2024-01-01 | (Source: P.A. 103-366, eff. 1-1-24.)","is a Class C misdemeanor. A violation of subsection (a)(5) or (a)(11) of this Section is a Class A misdemeanor. A violation of subsection","(b) Sentence. A violation of subsection (a)(1) of this Section","title: Sec. 26-1. Disorderly conduct. | currentness: (Source: P.A. 103-366, eff. 1-1-24.) | grading: is a Class C misdemeanor. A violation of subsection (a)(5) or (a)(11) of this Section is a Class A misdemeanor. A violation of subsection | penalty: (b) Sentence. A violation of subsection (a)(1) of this Section | offense: 720 ILCS 5/26-1
(720 ILCS 5/26-1) (from Ch. 38, par. 26-1)
Sec. 26-1. Disorderly conduct.
(a) A person commits disorderly conduct when he or she knowingly:
(1) Does any act in such unreasonable manner as to
alarm or disturb another and to provoke a breach of the peace;
(2) Transmits or causes to be transmitted in any
manner to the fire department of any city, town, village or fire protection district a false alarm of fire, knowing at the time of the transmission that there is no reasonable ground for believing that the fire exists;
(3) Transmits or causes to be transmitted in any
manner to another a false alarm to the effect that a bomb or other explosive of any nature or a container holding poison gas, a deadly biological or chemical contaminant, or radioactive substance is concealed in a place where its explosion or release would endanger human life, knowing at the time of the transmission that there is no reasonable ground for believing that the bomb, explosive or a container holding poison gas, a deadly biological or chemical contaminant, or radioactive substance is concealed in the place;
(3.5) Transmits or causes to be transmitted in any
manner a threat of destruction of a school building or school property, or a threat of violence, death, or bodily harm directed against persons at a school, school function, or school event, whether or not school is in session;
(4) Transmits or causes to be transmitted in any
manner to any peace officer, public officer or public employee a report to the effect that an offense will be committed, is being committed, or has been committed, knowing at the time of the transmission that there is no reasonable ground for believing that the offense will be committed, is being committed, or has been committed;
(5) Transmits or causes to be transmitted in any
manner a false report to any public safety agency without the reasonable grounds necessary to believe that transmitting the report is necessary for the safety and welfare of the public;
(6) Calls or texts the number ""911"" or transmits or
causes to be transmitted in any manner to a public safety agency or public safety answering point for the purpose of making or transmitting a false alarm or complaint and reporting information when, at the time the call, text, or transmission is made, the person knows there is no reasonable ground for making the call, text, or transmission and further knows that the call, text, or transmission could result in the emergency response of any public safety agency;
(7) Transmits or causes to be transmitted in any
manner a false report to the Department of Children and Family Services under Section 4 of the Abused and Neglected Child Reporting Act;
(8) Transmits or causes to be transmitted in any
manner a false report to the Department of Public Health under the Nursing Home Care Act, the Specialized Mental Health Rehabilitation Act of 2013, the ID/DD Community Care Act, or the MC/DD Act;
(9) Transmits or causes to be transmitted in any
manner to the police department or fire department of any municipality or fire protection district, or any privately owned and operated ambulance service, a false request for an ambulance, emergency medical technician-ambulance or emergency medical technician-paramedic knowing at the time there is no reasonable ground for believing that the assistance is required;
(10) Transmits or causes to be transmitted in any
manner a false report under Article II of Public Act 83-1432;
(11) Enters upon the property of another and for a
lewd or unlawful purpose deliberately looks into a dwelling on the property through any window or other opening in it; or
(12) While acting as a collection agency as defined
in the Collection Agency Act or as an employee of the collection agency, and while attempting to collect an alleged debt, makes a telephone call to the alleged debtor which is designed to harass, annoy or intimidate the alleged debtor.
(b) Sentence. A violation of subsection (a)(1) of this Section
is a Class C misdemeanor. A violation of subsection (a)(5) or (a)(11) of this Section is a Class A misdemeanor. A violation of subsection
(a)(8) or (a)(10) of this Section is a Class B misdemeanor. A violation of
subsection (a)(2), (a)(3.5), (a)(4), (a)(6), (a)(7), or (a)(9) of this Section is a Class 4
felony. A
violation of subsection (a)(3) of this Section is a Class 3 felony, for which
a fine of not less than $3,000 and no more than $10,000 shall be assessed in
addition to any other penalty imposed.
A violation of subsection (a)(12) of this Section is a Business Offense and
shall be punished by a fine not to exceed $3,000. A second or subsequent
violation of subsection (a)(7) or (a)(5) of this Section is a Class
4 felony. A third or subsequent violation of subsection (a)(11) of this Section
is a Class 4 felony.
(c) In addition to any other sentence that may be imposed, a court shall
order any person convicted of disorderly conduct to perform community service
for not less than 30 and not more than 120 hours, if community service is
available in the jurisdiction and is funded and approved by the county board of
the county where the offense was committed. In addition, whenever any person
is placed on supervision for an alleged offense under this Section, the
supervision shall be conditioned upon the performance of the community service.
This subsection does not apply when the court imposes a sentence of
incarceration.
(d) In addition to any other sentence that may be imposed, the court shall
order any person convicted of disorderly conduct under paragraph (3) of subsection (a) involving a false alarm of a threat that a bomb or explosive device has been placed in a school that requires an emergency response to reimburse the unit of government that employs the emergency response officer or officers that were dispatched to the school for the cost of the response. If the court determines that the person convicted of disorderly conduct that requires an emergency response to a school is indigent, the provisions of this subsection (d) do not apply.
(e) In addition to any other sentence that may be imposed, the court shall
order any person convicted of disorderly conduct under paragraph (3.5) or (6) of subsection (a) to reimburse the public agency for the reasonable costs of the emergency response by the public agency up to $10,000. If the court determines that the person convicted of disorderly conduct under paragraph (3.5) or (6) of subsection (a) is indigent, the provisions of this subsection (e) do not apply.
(f) For the purposes of this Section, ""emergency response"" means any condition that results in, or could result in, the response of a public official in an authorized emergency vehicle, any condition that jeopardizes or could jeopardize public safety and results in, or could result in, the evacuation of any area, building, structure, vehicle, or of any other place that any person may enter, or any incident requiring a response by a police officer, a firefighter, a State Fire Marshal employee, or an ambulance.
(Source: P.A. 103-366, eff. 1-1-24.)","ce302ef350326703f78ded00b00f267ca152ddac3d94d1029813eaa0940fd090","The official Illinois title ""Disorderly conduct"" is not an exact or explicitly reviewed mapping for the catalog label."
"il-dui-second-offense","DUI Second Offense","5/11-501","625 Ill. Comp. Stat. 5/11-501(d)(1)(A)","https://www.ilga.gov/legislation/ilcs/documents/062500050K11-501.htm","Driving while under the influence of alcohol, other drug or drugs, intoxicating compound or compounds or any combination thereof","official-title-mismatch","","false","Does the official Illinois title and quoted offense text cover this catalog offense, or should the row be renamed or reclassified?","correct-or-reclassify","","","","","","","","semantic_conflict","low","The official title ""Driving while under the influence of alcohol, other drug or drugs, intoxicating compound or compounds or any combination thereof"" does not establish equivalence to the catalog label.","11-501","(d)(1)(A)","effective 2023-07-01 | (Source: P.A. 101-363, eff. 8-9-19; 102-982, eff. 7-1-23.)","person convicted of violating subsection (a) of this Section is guilty of a Class A misdemeanor.","(c) Penalties.","currentness: (Source: P.A. 101-363, eff. 8-9-19; 102-982, eff. 7-1-23.) | grading: person convicted of violating subsection (a) of this Section is guilty of a Class A misdemeanor. | penalty: (c) Penalties. | offense: 625 ILCS 5/11-501
(625 ILCS 5/11-501) (from Ch. 95 1/2, par. 11-501)
Sec. 11-501. Driving while under the influence of alcohol, other drug or drugs, intoxicating compound or compounds or any combination thereof.
(a) A person shall not drive or be in actual physical control of any vehicle within this State while:
(1) the alcohol concentration in the person's blood,
other bodily substance, or breath is 0.08 or more based on the definition of blood and breath units in Section 11-501.2;
(2) under the influence of alcohol;
(3) under the influence of any intoxicating compound
or combination of intoxicating compounds to a degree that renders the person incapable of driving safely;
(4) under the influence of any other drug or
combination of drugs to a degree that renders the person incapable of safely driving;
(5) under the combined influence of alcohol, other
drug or drugs, or intoxicating compound or compounds to a degree that renders the person incapable of safely driving;
(6) there is any amount of a drug, substance, or
compound in the person's breath, blood, other bodily substance, or urine resulting from the unlawful use or consumption of a controlled substance listed in the Illinois Controlled Substances Act, an intoxicating compound listed in the Use of Intoxicating Compounds Act, or methamphetamine as listed in the Methamphetamine Control and Community Protection Act; or
(7) the person has, within 2 hours of driving or
being in actual physical control of a vehicle, a tetrahydrocannabinol concentration in the person's whole blood or other bodily substance as defined in paragraph 6 of subsection (a) of Section 11-501.2 of this Code. Subject to all other requirements and provisions under this Section, this paragraph (7) does not apply to the lawful consumption of cannabis by a qualifying patient licensed under the Compassionate Use of Medical Cannabis Program Act who is in possession of a valid registry card issued under that Act, unless that person is impaired by the use of cannabis.
(b) The fact that any person charged with violating this Section is or has been legally entitled to use alcohol, cannabis under the Compassionate Use of Medical Cannabis Program Act, other drug or drugs, or intoxicating compound or compounds, or any combination thereof, shall not constitute a defense against any charge of violating this Section.
(c) Penalties.
(1) Except as otherwise provided in this Section, any
person convicted of violating subsection (a) of this Section is guilty of a Class A misdemeanor.
(2) A person who violates subsection (a) or a similar
provision a second time shall be sentenced to a mandatory minimum term of either 5 days of imprisonment or 240 hours of community service in addition to any other criminal or administrative sanction.
(3) A person who violates subsection (a) is subject
to 6 months of imprisonment, an additional mandatory minimum fine of $1,000, and 25 days of community service in a program benefiting children if the person was transporting a person under the age of 16 at the time of the violation.
(4) A person who violates subsection (a) a first
time, if the alcohol concentration in his or her blood, breath, other bodily substance, or urine was 0.16 or more based on the definition of blood, breath, other bodily substance, or urine units in Section 11-501.2, shall be subject, in addition to any other penalty that may be imposed, to a mandatory minimum of 100 hours of community service and a mandatory minimum fine of $500.
(5) A person who violates subsection (a) a second
time, if at the time of the second violation the alcohol concentration in his or her blood, breath, other bodily substance, or urine was 0.16 or more based on the definition of blood, breath, other bodily substance, or urine units in Section 11-501.2, shall be subject, in addition to any other penalty that may be imposed, to a mandatory minimum of 2 days of imprisonment and a mandatory minimum fine of $1,250.
(d) Aggravated driving under the influence of alcohol, other drug or drugs, or intoxicating compound or compounds, or any combination thereof.
(1) Every person convicted of committing a violation
of this Section shall be guilty of aggravated driving under the influence of alcohol, other drug or drugs, or intoxicating compound or compounds, or any combination thereof if:
(A) the person committed a violation of
subsection (a) or a similar provision for the third or subsequent time;
(B) the person committed a violation of
subsection (a) while driving a school bus with one or more passengers on board;
(C) the person in committing a violation of
subsection (a) was involved in a motor vehicle crash that resulted in great bodily harm or permanent disability or disfigurement to another, when the violation was a proximate cause of the injuries;
(D) the person committed a violation of
subsection (a) and has been previously convicted of violating Section 9-3 of the Criminal Code of 1961 or the Criminal Code of 2012 or a similar provision of a law of another state relating to reckless homicide in which the person was determined to have been under the influence of alcohol, other drug or drugs, or intoxicating compound or compounds as an element of the offense or the person has previously been convicted under subparagraph (C) or subparagraph (F) of this paragraph (1);
(E) the person, in committing a violation of
subsection (a) while driving at any speed in a school speed zone at a time when a speed limit of 20 miles per hour was in effect under subsection (a) of Section 11-605 of this Code, was involved in a motor vehicle crash that resulted in bodily harm, other than great bodily harm or permanent disability or disfigurement, to another person, when the violation of subsection (a) was a proximate cause of the bodily harm;
(F) the person, in committing a violation of
subsection (a), was involved in a motor vehicle crash or snowmobile, all-terrain vehicle, or watercraft accident that resulted in the death of another person, when the violation of subsection (a) was a proximate cause of the death;
(G) the person committed a violation of
subsection (a) during a period in which the defendant's driving privileges are revoked or suspended, where the revocation or suspension was for a violation of subsection (a) or a similar provision, Section 11-501.1, paragraph (b) of Section 11-401, or for reckless homicide as defined in Section 9-3 of the Criminal Code of 1961 or the Criminal Code of 2012;
(H) the person committed the violation while he
or she did not possess a driver's license or permit or a restricted driving permit or a judicial driving permit or a monitoring device driving permit;
(I) the person committed the violation while he
or she knew or should have known that the vehicle he or she was driving was not covered by a liability insurance policy;
(J) the person in committing a violation of
subsection (a) was involved in a motor vehicle crash that resulted in bodily harm, but not great bodily harm, to the child under the age of 16 being transported by the person, if the violation was the proximate cause of the injury;
(K) the person in committing a second violation
of subsection (a) or a similar provision was transporting a person under the age of 16; or
(L) the person committed a violation of
subsection (a) of this Section while transporting one or more passengers in a vehicle for-hire.
(2)(A) Except as provided otherwise, a person
convicted of aggravated driving under the influence of alcohol, other drug or drugs, or intoxicating compound or compounds, or any combination thereof is guilty of a Class 4 felony.
(B) A third violation of this Section or a similar
provision is a Class 2 felony. If at the time of the third violation the alcohol concentration in his or her blood, breath, other bodily substance, or urine was 0.16 or more based on the definition of blood, breath, other bodily substance, or urine units in Section 11-501.2, a mandatory minimum of 90 days of imprisonment and a mandatory minimum fine of $2,500 shall be imposed in addition to any other criminal or administrative sanction. If at the time of the third violation, the defendant was transporting a person under the age of 16, a mandatory fine of $25,000 and 25 days of community service in a program benefiting children shall be imposed in addition to any other criminal or administrative sanction.
(C) A fourth violation of this Section or a similar
provision is a Class 2 felony, for which a sentence of probation or conditional discharge may not be imposed. If at the time of the violation, the alcohol concentration in the defendant's blood, breath, other bodily substance, or urine was 0.16 or more based on the definition of blood, breath, other bodily substance, or urine units in Section 11-501.2, a mandatory minimum fine of $5,000 shall be imposed in addition to any other criminal or administrative sanction. If at the time of the fourth violation, the defendant was transporting a person under the age of 16 a mandatory fine of $25,000 and 25 days of community service in a program benefiting children shall be imposed in addition to any other criminal or administrative sanction.
(D) A fifth violation of this Section or a similar
provision is a Class 1 felony, for which a sentence of probation or conditional discharge may not be imposed. If at the time of the violation, the alcohol concentration in the defendant's blood, breath, other bodily substance, or urine was 0.16 or more based on the definition of blood, breath, other bodily substance, or urine units in Section 11-501.2, a mandatory minimum fine of $5,000 shall be imposed in addition to any other criminal or administrative sanction. If at the time of the fifth violation, the defendant was transporting a person under the age of 16, a mandatory fine of $25,000, and 25 days of community service in a program benefiting children shall be imposed in addition to any other criminal or administrative sanction.
(E) A sixth or subsequent violation of this Section
or similar provision is a Class X felony. If at the time of the violation, the alcohol concentration in the defendant's blood, breath, other bodily substance, or urine was 0.16 or more based on the definition of blood, breath, other bodily substance, or urine units in Section 11-501.2, a mandatory minimum fine of $5,000 shall be imposed in addition to any other criminal or administrative sanction. If at the time of the violation, the defendant was transporting a person under the age of 16, a mandatory fine of $25,000 and 25 days of community service in a program benefiting children shall be imposed in addition to any other criminal or administrative sanction.
(F) For a violation of subparagraph (C) of paragraph
(1) of this subsection (d), the defendant, if sentenced to a term of imprisonment, shall be sentenced to not less than one year nor more than 12 years.
(G) A violation of subparagraph (F) of paragraph (1)
of this subsection (d) is a Class 2 felony, for which the defendant, unless the court determines that extraordinary circumstances exist and require probation, shall be sentenced to: (i) a term of imprisonment of not less than 3 years and not more than 14 years if the violation resulted in the death of one person; or (ii) a term of imprisonment of not less than 6 years and not more than 28 years if the violation resulted in the deaths of 2 or more persons.
(H) For a violation of subparagraph (J) of paragraph
(1) of this subsection (d), a mandatory fine of $2,500, and 25 days of community service in a program benefiting children shall be imposed in addition to any other criminal or administrative sanction.
(I) A violation of subparagraph (K) of paragraph (1)
of this subsection (d), is a Class 2 felony and a mandatory fine of $2,500, and 25 days of community service in a program benefiting children shall be imposed in addition to any other criminal or administrative sanction. If the child being transported suffered bodily harm, but not great bodily harm, in a motor vehicle crash, and the violation was the proximate cause of that injury, a mandatory fine of $5,000 and 25 days of community service in a program benefiting children shall be imposed in addition to any other criminal or administrative sanction.
(J) A violation of subparagraph (D) of paragraph (1)
of this subsection (d) is a Class 3 felony, for which a sentence of probation or conditional discharge may not be imposed.
(3) Any person sentenced under this subsection (d)
who receives a term of probation or conditional discharge must serve a minimum term of either 480 hours of community service or 10 days of imprisonment as a condition of the probation or conditional discharge in addition to any other criminal or administrative sanction.
(e) Any reference to a prior violation of subsection (a) or a similar provision includes any violation of a provision of a local ordinance or a provision of a law of another state or an offense committed on a military installation that is similar to a violation of subsection (a) of this Section.
(f) The imposition of a mandatory term of imprisonment or assignment of community service for a violation of this Section shall not be suspended or reduced by the court.
(g) Any penalty imposed for driving with a license that has been revoked for a previous violation of subsection (a) of this Section shall be in addition to the penalty imposed for any subsequent violation of subsection (a).
(h) For any prosecution under this Section, a certified copy of the driving abstract of the defendant shall be admitted as proof of any prior conviction.
(Source: P.A. 101-363, eff. 8-9-19; 102-982, eff. 7-1-23.)","387ceb0c9963d8c61d383692aa277a211798deeb7abe909f33b018a280da8e1c","The official Illinois title ""Driving while under the influence of alcohol, other drug or drugs, intoxicating compound or compounds or any combination thereof"" is not an exact or explicitly reviewed mapping for the catalog label."
"il-dui-third-offense","DUI Third Offense","5/11-501","625 Ill. Comp. Stat. 5/11-501(d)(2)(A)","https://www.ilga.gov/legislation/ilcs/documents/062500050K11-501.htm","Driving while under the influence of alcohol, other drug or drugs, intoxicating compound or compounds or any combination thereof","official-title-mismatch","","false","Does the official Illinois title and quoted offense text cover this catalog offense, or should the row be renamed or reclassified?","correct-or-reclassify","","","","","","","","semantic_conflict","low","The official title ""Driving while under the influence of alcohol, other drug or drugs, intoxicating compound or compounds or any combination thereof"" does not establish equivalence to the catalog label.","11-501","(d)(2)(A)","effective 2023-07-01 | (Source: P.A. 101-363, eff. 8-9-19; 102-982, eff. 7-1-23.)","person convicted of violating subsection (a) of this Section is guilty of a Class A misdemeanor.","(c) Penalties.","currentness: (Source: P.A. 101-363, eff. 8-9-19; 102-982, eff. 7-1-23.) | grading: person convicted of violating subsection (a) of this Section is guilty of a Class A misdemeanor. | penalty: (c) Penalties. | offense: 625 ILCS 5/11-501
(625 ILCS 5/11-501) (from Ch. 95 1/2, par. 11-501)
Sec. 11-501. Driving while under the influence of alcohol, other drug or drugs, intoxicating compound or compounds or any combination thereof.
(a) A person shall not drive or be in actual physical control of any vehicle within this State while:
(1) the alcohol concentration in the person's blood,
other bodily substance, or breath is 0.08 or more based on the definition of blood and breath units in Section 11-501.2;
(2) under the influence of alcohol;
(3) under the influence of any intoxicating compound
or combination of intoxicating compounds to a degree that renders the person incapable of driving safely;
(4) under the influence of any other drug or
combination of drugs to a degree that renders the person incapable of safely driving;
(5) under the combined influence of alcohol, other
drug or drugs, or intoxicating compound or compounds to a degree that renders the person incapable of safely driving;
(6) there is any amount of a drug, substance, or
compound in the person's breath, blood, other bodily substance, or urine resulting from the unlawful use or consumption of a controlled substance listed in the Illinois Controlled Substances Act, an intoxicating compound listed in the Use of Intoxicating Compounds Act, or methamphetamine as listed in the Methamphetamine Control and Community Protection Act; or
(7) the person has, within 2 hours of driving or
being in actual physical control of a vehicle, a tetrahydrocannabinol concentration in the person's whole blood or other bodily substance as defined in paragraph 6 of subsection (a) of Section 11-501.2 of this Code. Subject to all other requirements and provisions under this Section, this paragraph (7) does not apply to the lawful consumption of cannabis by a qualifying patient licensed under the Compassionate Use of Medical Cannabis Program Act who is in possession of a valid registry card issued under that Act, unless that person is impaired by the use of cannabis.
(b) The fact that any person charged with violating this Section is or has been legally entitled to use alcohol, cannabis under the Compassionate Use of Medical Cannabis Program Act, other drug or drugs, or intoxicating compound or compounds, or any combination thereof, shall not constitute a defense against any charge of violating this Section.
(c) Penalties.
(1) Except as otherwise provided in this Section, any
person convicted of violating subsection (a) of this Section is guilty of a Class A misdemeanor.
(2) A person who violates subsection (a) or a similar
provision a second time shall be sentenced to a mandatory minimum term of either 5 days of imprisonment or 240 hours of community service in addition to any other criminal or administrative sanction.
(3) A person who violates subsection (a) is subject
to 6 months of imprisonment, an additional mandatory minimum fine of $1,000, and 25 days of community service in a program benefiting children if the person was transporting a person under the age of 16 at the time of the violation.
(4) A person who violates subsection (a) a first
time, if the alcohol concentration in his or her blood, breath, other bodily substance, or urine was 0.16 or more based on the definition of blood, breath, other bodily substance, or urine units in Section 11-501.2, shall be subject, in addition to any other penalty that may be imposed, to a mandatory minimum of 100 hours of community service and a mandatory minimum fine of $500.
(5) A person who violates subsection (a) a second
time, if at the time of the second violation the alcohol concentration in his or her blood, breath, other bodily substance, or urine was 0.16 or more based on the definition of blood, breath, other bodily substance, or urine units in Section 11-501.2, shall be subject, in addition to any other penalty that may be imposed, to a mandatory minimum of 2 days of imprisonment and a mandatory minimum fine of $1,250.
(d) Aggravated driving under the influence of alcohol, other drug or drugs, or intoxicating compound or compounds, or any combination thereof.
(1) Every person convicted of committing a violation
of this Section shall be guilty of aggravated driving under the influence of alcohol, other drug or drugs, or intoxicating compound or compounds, or any combination thereof if:
(A) the person committed a violation of
subsection (a) or a similar provision for the third or subsequent time;
(B) the person committed a violation of
subsection (a) while driving a school bus with one or more passengers on board;
(C) the person in committing a violation of
subsection (a) was involved in a motor vehicle crash that resulted in great bodily harm or permanent disability or disfigurement to another, when the violation was a proximate cause of the injuries;
(D) the person committed a violation of
subsection (a) and has been previously convicted of violating Section 9-3 of the Criminal Code of 1961 or the Criminal Code of 2012 or a similar provision of a law of another state relating to reckless homicide in which the person was determined to have been under the influence of alcohol, other drug or drugs, or intoxicating compound or compounds as an element of the offense or the person has previously been convicted under subparagraph (C) or subparagraph (F) of this paragraph (1);
(E) the person, in committing a violation of
subsection (a) while driving at any speed in a school speed zone at a time when a speed limit of 20 miles per hour was in effect under subsection (a) of Section 11-605 of this Code, was involved in a motor vehicle crash that resulted in bodily harm, other than great bodily harm or permanent disability or disfigurement, to another person, when the violation of subsection (a) was a proximate cause of the bodily harm;
(F) the person, in committing a violation of
subsection (a), was involved in a motor vehicle crash or snowmobile, all-terrain vehicle, or watercraft accident that resulted in the death of another person, when the violation of subsection (a) was a proximate cause of the death;
(G) the person committed a violation of
subsection (a) during a period in which the defendant's driving privileges are revoked or suspended, where the revocation or suspension was for a violation of subsection (a) or a similar provision, Section 11-501.1, paragraph (b) of Section 11-401, or for reckless homicide as defined in Section 9-3 of the Criminal Code of 1961 or the Criminal Code of 2012;
(H) the person committed the violation while he
or she did not possess a driver's license or permit or a restricted driving permit or a judicial driving permit or a monitoring device driving permit;
(I) the person committed the violation while he
or she knew or should have known that the vehicle he or she was driving was not covered by a liability insurance policy;
(J) the person in committing a violation of
subsection (a) was involved in a motor vehicle crash that resulted in bodily harm, but not great bodily harm, to the child under the age of 16 being transported by the person, if the violation was the proximate cause of the injury;
(K) the person in committing a second violation
of subsection (a) or a similar provision was transporting a person under the age of 16; or
(L) the person committed a violation of
subsection (a) of this Section while transporting one or more passengers in a vehicle for-hire.
(2)(A) Except as provided otherwise, a person
convicted of aggravated driving under the influence of alcohol, other drug or drugs, or intoxicating compound or compounds, or any combination thereof is guilty of a Class 4 felony.
(B) A third violation of this Section or a similar
provision is a Class 2 felony. If at the time of the third violation the alcohol concentration in his or her blood, breath, other bodily substance, or urine was 0.16 or more based on the definition of blood, breath, other bodily substance, or urine units in Section 11-501.2, a mandatory minimum of 90 days of imprisonment and a mandatory minimum fine of $2,500 shall be imposed in addition to any other criminal or administrative sanction. If at the time of the third violation, the defendant was transporting a person under the age of 16, a mandatory fine of $25,000 and 25 days of community service in a program benefiting children shall be imposed in addition to any other criminal or administrative sanction.
(C) A fourth violation of this Section or a similar
provision is a Class 2 felony, for which a sentence of probation or conditional discharge may not be imposed. If at the time of the violation, the alcohol concentration in the defendant's blood, breath, other bodily substance, or urine was 0.16 or more based on the definition of blood, breath, other bodily substance, or urine units in Section 11-501.2, a mandatory minimum fine of $5,000 shall be imposed in addition to any other criminal or administrative sanction. If at the time of the fourth violation, the defendant was transporting a person under the age of 16 a mandatory fine of $25,000 and 25 days of community service in a program benefiting children shall be imposed in addition to any other criminal or administrative sanction.
(D) A fifth violation of this Section or a similar
provision is a Class 1 felony, for which a sentence of probation or conditional discharge may not be imposed. If at the time of the violation, the alcohol concentration in the defendant's blood, breath, other bodily substance, or urine was 0.16 or more based on the definition of blood, breath, other bodily substance, or urine units in Section 11-501.2, a mandatory minimum fine of $5,000 shall be imposed in addition to any other criminal or administrative sanction. If at the time of the fifth violation, the defendant was transporting a person under the age of 16, a mandatory fine of $25,000, and 25 days of community service in a program benefiting children shall be imposed in addition to any other criminal or administrative sanction.
(E) A sixth or subsequent violation of this Section
or similar provision is a Class X felony. If at the time of the violation, the alcohol concentration in the defendant's blood, breath, other bodily substance, or urine was 0.16 or more based on the definition of blood, breath, other bodily substance, or urine units in Section 11-501.2, a mandatory minimum fine of $5,000 shall be imposed in addition to any other criminal or administrative sanction. If at the time of the violation, the defendant was transporting a person under the age of 16, a mandatory fine of $25,000 and 25 days of community service in a program benefiting children shall be imposed in addition to any other criminal or administrative sanction.
(F) For a violation of subparagraph (C) of paragraph
(1) of this subsection (d), the defendant, if sentenced to a term of imprisonment, shall be sentenced to not less than one year nor more than 12 years.
(G) A violation of subparagraph (F) of paragraph (1)
of this subsection (d) is a Class 2 felony, for which the defendant, unless the court determines that extraordinary circumstances exist and require probation, shall be sentenced to: (i) a term of imprisonment of not less than 3 years and not more than 14 years if the violation resulted in the death of one person; or (ii) a term of imprisonment of not less than 6 years and not more than 28 years if the violation resulted in the deaths of 2 or more persons.
(H) For a violation of subparagraph (J) of paragraph
(1) of this subsection (d), a mandatory fine of $2,500, and 25 days of community service in a program benefiting children shall be imposed in addition to any other criminal or administrative sanction.
(I) A violation of subparagraph (K) of paragraph (1)
of this subsection (d), is a Class 2 felony and a mandatory fine of $2,500, and 25 days of community service in a program benefiting children shall be imposed in addition to any other criminal or administrative sanction. If the child being transported suffered bodily harm, but not great bodily harm, in a motor vehicle crash, and the violation was the proximate cause of that injury, a mandatory fine of $5,000 and 25 days of community service in a program benefiting children shall be imposed in addition to any other criminal or administrative sanction.
(J) A violation of subparagraph (D) of paragraph (1)
of this subsection (d) is a Class 3 felony, for which a sentence of probation or conditional discharge may not be imposed.
(3) Any person sentenced under this subsection (d)
who receives a term of probation or conditional discharge must serve a minimum term of either 480 hours of community service or 10 days of imprisonment as a condition of the probation or conditional discharge in addition to any other criminal or administrative sanction.
(e) Any reference to a prior violation of subsection (a) or a similar provision includes any violation of a provision of a local ordinance or a provision of a law of another state or an offense committed on a military installation that is similar to a violation of subsection (a) of this Section.
(f) The imposition of a mandatory term of imprisonment or assignment of community service for a violation of this Section shall not be suspended or reduced by the court.
(g) Any penalty imposed for driving with a license that has been revoked for a previous violation of subsection (a) of this Section shall be in addition to the penalty imposed for any subsequent violation of subsection (a).
(h) For any prosecution under this Section, a certified copy of the driving abstract of the defendant shall be admitted as proof of any prior conviction.
(Source: P.A. 101-363, eff. 8-9-19; 102-982, eff. 7-1-23.)","387ceb0c9963d8c61d383692aa277a211798deeb7abe909f33b018a280da8e1c","The official Illinois title ""Driving while under the influence of alcohol, other drug or drugs, intoxicating compound or compounds or any combination thereof"" is not an exact or explicitly reviewed mapping for the catalog label."
"il-reckless-driving","Reckless Driving","5/11-503","625 ILCS 5/11-503","https://www.ilga.gov/legislation/ilcs/documents/062500050K11-503.htm","Reckless driving; aggravated reckless driving","shared-citation-cluster","il-reckless-driving-criminal","true","Are these distinct Illinois offenses/subsections, or should one row be the canonical catalog entry?","deduplicate-or-split","","","","","","","","shared_citation","low","Multiple catalog rows point to the same official provision; the candidate is shared, not silently deduplicated.","11-503","","effective 2008-06-01 | (Source: P.A. 95-467, eff. 6-1-08.)","Class A misdemeanor, except as provided under subsections (b-1), (c), and (d) of this","","currentness: (Source: P.A. 95-467, eff. 6-1-08.) | grading: Class A misdemeanor, except as provided under subsections (b-1), (c), and (d) of this | offense: 625 ILCS 5/11-503
(625 ILCS 5/11-503) (from Ch. 95 1/2, par. 11-503)
Sec. 11-503. Reckless driving; aggravated reckless driving.
(a) A
person commits reckless driving if he or she:
(1) drives any vehicle with a willful or wanton
disregard for the safety of persons or property; or
(2) knowingly drives a vehicle and uses an incline in
a roadway, such as a railroad crossing, bridge approach, or hill, to cause the vehicle to become airborne.
(b) Every person convicted of reckless driving shall be guilty of a
Class A misdemeanor, except as provided under subsections (b-1), (c), and (d) of this
Section.
(b-1) Except as provided in subsection (d), any person convicted of violating subsection (a), if the violation causes bodily harm to a child or a school crossing guard while the school crossing guard is performing his or her official duties, is guilty of a Class 4 felony.
(c) Every person convicted of committing a violation of subsection (a)
shall
be guilty of aggravated reckless driving if the violation results in great
bodily harm or permanent disability or disfigurement to another. Except as provided in subsection (d) of this Section, aggravated
reckless driving is a Class 4 felony.
(d) Any person convicted of violating subsection (a), if the violation causes great bodily harm or permanent disability or disfigurement to a child or a school crossing guard while the school crossing guard is performing his or her official duties, is guilty of aggravated reckless driving. Aggravated reckless driving under this subsection (d) is a Class 3 felony.
(Source: P.A. 95-467, eff. 6-1-08.)","312e308f9528b85f51858e8c2dabf9d16d3762dc1bb4193670188af91e9b900a","The official Illinois title ""Reckless driving; aggravated reckless driving"" is not an exact or explicitly reviewed mapping for the catalog label."
"il-criminal-trespass-to-land","Criminal Trespass to Land","5/21-3","720 Ill. Comp. Stat. 5/21-3","https://www.ilga.gov/legislation/ilcs/documents/072000050K21-3.htm","Criminal trespass to real property","shared-citation-cluster","il-illegal-camping;il-trespass-after-warning","true","Are these distinct Illinois offenses/subsections, or should one row be the canonical catalog entry?","deduplicate-or-split","","","","","","","","shared_citation","low","Multiple catalog rows point to the same official provision; the candidate is shared, not silently deduplicated.","21-3","","effective 2013-06-01 | (Source: P.A. 97-184, eff. 7-22-11; 97-477, eff. 8-22-11; 97-813, eff. 7-13-12; 97-1108, eff. 1-1-13; 97-1164, eff. 6-1-13.)","(h) Sentence. A violation of subdivision (a)(1), (a)(2), (a)(3), or (a)(3.5) is a Class B misdemeanor. A violation of subdivision (a)(4) is a Class A misdemeanor.","(h) Sentence. A violation of subdivision (a)(1), (a)(2), (a)(3), or (a)(3.5) is a Class B misdemeanor. A violation of subdivision (a)(4) is a Class A misdemeanor.","title: Sec. 21-3. Criminal trespass to real property. | currentness: (Source: P.A. 97-184, eff. 7-22-11; 97-477, eff. 8-22-11; 97-813, eff. 7-13-12; 97-1108, eff. 1-1-13; 97-1164, eff. 6-1-13.) | grading: (h) Sentence. A violation of subdivision (a)(1), (a)(2), (a)(3), or (a)(3.5) is a Class B misdemeanor. A violation of subdivision (a)(4) is a Class A misdemeanor. | penalty: (h) Sentence. A violation of subdivision (a)(1), (a)(2), (a)(3), or (a)(3.5) is a Class B misdemeanor. A violation of subdivision (a)(4) is a Class A misdemeanor. | offense: 720 ILCS 5/21-3
(720 ILCS 5/21-3) (from Ch. 38, par. 21-3)
Sec. 21-3. Criminal trespass to real property.
(a) A person commits criminal trespass to real property when he or she:
(1) knowingly and without lawful authority enters or
remains within or on a building;
(2) enters upon the land of another, after receiving,
prior to the entry, notice from the owner or occupant that the entry is forbidden;
(3) remains upon the land of another, after receiving
notice from the owner or occupant to depart;
(3.5) presents false documents or falsely represents
his or her identity orally to the owner or occupant of a building or land in order to obtain permission from the owner or occupant to enter or remain in the building or on the land;
(3.7) intentionally removes a notice posted on
residential real estate as required by subsection (l) of Section 15-1505.8 of Article XV of the Code of Civil Procedure before the date and time set forth in the notice; or
(4) enters a field used or capable of being used for
growing crops, an enclosed area containing livestock, an agricultural building containing livestock, or an orchard in or on a motor vehicle (including an off-road vehicle, motorcycle, moped, or any other powered two-wheel vehicle) after receiving, prior to the entry, notice from the owner or occupant that the entry is forbidden or remains upon or in the area after receiving notice from the owner or occupant to depart.
For purposes of item (1) of this subsection, this Section shall not apply
to being in a building which is open to the public while the building is open
to the public during its normal hours of operation; nor shall this Section
apply to a person who enters a public building under the reasonable belief that
the building is still open to the public.
(b) A person has received notice from the owner or occupant within the
meaning of Subsection (a) if he or she has been notified personally, either orally
or in writing including a valid court order as defined by subsection (7)
of Section 112A-3 of the Code of Criminal Procedure of 1963 granting remedy
(2) of subsection (b) of Section 112A-14 of that Code, or if a printed or
written notice forbidding such entry has been conspicuously posted or
exhibited at the main entrance to the land or the forbidden part thereof.
(b-5) Subject to the provisions of subsection (b-10), as an alternative to the posting of real property as set forth in subsection (b), the owner or lessee of any real property may post the property by placing identifying purple marks on trees or posts around the area to be posted. Each purple mark shall be:
(1) A vertical line of at least 8 inches in length
and the bottom of the mark shall be no less than 3 feet nor more than 5 feet high. Such marks shall be placed no more than 100 feet apart and shall be readily visible to any person approaching the property; or
(2) A post capped or otherwise marked on at least its
top 2 inches. The bottom of the cap or mark shall be not less than 3 feet but not more than 5 feet 6 inches high. Posts so marked shall be placed not more than 36 feet apart and shall be readily visible to any person approaching the property. Prior to applying a cap or mark which is visible from both sides of a fence shared by different property owners or lessees, all such owners or lessees shall concur in the decision to post their own property.
Nothing in this subsection (b-5) shall be construed to authorize the owner or lessee of any real property to place any purple marks on any tree or post or to install any post or fence if doing so would violate any applicable law, rule, ordinance, order, covenant, bylaw, declaration, regulation, restriction, contract, or instrument.
(b-10) Any owner or lessee who marks his or her real property using the method described in subsection (b-5) must also provide notice as described in subsection (b) of this Section. The public of this State shall be informed of the provisions of subsection (b-5) of this Section by the Illinois Department of Agriculture and the Illinois Department of Natural Resources. These Departments shall conduct an information campaign for the general public concerning the interpretation and implementation of subsection (b-5). The information shall inform the public about the marking requirements and the applicability of subsection (b-5) including information regarding the size requirements of the markings as well as the manner in which the markings shall be displayed. The Departments shall also include information regarding the requirement that, until the date this subsection becomes inoperative, any owner or lessee who chooses to mark his or her property using paint, must also comply with one of the notice requirements listed in subsection (b). The Departments may prepare a brochure or may disseminate the information through agency websites. Non-governmental organizations including, but not limited to, the Illinois Forestry Association, Illinois Tree Farm and the Walnut Council may help to disseminate the information regarding the requirements and applicability of subsection (b-5) based on materials provided by the Departments. This subsection (b-10) is inoperative on and after January 1, 2013.
(b-15) Subsections (b-5) and (b-10) do not apply to real property located in a municipality of over 2,000,000 inhabitants.
(c) This Section does not apply to any person, whether a migrant worker
or otherwise, living on the land with permission of the owner or of his
or her agent having apparent authority to hire workers on this land and assign
them living quarters or a place of accommodations for living thereon, nor
to anyone living on the land at the request of, or by occupancy, leasing
or other agreement or arrangement with the owner or his or her agent, nor to
anyone invited by the migrant worker or other person so living on the
land to visit him or her at the place he is so living upon the land.
(d) A person shall be exempt from prosecution under this Section if
he or she beautifies unoccupied and abandoned residential and industrial properties
located within any municipality. For the purpose of this subsection,
""unoccupied and abandoned residential and industrial property"" means any
real estate (1) in which the taxes have not been paid for a period of at
least 2 years; and (2) which has been left unoccupied and abandoned for a
period of at least one year; and ""beautifies"" means to landscape, clean up
litter, or to repair dilapidated conditions on or to board up windows
and doors.
(e) No person shall be liable in any civil action for money damages
to the owner of unoccupied and abandoned residential and industrial property
which that person beautifies pursuant to subsection (d) of this Section.
(e-5) Mortgagee or agent of the mortgagee exceptions.
(1) A mortgagee or agent of the mortgagee shall be
exempt from prosecution for criminal trespass for entering, securing, or maintaining an abandoned residential property.
(2) No mortgagee or agent of the mortgagee shall be
liable to the mortgagor or other owner of an abandoned residential property in any civil action for negligence or civil trespass in connection with entering, securing, or maintaining the abandoned residential property.
(3) For the purpose of this subsection (e-5) only,
""abandoned residential property"" means mortgaged real estate that the mortgagee or agent of the mortgagee determines in good faith meets the definition of abandoned residential property set forth in Section 15-1200.5 of Article XV of the Code of Civil Procedure.
(f) This Section does not prohibit a person from entering a building or
upon the land of another for emergency purposes. For purposes of this
subsection (f), ""emergency"" means a condition or circumstance in which an
individual is or is reasonably believed by the person to be in imminent danger
of serious bodily harm or in which property is or is reasonably believed to be
in imminent danger of damage or destruction.
(g) Paragraph (3.5) of subsection (a) does not apply to a peace officer or other official of a unit of government who enters a building or land in the performance of his or her official duties.
(h) Sentence. A violation of subdivision (a)(1), (a)(2), (a)(3), or (a)(3.5) is a Class B misdemeanor. A violation of subdivision (a)(4) is a Class A misdemeanor.
(i) Civil liability. A person may be liable in any civil action for money damages to the owner of the land he or she entered upon with a motor vehicle as prohibited under paragraph (4) of subsection (a) of this Section. A person may also be liable to the owner for court costs and reasonable attorney's fees. The measure of damages shall be: (i) the actual damages, but not less than $250, if the vehicle is operated in a nature preserve or registered area as defined in Sections 3.11 and 3.14 of the Illinois Natural Areas Preservation Act; (ii) twice the actual damages if the owner has previously notified the person to cease trespassing; or (iii) in any other case, the actual damages, but not less than $50. If the person operating the vehicle is under the age of 16, the owner of the vehicle and the parent or legal guardian of the minor are jointly and severally liable. For the purposes of this subsection (i):
""Land"" includes, but is not limited to, land used for
crop land, fallow land, orchard, pasture, feed lot, timber land, prairie land, mine spoil nature preserves and registered areas. ""Land"" does not include driveways or private roadways upon which the owner allows the public to drive.
""Owner"" means the person who has the right to
possession of the land, including the owner, operator or tenant.
""Vehicle"" has the same meaning as provided under
Section 1-217 of the Illinois Vehicle Code.
(j) This Section does not apply to the following persons while serving process:
(1) a person authorized to serve process under
Section 2-202 of the Code of Civil Procedure; or
(2) a special process server appointed by the circuit
court.
(Source: P.A. 97-184, eff. 7-22-11; 97-477, eff. 8-22-11; 97-813, eff. 7-13-12; 97-1108, eff. 1-1-13; 97-1164, eff. 6-1-13.)","c1427e5aec8c1e22d9b497f2cc1605692f818b60a8048cea45a5b396f9c71d84","The official Illinois title ""Criminal trespass to real property"" is not an exact or explicitly reviewed mapping for the catalog label."
"il-reckless-conduct","Reckless Conduct","5/12-5","720 Ill. Comp. Stat. 5/12-5","https://www.ilga.gov/legislation/ilcs/documents/072000050K12-5.htm","Reckless","official-title-mismatch","","false","Does the official Illinois title and quoted offense text cover this catalog offense, or should the row be renamed or reclassified?","correct-or-reclassify","","","","","","","","semantic_conflict","low","The official title ""Reckless"" does not establish equivalence to the catalog label.","12-5","","effective 2011-07-01 | (Source: P.A. 96-1551, eff. 7-1-11.)","Reckless conduct under subdivision (a)(1) is a Class A misdemeanor. Reckless conduct under subdivision (a)(2) is a Class 4 felony.","(b) Sentence.","title: Sec. 12-5. Reckless | currentness: (Source: P.A. 96-1551, eff. 7-1-11.) | grading: Reckless conduct under subdivision (a)(1) is a Class A misdemeanor. Reckless conduct under subdivision (a)(2) is a Class 4 felony. | penalty: (b) Sentence. | offense: 720 ILCS 5/12-5
(720 ILCS 5/12-5) (from Ch. 38, par. 12-5)
Sec. 12-5. Reckless
conduct.
(a) A person commits reckless conduct when he or she, by any means lawful or unlawful, recklessly performs an act or acts that:
(1) cause bodily harm to or endanger the safety of
another person; or
(2) cause great bodily harm or permanent disability
or disfigurement to another person.
(b) Sentence.
Reckless conduct under subdivision (a)(1) is a Class A misdemeanor. Reckless conduct under subdivision (a)(2) is a Class 4 felony.
(Source: P.A. 96-1551, eff. 7-1-11.)","4b8c9d845692b81d673feadbe70434eebc9251b2546298a29ab916f3bfad78f4","The official Illinois title ""Reckless"" is not an exact or explicitly reviewed mapping for the catalog label."
"il-violation-of-order-of-protection","Violation of Order of Protection","5/12-3.4","720 Ill. Comp. Stat. 5/12-3.4","https://www.ilga.gov/legislation/ilcs/documents/072000050K12-3.4.htm","Violation of an order of protection","shared-citation-cluster","il-protective-order-violation","true","Are these distinct Illinois offenses/subsections, or should one row be the canonical catalog entry?","deduplicate-or-split","","","","","","","","shared_citation","low","Multiple catalog rows point to the same official provision; the candidate is shared, not silently deduplicated.","12-3.4","","effective 2019-07-01 | (Source: P.A. 100-987, eff. 7-1-19.)","(d) Violation of an order of protection is a Class A misdemeanor.","of 1963. The court shall impose a minimum penalty of 24 hours imprisonment for","title: Sec. 12-3.4. Violation of an order of protection. | currentness: (Source: P.A. 100-987, eff. 7-1-19.) | grading: (d) Violation of an order of protection is a Class A misdemeanor. | penalty: of 1963. The court shall impose a minimum penalty of 24 hours imprisonment for | offense: 720 ILCS 5/12-3.4
(720 ILCS 5/12-3.4) (was 720 ILCS 5/12-30)
Sec. 12-3.4. Violation of an order of protection.
(a) A person commits violation of an order of protection if:
(1) He or she knowingly commits an act which was
prohibited by a court or fails to commit an act which was ordered by a court in violation of:
(i) a remedy in a valid order of protection
authorized under paragraphs (1), (2), (3), (14), or (14.5) of subsection (b) of Section 214 of the Illinois Domestic Violence Act of 1986,
(ii) a remedy, which is substantially similar to
the remedies authorized under paragraphs (1), (2), (3), (14) or (14.5) of subsection (b) of Section 214 of the Illinois Domestic Violence Act of 1986, in a valid order of protection, which is authorized under the laws of another state, tribe or United States territory,
(iii) any other remedy when the act constitutes a
crime against the protected parties as the term protected parties is defined in Section 112A-4 of the Code of Criminal Procedure of 1963; and
(2) Such violation occurs after the offender has been
served notice of the contents of the order, pursuant to the Illinois Domestic Violence Act of 1986 or any substantially similar statute of another state, tribe or United States territory, or otherwise has acquired actual knowledge of the contents of the order.
An order of protection issued by a state, tribal or territorial
court
related to domestic or family violence shall be deemed valid if the issuing
court had jurisdiction over the parties and matter under the law of the state,
tribe or territory. There shall be a presumption of validity where an order is
certified and appears authentic on its face. For purposes of this Section, an ""order of protection"" may have been
issued in a criminal or civil proceeding.
(a-5) Failure to provide reasonable notice and opportunity to be heard
shall
be an affirmative defense to any charge or process filed seeking enforcement of
a foreign order of protection.
(b) Nothing in this Section shall be construed to diminish the inherent
authority of the courts to enforce their lawful orders through civil or
criminal contempt proceedings.
(c) The limitations placed on law enforcement liability by Section 305 of
the Illinois Domestic Violence Act of 1986 apply to actions taken under this
Section.
(d) Violation of an order of protection is a Class A misdemeanor.
Violation of an order of protection is a
Class 4 felony if the defendant has any prior conviction under this Code for
domestic battery (Section 12-3.2)
or violation of an order of protection (Section 12-3.4 or
12-30) or any prior conviction under the law of another jurisdiction for an offense that could be charged in this State as a domestic battery or violation of an order of protection. Violation of an order of protection is a Class 4 felony if the
defendant has any prior conviction under this Code for
first degree murder (Section 9-1), attempt to commit first degree murder
(Section 8-4), aggravated domestic battery (Section 12-3.3),
aggravated battery
(Section 12-3.05 or 12-4),
heinous battery (Section 12-4.1), aggravated battery with a firearm (Section
12-4.2), aggravated battery with a machine gun or a firearm equipped with a silencer (Section 12-4.2-5), aggravated battery of a child (Section 12-4.3), aggravated battery of
an unborn child (subsection (a-5) of Section 12-3.1, or Section 12-4.4), aggravated battery of a senior citizen
(Section 12-4.6),
stalking (Section 12-7.3), aggravated stalking (Section
12-7.4),
criminal sexual assault (Section 11-1.20 or 12-13), aggravated criminal sexual assault
(Section 11-1.30 or 12-14), kidnapping (Section 10-1), aggravated kidnapping (Section 10-2),
predatory criminal sexual assault of a child (Section 11-1.40 or 12-14.1),
aggravated criminal sexual abuse (Section 11-1.60 or 12-16),
unlawful restraint (Section 10-3), aggravated unlawful restraint
(Section
10-3.1),
aggravated arson (Section 20-1.1), aggravated discharge of a firearm
(Section 24-1.2), or a violation of any former law of this State that is substantially similar to any listed offense,
or any prior conviction under the law of another jurisdiction for an offense that could be charged in this State as one of the offenses listed in this Section, when any of these offenses have been committed against a family or
household member as defined in Section 112A-3 of the Code of Criminal Procedure
of 1963. The court shall impose a minimum penalty of 24 hours imprisonment for
defendant's second or subsequent violation of any order of protection; unless
the court explicitly finds that an increased penalty or such period of
imprisonment would be manifestly unjust. In addition to any other penalties,
the court may order the defendant to pay a fine as authorized under Section
5-9-1 of the Unified Code of Corrections or to make restitution to the victim
under Section 5-5-6 of the Unified Code of Corrections.
(e) (Blank).
(f) A defendant who directed the actions of a third party to violate this Section, under the principles of accountability set forth in Article 5 of this Code, is guilty of violating this Section as if the same had been personally done by the defendant, without regard to the mental state of the third party acting at the direction of the defendant.
(Source: P.A. 100-987, eff. 7-1-19.)","7b7fb1fd04df4bb80763089e7e06a050826ec9a20f327abd1e76a3d5fb70108c","The official Illinois title ""Violation of an order of protection"" is not an exact or explicitly reviewed mapping for the catalog label."
"il-failure-to-appear","Failure to Appear","720-5/32-10","720 ILCS 5/32-10","https://www.ilga.gov/legislation/ilcs/documents/072000050K32-10.htm","Violation of conditions of pretrial release","shared-citation-cluster","il-contempt-of-court","true","Are these distinct Illinois offenses/subsections, or should one row be the canonical catalog entry?","deduplicate-or-split","","","","","","","","shared_citation","low","Multiple catalog rows point to the same official provision; the candidate is shared, not silently deduplicated.","32-10","","effective 2023-01-01 | (Source: P.A. 101-652, eff. 1-1-23; 102-1104, eff. 1-1-23.)","firearm in violation of his or her conditions of pretrial release commits a Class 4 felony","Any sentence imposed for violation of this Section may be served","title: Sec. 32-10. Violation of conditions of pretrial release. | currentness: (Source: P.A. 101-652, eff. 1-1-23; 102-1104, eff. 1-1-23.) | grading: firearm in violation of his or her conditions of pretrial release commits a Class 4 felony | penalty: Any sentence imposed for violation of this Section may be served | offense: 720 ILCS 5/32-10
(720 ILCS 5/32-10) (from Ch. 38, par. 32-10)
Sec. 32-10. Violation of conditions of pretrial release.
(a) (Blank).
(a-5) Any person who knowingly violates a condition of pretrial release by possessing a
firearm in violation of his or her conditions of pretrial release commits a Class 4 felony
for a first violation and a Class 3 felony for a second or subsequent violation.
(b) Whoever, having been released pretrial under conditions for appearance before
any court
of this State, while charged with a criminal offense in which the victim is a
family or household member as defined in Article 112A of the Code of Criminal
Procedure of 1963, knowingly violates a condition of that release as set forth
in Section 110-10, subsection (d) of the Code of Criminal Procedure of 1963,
commits a Class A misdemeanor.
(c) Whoever, having been released pretrial for appearance before
any court
of this State for a felony, Class A misdemeanor or a
criminal offense in which the victim is a family
or household member as defined in Article 112A of the Code of Criminal
Procedure of 1963, is charged with any other
felony, Class A misdemeanor,
or a
criminal offense in which the victim is a family or household
member as
defined in Article 112A of the Code of Criminal Procedure of 1963 while on
this
release, must appear before the court and may not be released by law enforcement under 109-1 of the Code of Criminal Procedure of 1963 prior to the court appearance.
(d) Nothing in this Section shall interfere with or
prevent the exercise
by
any court of its power to punish for contempt.
Any sentence imposed for violation of this Section may be served
consecutive to the sentence imposed for the charge for which pretrial release had been
granted and with respect to which the defendant has been convicted.
(Source: P.A. 101-652, eff. 1-1-23; 102-1104, eff. 1-1-23.)","1d2a28a8bf924d4ca07a3a7370ea5df58d744dab210d8ac93c36877cd348d365","The official Illinois title ""Violation of conditions of pretrial release"" is not an exact or explicitly reviewed mapping for the catalog label."
"il-probation-violation","Probation Violation","730-5/5-6-4","730 ILCS 5/5-6-4","https://www.ilga.gov/legislation/ilcs/documents/073000050K5-6-4.htm","Violation, modification or revocation of probation, of","official-title-mismatch","","false","Does the official Illinois title and quoted offense text cover this catalog offense, or should the row be renamed or reclassified?","correct-or-reclassify","","","","","","","","semantic_conflict","low","The official title ""Violation, modification or revocation of probation, of"" does not establish equivalence to the catalog label.","5-6-4","","effective 2023-01-01 | (Source: P.A. 101-406, eff. 1-1-20; 101-652, eff. 1-1-23.)","additional, separate felony charge.","conditional discharge or supervision or of a sentence of county impact","currentness: (Source: P.A. 101-406, eff. 1-1-20; 101-652, eff. 1-1-23.) | grading: additional, separate felony charge. | penalty: conditional discharge or supervision or of a sentence of county impact | offense: 730 ILCS 5/5-6-4
(730 ILCS 5/5-6-4) (from Ch. 38, par. 1005-6-4)
Sec. 5-6-4. Violation, modification or revocation of probation, of
conditional discharge or supervision or of a sentence of county impact
incarceration - hearing.
(a) Except in cases where
conditional discharge or supervision was imposed for a petty offense as
defined in Section 5-1-17, when a petition is filed charging a violation of
a condition, the court may:
(1) in the case of probation violations, order the
issuance of a notice to the offender to be present by the County Probation Department or such other agency designated by the court to handle probation matters; and in the case of conditional discharge or supervision violations, such notice to the offender shall be issued by the Circuit Court Clerk; and in the case of a violation of a sentence of county impact incarceration, such notice shall be issued by the Sheriff;
(2) order a summons to the offender to be present for
hearing; or
(3) order a warrant for the offender's arrest where
there is danger of his fleeing the jurisdiction or causing serious harm to others or when the offender fails to answer a summons or notice from the clerk of the court or Sheriff.
Personal service of the petition for violation of probation or
the issuance of such warrant, summons or notice shall toll the period of
probation, conditional discharge, supervision, or sentence of
county impact incarceration until
the final determination of the charge, and the term of probation,
conditional discharge, supervision, or sentence of county impact
incarceration shall not run until the hearing and
disposition of the petition for violation.
(b) The court shall conduct a hearing of the alleged violation. The
court shall admit the offender to pretrial release pending the hearing unless the
alleged violation is itself a criminal offense in which case the
offender shall be admitted to pretrial release on such terms as are provided in the
Code of Criminal Procedure of 1963, as amended. In any case where an
offender remains incarcerated only as a result of his alleged violation of
the court's earlier order of probation, supervision, conditional
discharge, or county impact incarceration such hearing shall be held within
14 days of the onset of
said incarceration, unless the alleged violation is the commission of
another offense by the offender during the period of probation, supervision
or conditional discharge in which case such hearing shall be held within
the time limits described in Section 103-5 of the Code of Criminal
Procedure of 1963, as amended.
(c) The State has the burden of going forward with the evidence and
proving the violation by the preponderance of the evidence. The evidence
shall be presented in open court with the right of confrontation,
cross-examination, and representation by counsel.
(d) Probation, conditional discharge, periodic imprisonment and
supervision shall not be revoked for failure to comply with conditions
of a sentence or supervision, which imposes financial obligations upon the
offender unless such failure is due to his willful refusal to pay.
(e) If the court finds that the offender has violated a condition at
any time prior to the expiration or termination of the period, it may
continue him on the existing sentence, with or without modifying or
enlarging the conditions, or may impose any other sentence that was
available under Article 4.5 of Chapter V of this Code or Section 11-501 of the Illinois Vehicle Code at the time of initial sentencing.
If the court finds that the person has failed to successfully complete his or
her sentence to a county impact incarceration program, the court may impose any
other sentence that was available under Article 4.5 of Chapter V of this Code or Section 11-501 of the Illinois Vehicle Code at the time of initial
sentencing,
except for a sentence of probation or conditional discharge. If the court finds that the offender has violated paragraph (8.6) of subsection (a) of Section 5-6-3, the court shall revoke the probation of the offender. If the court finds that the offender has violated subsection (o) of Section 5-6-3.1, the court shall revoke the supervision of the offender.
(f) The conditions of probation, of conditional discharge, of
supervision, or of a sentence of county impact incarceration may be
modified by the court on motion of the supervising agency or on its own motion or at the request of the offender after
notice and a hearing.
(g) A judgment revoking supervision, probation, conditional
discharge, or a sentence of county impact incarceration is a final
appealable order.
(h) Resentencing after revocation of probation, conditional
discharge, supervision, or a sentence of county impact
incarceration shall be under Article 4. The term on
probation, conditional discharge or supervision shall not be credited by
the court against a sentence of imprisonment or periodic imprisonment
unless the court orders otherwise. The amount of credit to be applied against a sentence of imprisonment or periodic imprisonment when the defendant served a term or partial term of periodic imprisonment shall be calculated upon the basis of the actual days spent in confinement rather than the duration of the term.
(i) Instead of filing a violation of probation, conditional discharge,
supervision, or a sentence of county impact incarceration, an agent or
employee of the
supervising agency with the concurrence of his or
her
supervisor may serve on the defendant a Notice of Intermediate Sanctions.
The
Notice shall contain the technical violation or violations involved, the date
or dates of the violation or violations, and the intermediate sanctions to be
imposed. Upon receipt of the Notice, the defendant shall immediately accept or
reject the intermediate sanctions. If the sanctions are accepted, they shall
be imposed immediately. If the intermediate sanctions are rejected or the
defendant does not respond to the Notice, a violation of probation, conditional
discharge, supervision, or a sentence of county impact incarceration
shall be immediately filed with the court. The
State's Attorney and the sentencing court shall be notified of the Notice of
Sanctions. Upon successful completion of the intermediate sanctions, a court
may not revoke probation, conditional discharge, supervision, or a
sentence of county impact incarceration or impose
additional sanctions for the same violation.
A notice of intermediate sanctions may not be issued for any violation of
probation, conditional discharge, supervision, or a sentence of county
impact incarceration which could warrant an
additional, separate felony charge.
The intermediate sanctions shall include a term of home detention as provided
in Article 8A of Chapter V of this Code for multiple or repeat violations of
the terms and conditions of a sentence of probation, conditional discharge, or
supervision.
(j) When an offender is re-sentenced after revocation of probation that was imposed in combination with a sentence of imprisonment for the same offense, the aggregate of the sentences may not exceed the maximum term authorized under Article 4.5 of Chapter V.
(k)(1) On and after the effective date of this amendatory Act of the 101st General Assembly, this subsection (k) shall apply to arrest warrants in Cook County only. An arrest
warrant issued under paragraph (3) of subsection (a) when the underlying conviction is for the offense of theft, retail theft, or possession of a controlled substance shall
remain active for a period not to exceed 10 years from the date the warrant was issued unless a motion to extend the warrant is filed by the office of the State's Attorney or by, or on behalf of, the agency supervising the wanted person. A motion to
extend the warrant shall be filed within one year before the warrant expiration date
and notice shall be provided to the
office of the sheriff.
(2) If a motion to extend a warrant issued under paragraph (3)
of subsection (a) is not filed,
the warrant shall be quashed and recalled as a
matter of law under paragraph (1) of this subsection (k) and
the wanted person's period of probation, conditional
discharge, or supervision shall terminate unsatisfactorily as
a matter of law.
(Source: P.A. 101-406, eff. 1-1-20; 101-652, eff. 1-1-23.)","a85672c8ee379fe4068e0e951c3e7e27a1eac7e84eeb761e67dba8c9b9a7fae8","The official Illinois title ""Violation, modification or revocation of probation, of"" is not an exact or explicitly reviewed mapping for the catalog label."
"il-resisting-arrest","Resisting Arrest / Obstruction","720-5/31-1","720 ILCS 5/31-1","https://www.ilga.gov/legislation/ilcs/documents/072000050K31-1.htm","Resisting or obstructing a peace officer, firefighter, or correctional","official-title-mismatch","","false","Does the official Illinois title and quoted offense text cover this catalog offense, or should the row be renamed or reclassified?","correct-or-reclassify","","","","","","","","semantic_conflict","low","The official title ""Resisting or obstructing a peace officer, firefighter, or correctional"" does not establish equivalence to the catalog label.","31-1","","effective 2023-01-01 | (Source: P.A. 101-652, eff. 1-1-23; 102-28, eff. 6-25-21.)","person to be a peace officer, firefighter, or correctional institution employee of any authorized act within his or her official capacity commits a Class A misdemeanor.","(a-5) In addition to any other sentence that may be imposed, a court","currentness: (Source: P.A. 101-652, eff. 1-1-23; 102-28, eff. 6-25-21.) | grading: person to be a peace officer, firefighter, or correctional institution employee of any authorized act within his or her official capacity commits a Class A misdemeanor. | penalty: (a-5) In addition to any other sentence that may be imposed, a court | offense: 720 ILCS 5/31-1
(720 ILCS 5/31-1) (from Ch. 38, par. 31-1)
Sec. 31-1. Resisting or obstructing a peace officer, firefighter, or correctional
institution employee.
(a) A person who knowingly:
(1) resists arrest, or
(2) obstructs the performance by one known to the
person to be a peace officer, firefighter, or correctional institution employee of any authorized act within his or her official capacity commits a Class A misdemeanor.
(a-5) In addition to any other sentence that may be imposed, a court
shall
order any person convicted of resisting or obstructing a peace officer, firefighter, or correctional
institution employee to be
sentenced to a minimum of 48 consecutive hours of imprisonment or
ordered to perform community service for not less than 100 hours as
may be determined by the court. The person shall not be eligible for probation
in order to reduce the sentence of imprisonment or community service.
(a-7) A person convicted for a violation of this Section whose violation was
the proximate cause of an injury to a peace officer, firefighter, or correctional
institution employee is guilty of a Class 4
felony.
(b) For purposes of this Section, ""correctional institution employee""
means
any person employed to supervise and control inmates incarcerated in a
penitentiary, State farm, reformatory, prison, jail, house of correction,
police detention area, half-way house, or other institution or place for the
incarceration or custody of persons under sentence for offenses or awaiting
trial or sentence for offenses, under arrest for an offense, a violation of
probation, a violation of parole, a violation of aftercare release, a violation of mandatory supervised
release, or awaiting a hearing or preliminary hearing on setting the conditions of pretrial release, or who
are
sexually dangerous persons or who are sexually violent persons; and ""firefighter"" means any individual, either as an employee or volunteer, of a regularly
constituted fire department of a municipality or fire protection district who
performs fire fighting duties, including, but not limited to, the fire chief, assistant fire
chief, captain, engineer, driver, ladder person, hose person, pipe person, and any
other member of a regularly constituted fire department. ""Firefighter"" also means a person employed by the Office of the State Fire Marshal to conduct arson investigations.
(c) It is an affirmative defense to a violation of this Section if a person resists or obstructs the performance of one known by the person to be a firefighter by returning to or remaining in a dwelling, residence, building, or other structure to rescue or to attempt to rescue any person.
(d) A person shall not be subject to arrest for resisting arrest under this Section unless there is an underlying offense for which the person was initially subject to arrest.
(Source: P.A. 101-652, eff. 1-1-23; 102-28, eff. 6-25-21.)","009038d7676844d61f2b2c5572ac598039f1c77aeb8f908b981793a8bee30b06","The official Illinois title ""Resisting or obstructing a peace officer, firefighter, or correctional"" is not an exact or explicitly reviewed mapping for the catalog label."
"il-protective-order-violation","Violation of Protective Order","720-5/12-3.4","720 ILCS 5/12-3.4","https://www.ilga.gov/legislation/ilcs/documents/072000050K12-3.4.htm","Violation of an order of protection","shared-citation-cluster","il-violation-of-order-of-protection","true","Are these distinct Illinois offenses/subsections, or should one row be the canonical catalog entry?","deduplicate-or-split","","","","","","","","shared_citation","low","Multiple catalog rows point to the same official provision; the candidate is shared, not silently deduplicated.","12-3.4","","effective 2019-07-01 | (Source: P.A. 100-987, eff. 7-1-19.)","(d) Violation of an order of protection is a Class A misdemeanor.","of 1963. The court shall impose a minimum penalty of 24 hours imprisonment for","title: Sec. 12-3.4. Violation of an order of protection. | currentness: (Source: P.A. 100-987, eff. 7-1-19.) | grading: (d) Violation of an order of protection is a Class A misdemeanor. | penalty: of 1963. The court shall impose a minimum penalty of 24 hours imprisonment for | offense: 720 ILCS 5/12-3.4
(720 ILCS 5/12-3.4) (was 720 ILCS 5/12-30)
Sec. 12-3.4. Violation of an order of protection.
(a) A person commits violation of an order of protection if:
(1) He or she knowingly commits an act which was
prohibited by a court or fails to commit an act which was ordered by a court in violation of:
(i) a remedy in a valid order of protection
authorized under paragraphs (1), (2), (3), (14), or (14.5) of subsection (b) of Section 214 of the Illinois Domestic Violence Act of 1986,
(ii) a remedy, which is substantially similar to
the remedies authorized under paragraphs (1), (2), (3), (14) or (14.5) of subsection (b) of Section 214 of the Illinois Domestic Violence Act of 1986, in a valid order of protection, which is authorized under the laws of another state, tribe or United States territory,
(iii) any other remedy when the act constitutes a
crime against the protected parties as the term protected parties is defined in Section 112A-4 of the Code of Criminal Procedure of 1963; and
(2) Such violation occurs after the offender has been
served notice of the contents of the order, pursuant to the Illinois Domestic Violence Act of 1986 or any substantially similar statute of another state, tribe or United States territory, or otherwise has acquired actual knowledge of the contents of the order.
An order of protection issued by a state, tribal or territorial
court
related to domestic or family violence shall be deemed valid if the issuing
court had jurisdiction over the parties and matter under the law of the state,
tribe or territory. There shall be a presumption of validity where an order is
certified and appears authentic on its face. For purposes of this Section, an ""order of protection"" may have been
issued in a criminal or civil proceeding.
(a-5) Failure to provide reasonable notice and opportunity to be heard
shall
be an affirmative defense to any charge or process filed seeking enforcement of
a foreign order of protection.
(b) Nothing in this Section shall be construed to diminish the inherent
authority of the courts to enforce their lawful orders through civil or
criminal contempt proceedings.
(c) The limitations placed on law enforcement liability by Section 305 of
the Illinois Domestic Violence Act of 1986 apply to actions taken under this
Section.
(d) Violation of an order of protection is a Class A misdemeanor.
Violation of an order of protection is a
Class 4 felony if the defendant has any prior conviction under this Code for
domestic battery (Section 12-3.2)
or violation of an order of protection (Section 12-3.4 or
12-30) or any prior conviction under the law of another jurisdiction for an offense that could be charged in this State as a domestic battery or violation of an order of protection. Violation of an order of protection is a Class 4 felony if the
defendant has any prior conviction under this Code for
first degree murder (Section 9-1), attempt to commit first degree murder
(Section 8-4), aggravated domestic battery (Section 12-3.3),
aggravated battery
(Section 12-3.05 or 12-4),
heinous battery (Section 12-4.1), aggravated battery with a firearm (Section
12-4.2), aggravated battery with a machine gun or a firearm equipped with a silencer (Section 12-4.2-5), aggravated battery of a child (Section 12-4.3), aggravated battery of
an unborn child (subsection (a-5) of Section 12-3.1, or Section 12-4.4), aggravated battery of a senior citizen
(Section 12-4.6),
stalking (Section 12-7.3), aggravated stalking (Section
12-7.4),
criminal sexual assault (Section 11-1.20 or 12-13), aggravated criminal sexual assault
(Section 11-1.30 or 12-14), kidnapping (Section 10-1), aggravated kidnapping (Section 10-2),
predatory criminal sexual assault of a child (Section 11-1.40 or 12-14.1),
aggravated criminal sexual abuse (Section 11-1.60 or 12-16),
unlawful restraint (Section 10-3), aggravated unlawful restraint
(Section
10-3.1),
aggravated arson (Section 20-1.1), aggravated discharge of a firearm
(Section 24-1.2), or a violation of any former law of this State that is substantially similar to any listed offense,
or any prior conviction under the law of another jurisdiction for an offense that could be charged in this State as one of the offenses listed in this Section, when any of these offenses have been committed against a family or
household member as defined in Section 112A-3 of the Code of Criminal Procedure
of 1963. The court shall impose a minimum penalty of 24 hours imprisonment for
defendant's second or subsequent violation of any order of protection; unless
the court explicitly finds that an increased penalty or such period of
imprisonment would be manifestly unjust. In addition to any other penalties,
the court may order the defendant to pay a fine as authorized under Section
5-9-1 of the Unified Code of Corrections or to make restitution to the victim
under Section 5-5-6 of the Unified Code of Corrections.
(e) (Blank).
(f) A defendant who directed the actions of a third party to violate this Section, under the principles of accountability set forth in Article 5 of this Code, is guilty of violating this Section as if the same had been personally done by the defendant, without regard to the mental state of the third party acting at the direction of the defendant.
(Source: P.A. 100-987, eff. 7-1-19.)","7b7fb1fd04df4bb80763089e7e06a050826ec9a20f327abd1e76a3d5fb70108c","The official Illinois title ""Violation of an order of protection"" is not an exact or explicitly reviewed mapping for the catalog label."
"il-open-container","Open Container Violation","625-5/11-502","625 ILCS 5/11-502","https://www.ilga.gov/legislation/ilcs/documents/062500050K11-502.htm","Transportation or possession of alcoholic liquor in","official-title-mismatch","","false","Does the official Illinois title and quoted offense text cover this catalog offense, or should the row be renamed or reclassified?","correct-or-reclassify","","","","","","","","semantic_conflict","low","The official title ""Transportation or possession of alcoholic liquor in"" does not establish equivalence to the catalog label.","11-502","","effective 2019-08-23 | (Source: P.A. 101-517, eff. 8-23-19.)","","","title: Sec. 11-502. Transportation or possession of alcoholic liquor in | currentness: (Source: P.A. 101-517, eff. 8-23-19.) | offense: 625 ILCS 5/11-502
(625 ILCS 5/11-502) (from Ch. 95 1/2, par. 11-502)
Sec. 11-502. Transportation or possession of alcoholic liquor in
a motor vehicle.
(a) Except as provided in paragraph (c) and in Sections 6-6.5 and 6-33 of the Liquor Control Act of 1934, no driver may
transport, carry, possess or have any alcoholic
liquor within the passenger area of any motor vehicle upon a highway in
this State except in the original container and with the seal unbroken.
(b) Except as provided in paragraph (c) and in Sections 6-6.5 and 6-33 of the Liquor Control Act of 1934, no passenger may carry, possess
or have any alcoholic liquor within any passenger area of any motor vehicle
upon a highway in this State except in the original container and with the
seal unbroken.
(c) This Section shall not apply to the passengers in a limousine when
it is being used for purposes for which a limousine is ordinarily used,
the passengers on a chartered bus when it is being used for purposes for
which chartered buses are ordinarily used or on a motor home or mini motor
home as defined in Section 1-145.01 of this Code. However, the driver of
any such vehicle is prohibited from consuming or having any alcoholic
liquor in or about the driver's area. Any evidence of alcoholic consumption
by the driver shall be prima facie evidence of such driver's failure to
obey this Section. For the purposes of this Section, a limousine is a motor
vehicle of the first division with the passenger compartment enclosed by a
partition or dividing window used in the for-hire transportation of
passengers and operated by an individual in possession of a valid Illinois
driver's license of the appropriate classification pursuant to Section 6-104
of this Code.
(d) (Blank).
(e) Any driver who is convicted of violating subsection (a) of this
Section for a second or subsequent time within one year of a similar
conviction shall be subject to suspension of driving privileges as
provided, in paragraph 23 of subsection (a) of Section 6-206 of this Code.
(f) Any driver, who is less than 21 years of age at the date of the
offense and who is convicted of violating subsection (a) of this Section or a
similar provision of a local ordinance, shall be subject to the loss of driving
privileges as provided in paragraph 13 of subsection (a) of Section 6-205 of
this Code and paragraph 33 of subsection (a) of Section 6-206 of this Code.
(Source: P.A. 101-517, eff. 8-23-19.)","bc16c675360be8f5397abb7a290938465998d7527aee63a177014950ec6a7d69","The official Illinois title ""Transportation or possession of alcoholic liquor in"" is not an exact or explicitly reviewed mapping for the catalog label."
"il-bad-checks","Writing Bad Checks / Worthless Checks","720-5/17-1","720 Ill. Comp. Stat. 5/17-1(B)","https://www.ilga.gov/legislation/ilcs/documents/072000050K17-1.htm","Deceptive practices","official-title-mismatch","","false","Does the official Illinois title and quoted offense text cover this catalog offense, or should the row be renamed or reclassified?","correct-or-reclassify","","","","","","","","semantic_conflict","low","The official title ""Deceptive practices"" does not establish equivalence to the catalog label.","17-1","(B)","effective 2011-07-01 | (Source: P.A. 96-1432, eff. 1-1-11; 96-1551, eff. 7-1-11.)","violation of this Section, except as otherwise provided by this subsection (D), is a Class A misdemeanor.","(D) Sentence.","title: Sec. 17-1. Deceptive practices. | currentness: (Source: P.A. 96-1432, eff. 1-1-11; 96-1551, eff. 7-1-11.) | grading: violation of this Section, except as otherwise provided by this subsection (D), is a Class A misdemeanor. | penalty: (D) Sentence. | subdivision: (B) Bad checks. | offense: 720 ILCS 5/17-1
(720 ILCS 5/17-1) (from Ch. 38, par. 17-1)
Sec. 17-1. Deceptive practices.
(A) General deception.
A person commits a deceptive practice when,
with intent to defraud, the person does any of the following:
(1) He or she knowingly causes another, by deception
or threat, to execute a document disposing of property or a document by which a pecuniary obligation is incurred.
(2) Being an officer, manager or other person
participating in the direction of a financial institution, he or she knowingly receives or permits the receipt of a deposit or other investment, knowing that the institution is insolvent.
(3) He or she knowingly makes a false or deceptive
statement addressed to the public for the purpose of promoting the sale of property or services.
(B) Bad checks.
A person commits a deceptive practice when:
(1) With intent to obtain control over property or to
pay for property, labor or services of another, or in satisfaction of an obligation for payment of tax under the Retailers' Occupation Tax Act or any other tax due to the State of Illinois, he or she issues or delivers a check or other order upon a real or fictitious depository for the payment of money, knowing that it will not be paid by the depository. The trier of fact may infer that the defendant knows that the check or other order will not be paid by the depository and that the defendant has acted with intent to defraud when the defendant fails to have sufficient funds or credit with the depository when the check or other order is issued or delivered, or when such check or other order is presented for payment and dishonored on each of 2 occasions at least 7 days apart. In this paragraph (B)(1), ""property"" includes rental property (real or personal).
(2) He or she issues or delivers a check or other
order upon a real or fictitious depository in an amount exceeding $150 in payment of an amount owed on any credit transaction for property, labor or services, or in payment of the entire amount owed on any credit transaction for property, labor or services, knowing that it will not be paid by the depository, and thereafter fails to provide funds or credit with the depository in the face amount of the check or order within 7 days of receiving actual notice from the depository or payee of the dishonor of the check or order.
(C) Bank-related fraud.
(1) False statement.
A person commits false statement bank fraud if he or she, with intent to defraud, makes or causes to be
made any false statement in writing in order to obtain an account with
a bank or other financial institution, or to obtain credit from a bank or
other financial institution, or to obtain services from a currency exchange, knowing such writing to be false, and with
the intent that it be relied upon.
For purposes of this subsection (C), a false statement means any false
statement representing identity, address, or employment, or the identity,
address, or employment of any person, firm, or corporation.
(2) Possession of stolen or fraudulently obtained checks.
A person commits possession of stolen or fraudulently obtained checks when he or she possesses, with the intent to obtain access to
funds of another person held in a real or fictitious deposit account at a
financial institution, makes a false statement or a misrepresentation to the
financial institution, or possesses, transfers, negotiates, or presents for
payment a check, draft, or other item purported to direct the financial
institution to withdraw or pay funds out of the account holder's deposit
account with knowledge that such possession, transfer, negotiation, or
presentment is not authorized by the account holder or the issuing financial
institution. A person shall be deemed to have been
authorized to possess, transfer, negotiate, or present for payment such item
if the person was otherwise entitled by law to withdraw or recover funds
from the account in question and followed the requisite procedures under
the law. If the account holder, upon discovery of the
withdrawal or payment, claims that the withdrawal or payment was not
authorized, the financial institution may require the account holder to
submit an affidavit to that effect on a form satisfactory to the financial
institution before the financial institution may be required to credit the
account in an amount equal to the amount or amounts that were withdrawn
or paid without authorization.
(3) Possession of implements of check fraud.
A person commits possession of implements of check fraud when he or she possesses, with the intent to defraud and without the
authority of the account holder or financial institution, any check
imprinter, signature imprinter, or ""certified"" stamp.
(D) Sentence.
(1) The commission of a deceptive practice in
violation of this Section, except as otherwise provided by this subsection (D), is a Class A misdemeanor.
(2) For purposes of paragraphs (A)(1) and (B)(1):
(a) The commission of a deceptive practice in
violation of paragraph (A)(1) or (B)(1), when the value of the property so obtained, in a single transaction or in separate transactions within a 90-day period, exceeds $150, is a Class 4 felony. In the case of a prosecution for separate transactions totaling more than $150 within a 90-day period, those separate transactions shall be alleged in a single charge and prosecuted in a single prosecution.
(b) The commission of a deceptive practice in
violation of paragraph (B)(1) a second or subsequent time is a Class 4 felony.
(3) For purposes of paragraph (C)(2), a person who,
within any 12-month period, violates paragraph (C)(2) with respect to 3 or more checks or orders for the payment of money at the same time or consecutively, each the property of a different account holder or financial institution, is guilty of a Class 4 felony.
(4) For purposes of paragraph (C)(3), a person who
within any 12-month period violates paragraph (C)(3) as to possession of 3 or more such devices at the same time or consecutively is guilty of a Class 4 felony.
(E) Civil liability. A person who issues a check or order to a payee in violation of paragraph (B)(1) and who fails to pay the amount of the check or order to the payee within 30 days following either delivery and acceptance by the addressee of a written demand both by certified mail and by first class mail to the person's last known address or attempted delivery of a written demand sent both by certified mail and by first class mail to the person's last known address and the demand by certified mail is returned to the sender with a notation that delivery was refused or unclaimed shall be liable to the payee or a person subrogated to the rights of the payee for, in addition to the amount owing upon such check or order, damages of treble the amount so owing, but in no case less than $100 nor more than $1,500, plus attorney's fees and court costs. An action under this subsection (E) may be brought in small claims court or in any other appropriate court. As part of the written demand required by this subsection (E), the plaintiff shall provide written notice to the defendant of the fact that prior to the hearing of any action under this subsection (E), the defendant may tender to the plaintiff and the plaintiff shall accept, as satisfaction of the claim, an amount of money equal to the sum of the amount of the check and the incurred court costs, including the cost of service of process, and attorney's fees.
(Source: P.A. 96-1432, eff. 1-1-11; 96-1551, eff. 7-1-11.)","b284c3e493b4e3b9a2a5065abf8f0cf8dc7705573e56b263852604d994628755","The official Illinois title ""Deceptive practices"" is not an exact or explicitly reviewed mapping for the catalog label."
"il-driving-without-insurance","Driving Without Insurance","625-5/3-707","625 ILCS 5/3-707","https://www.ilga.gov/legislation/ilcs/documents/062500050K3-707.htm","Operation of uninsured motor vehicle - penalty","official-title-mismatch","","false","Does the official Illinois title and quoted offense text cover this catalog offense, or should the row be renamed or reclassified?","correct-or-reclassify","","","","","","","","semantic_conflict","low","The official title ""Operation of uninsured motor vehicle - penalty"" does not establish equivalence to the catalog label.","3-707","","effective 2022-01-01 | (Source: P.A. 102-509, eff. 1-1-22.)","(a-6) Uninsured operation of a motor vehicle under subsection (a-5) is a Class A misdemeanor. If a person convicted of the offense of operation of a motor vehicle under subsection (a-5) has previously been convicted of 2 or more violations of subsection (a-5) of this Section or of Section 7-601 of this Code, a fine of $2,500, in addition to any sentence of incarceration, must be imposed.","Sec. 3-707. Operation of uninsured motor vehicle - penalty.","currentness: (Source: P.A. 102-509, eff. 1-1-22.) | grading: (a-6) Uninsured operation of a motor vehicle under subsection (a-5) is a Class A misdemeanor. If a person convicted of the offense of operation of a motor vehicle under subsection (a-5) has previously been convicted of 2 or more violations of subsection (a-5) of this Section or of Section 7-601 of this Code, a fine of $2,500, in addition to any sentence of incarceration, must be imposed. | penalty: Sec. 3-707. Operation of uninsured motor vehicle - penalty. | offense: 625 ILCS 5/3-707
(625 ILCS 5/3-707) (from Ch. 95 1/2, par. 3-707)
Sec. 3-707. Operation of uninsured motor vehicle - penalty.
(a) No person
shall operate a motor vehicle in this State unless the motor vehicle is covered by a
liability insurance policy in accordance with Section 7-601 of this Code.
(a-5) A person commits the offense of operation of uninsured motor vehicle causing bodily harm when the person:
(1) operates a motor vehicle in violation of Section
7-601 of this Code; and
(2) causes, as a proximate result of the person's
operation of the motor vehicle, bodily harm to another person.
(a-6) Uninsured operation of a motor vehicle under subsection (a-5) is a Class A misdemeanor. If a person convicted of the offense of operation of a motor vehicle under subsection (a-5) has previously been convicted of 2 or more violations of subsection (a-5) of this Section or of Section 7-601 of this Code, a fine of $2,500, in addition to any sentence of incarceration, must be imposed.
(b) Any person who fails to comply with a request by a law enforcement
officer for display of evidence of insurance, as required under Section
7-602 of this Code, shall be deemed to be operating an uninsured motor vehicle.
(c) Except as provided in subsections (a-6) and (c-5), any operator of a motor vehicle subject to registration under this
Code, or under a similar law of another state,
who is convicted of violating this Section is guilty of a petty
offense and shall be required to pay a fine in excess of $500, but
not more than $1,000, except a person convicted of a third or subsequent violation of this Section shall be guilty of a business offense and shall be required to pay a fine of $1,000. However, no person charged with violating this
Section shall be convicted if such person produces in court satisfactory
evidence that at the time of the arrest the motor vehicle was covered by a
liability insurance policy in accordance with Section 7-601 of this Code.
The chief judge of each circuit may designate an officer of the court to
review the documentation demonstrating that at the time of arrest the motor
vehicle was covered by a liability insurance policy in accordance with Section
7-601 of this Code.
(c-1) A person convicted of violating this Section shall also have his or her driver's license, permit, or privileges suspended for 3 months. After the expiration of the 3 months, the person's driver's license, permit, or privileges shall not be reinstated until he or she has paid a reinstatement fee of $100. If a person violates this Section while his or her driver's license, permit, or privileges are suspended under this subsection (c-1), his or her driver's license, permit, or privileges shall be suspended for an additional 6 months and until he or she pays the reinstatement fee.
(c-5) A person who (i) has not previously been convicted of or received a disposition of court supervision for violating this Section and (ii) produces at his or her court appearance satisfactory evidence that the motor vehicle is covered, as of the date of the court appearance, by a liability insurance policy in accordance with Section 7-601 of this Code shall, for a violation of this Section, other than a violation of subsection (a-5), pay a fine of $100 and receive a disposition of court supervision. The person must, on the date that the period of court supervision is scheduled to terminate, produce satisfactory evidence that the vehicle was covered by the required liability insurance policy during the entire period of court supervision.
An officer of the court designated under subsection (c) may also review liability insurance documentation under this subsection (c-5) to determine if the motor vehicle is, as of the date of the court appearance, covered by a liability insurance policy in accordance with Section 7-601 of this Code. The officer of the court shall also determine, on the date the period of court supervision is scheduled to terminate, whether the vehicle was covered by the required policy during the entire period of court supervision.
(d) A person convicted a third or subsequent time of violating this
Section or a similar provision of a local ordinance must give proof to the
Secretary of State of the person's financial responsibility as defined in
Section 7-315. The person must maintain the proof in a manner satisfactory to
the Secretary for a minimum period of 3 years after the date the proof is
first filed. The Secretary must suspend the driver's license of any person
determined by the Secretary not to have provided adequate proof of financial
responsibility as required by this subsection.
(Source: P.A. 102-509, eff. 1-1-22.)","a12c01f9f51cc030edef1f40fea57cad81357abfa1d287f32bcdaa757e12b50b","The official Illinois title ""Operation of uninsured motor vehicle - penalty"" is not an exact or explicitly reviewed mapping for the catalog label."
"il-reckless-driving-criminal","Reckless/Careless Driving (Criminal)","625-5/11-503","625 Ill. Comp. Stat. 5/11-503","https://www.ilga.gov/legislation/ilcs/documents/062500050K11-503.htm","Reckless driving; aggravated reckless driving","shared-citation-cluster","il-reckless-driving","true","Are these distinct Illinois offenses/subsections, or should one row be the canonical catalog entry?","deduplicate-or-split","","","","","","","","shared_citation","low","Multiple catalog rows point to the same official provision; the candidate is shared, not silently deduplicated.","11-503","","effective 2008-06-01 | (Source: P.A. 95-467, eff. 6-1-08.)","Class A misdemeanor, except as provided under subsections (b-1), (c), and (d) of this","","currentness: (Source: P.A. 95-467, eff. 6-1-08.) | grading: Class A misdemeanor, except as provided under subsections (b-1), (c), and (d) of this | offense: 625 ILCS 5/11-503
(625 ILCS 5/11-503) (from Ch. 95 1/2, par. 11-503)
Sec. 11-503. Reckless driving; aggravated reckless driving.
(a) A
person commits reckless driving if he or she:
(1) drives any vehicle with a willful or wanton
disregard for the safety of persons or property; or
(2) knowingly drives a vehicle and uses an incline in
a roadway, such as a railroad crossing, bridge approach, or hill, to cause the vehicle to become airborne.
(b) Every person convicted of reckless driving shall be guilty of a
Class A misdemeanor, except as provided under subsections (b-1), (c), and (d) of this
Section.
(b-1) Except as provided in subsection (d), any person convicted of violating subsection (a), if the violation causes bodily harm to a child or a school crossing guard while the school crossing guard is performing his or her official duties, is guilty of a Class 4 felony.
(c) Every person convicted of committing a violation of subsection (a)
shall
be guilty of aggravated reckless driving if the violation results in great
bodily harm or permanent disability or disfigurement to another. Except as provided in subsection (d) of this Section, aggravated
reckless driving is a Class 4 felony.
(d) Any person convicted of violating subsection (a), if the violation causes great bodily harm or permanent disability or disfigurement to a child or a school crossing guard while the school crossing guard is performing his or her official duties, is guilty of aggravated reckless driving. Aggravated reckless driving under this subsection (d) is a Class 3 felony.
(Source: P.A. 95-467, eff. 6-1-08.)","312e308f9528b85f51858e8c2dabf9d16d3762dc1bb4193670188af91e9b900a","The official Illinois title ""Reckless driving; aggravated reckless driving"" is not an exact or explicitly reviewed mapping for the catalog label."
"il-noise-violation","Noise Violation / Disturbing the Peace by Noise","720-5/26-1","720 ILCS 5/26-1(a)(1)","https://www.ilga.gov/legislation/ilcs/documents/072000050K26-1.htm","Disorderly conduct","official-title-mismatch","","false","Does the official Illinois title and quoted offense text cover this catalog offense, or should the row be renamed or reclassified?","correct-or-reclassify","","","","","","","","semantic_conflict","low","The official title ""Disorderly conduct"" does not establish equivalence to the catalog label.","26-1","(a)(1)","effective 2024-01-01 | (Source: P.A. 103-366, eff. 1-1-24.)","is a Class C misdemeanor. A violation of subsection (a)(5) or (a)(11) of this Section is a Class A misdemeanor. A violation of subsection","(b) Sentence. A violation of subsection (a)(1) of this Section","title: Sec. 26-1. Disorderly conduct. | currentness: (Source: P.A. 103-366, eff. 1-1-24.) | grading: is a Class C misdemeanor. A violation of subsection (a)(5) or (a)(11) of this Section is a Class A misdemeanor. A violation of subsection | penalty: (b) Sentence. A violation of subsection (a)(1) of this Section | subdivision: (b) Sentence. A violation of subsection (a)(1) of this Section | offense: 720 ILCS 5/26-1
(720 ILCS 5/26-1) (from Ch. 38, par. 26-1)
Sec. 26-1. Disorderly conduct.
(a) A person commits disorderly conduct when he or she knowingly:
(1) Does any act in such unreasonable manner as to
alarm or disturb another and to provoke a breach of the peace;
(2) Transmits or causes to be transmitted in any
manner to the fire department of any city, town, village or fire protection district a false alarm of fire, knowing at the time of the transmission that there is no reasonable ground for believing that the fire exists;
(3) Transmits or causes to be transmitted in any
manner to another a false alarm to the effect that a bomb or other explosive of any nature or a container holding poison gas, a deadly biological or chemical contaminant, or radioactive substance is concealed in a place where its explosion or release would endanger human life, knowing at the time of the transmission that there is no reasonable ground for believing that the bomb, explosive or a container holding poison gas, a deadly biological or chemical contaminant, or radioactive substance is concealed in the place;
(3.5) Transmits or causes to be transmitted in any
manner a threat of destruction of a school building or school property, or a threat of violence, death, or bodily harm directed against persons at a school, school function, or school event, whether or not school is in session;
(4) Transmits or causes to be transmitted in any
manner to any peace officer, public officer or public employee a report to the effect that an offense will be committed, is being committed, or has been committed, knowing at the time of the transmission that there is no reasonable ground for believing that the offense will be committed, is being committed, or has been committed;
(5) Transmits or causes to be transmitted in any
manner a false report to any public safety agency without the reasonable grounds necessary to believe that transmitting the report is necessary for the safety and welfare of the public;
(6) Calls or texts the number ""911"" or transmits or
causes to be transmitted in any manner to a public safety agency or public safety answering point for the purpose of making or transmitting a false alarm or complaint and reporting information when, at the time the call, text, or transmission is made, the person knows there is no reasonable ground for making the call, text, or transmission and further knows that the call, text, or transmission could result in the emergency response of any public safety agency;
(7) Transmits or causes to be transmitted in any
manner a false report to the Department of Children and Family Services under Section 4 of the Abused and Neglected Child Reporting Act;
(8) Transmits or causes to be transmitted in any
manner a false report to the Department of Public Health under the Nursing Home Care Act, the Specialized Mental Health Rehabilitation Act of 2013, the ID/DD Community Care Act, or the MC/DD Act;
(9) Transmits or causes to be transmitted in any
manner to the police department or fire department of any municipality or fire protection district, or any privately owned and operated ambulance service, a false request for an ambulance, emergency medical technician-ambulance or emergency medical technician-paramedic knowing at the time there is no reasonable ground for believing that the assistance is required;
(10) Transmits or causes to be transmitted in any
manner a false report under Article II of Public Act 83-1432;
(11) Enters upon the property of another and for a
lewd or unlawful purpose deliberately looks into a dwelling on the property through any window or other opening in it; or
(12) While acting as a collection agency as defined
in the Collection Agency Act or as an employee of the collection agency, and while attempting to collect an alleged debt, makes a telephone call to the alleged debtor which is designed to harass, annoy or intimidate the alleged debtor.
(b) Sentence. A violation of subsection (a)(1) of this Section
is a Class C misdemeanor. A violation of subsection (a)(5) or (a)(11) of this Section is a Class A misdemeanor. A violation of subsection
(a)(8) or (a)(10) of this Section is a Class B misdemeanor. A violation of
subsection (a)(2), (a)(3.5), (a)(4), (a)(6), (a)(7), or (a)(9) of this Section is a Class 4
felony. A
violation of subsection (a)(3) of this Section is a Class 3 felony, for which
a fine of not less than $3,000 and no more than $10,000 shall be assessed in
addition to any other penalty imposed.
A violation of subsection (a)(12) of this Section is a Business Offense and
shall be punished by a fine not to exceed $3,000. A second or subsequent
violation of subsection (a)(7) or (a)(5) of this Section is a Class
4 felony. A third or subsequent violation of subsection (a)(11) of this Section
is a Class 4 felony.
(c) In addition to any other sentence that may be imposed, a court shall
order any person convicted of disorderly conduct to perform community service
for not less than 30 and not more than 120 hours, if community service is
available in the jurisdiction and is funded and approved by the county board of
the county where the offense was committed. In addition, whenever any person
is placed on supervision for an alleged offense under this Section, the
supervision shall be conditioned upon the performance of the community service.
This subsection does not apply when the court imposes a sentence of
incarceration.
(d) In addition to any other sentence that may be imposed, the court shall
order any person convicted of disorderly conduct under paragraph (3) of subsection (a) involving a false alarm of a threat that a bomb or explosive device has been placed in a school that requires an emergency response to reimburse the unit of government that employs the emergency response officer or officers that were dispatched to the school for the cost of the response. If the court determines that the person convicted of disorderly conduct that requires an emergency response to a school is indigent, the provisions of this subsection (d) do not apply.
(e) In addition to any other sentence that may be imposed, the court shall
order any person convicted of disorderly conduct under paragraph (3.5) or (6) of subsection (a) to reimburse the public agency for the reasonable costs of the emergency response by the public agency up to $10,000. If the court determines that the person convicted of disorderly conduct under paragraph (3.5) or (6) of subsection (a) is indigent, the provisions of this subsection (e) do not apply.
(f) For the purposes of this Section, ""emergency response"" means any condition that results in, or could result in, the response of a public official in an authorized emergency vehicle, any condition that jeopardizes or could jeopardize public safety and results in, or could result in, the evacuation of any area, building, structure, vehicle, or of any other place that any person may enter, or any incident requiring a response by a police officer, a firefighter, a State Fire Marshal employee, or an ambulance.
(Source: P.A. 103-366, eff. 1-1-24.)","ce302ef350326703f78ded00b00f267ca152ddac3d94d1029813eaa0940fd090","The official Illinois title ""Disorderly conduct"" is not an exact or explicitly reviewed mapping for the catalog label."
"il-indecent-exposure","Indecent Exposure / Public Urination","720-5/11-30","720 ILCS 5/11-30","https://www.ilga.gov/legislation/ilcs/documents/072000050K11-30.htm","Public indecency","official-title-mismatch","","false","Does the official Illinois title and quoted offense text cover this catalog offense, or should the row be renamed or reclassified?","correct-or-reclassify","","","","","","","","semantic_conflict","low","The official title ""Public indecency"" does not establish equivalence to the catalog label.","11-30","","effective 2011-07-01 | (Source: P.A. 96-1098, eff. 1-1-11; 96-1551, eff. 7-1-11.)","Public indecency is a Class A misdemeanor.","(c) Sentence.","title: Sec. 11-30. Public indecency. | currentness: (Source: P.A. 96-1098, eff. 1-1-11; 96-1551, eff. 7-1-11.) | grading: Public indecency is a Class A misdemeanor. | penalty: (c) Sentence. | offense: 720 ILCS 5/11-30
(720 ILCS 5/11-30) (was 720 ILCS 5/11-9)
Sec. 11-30. Public indecency.
(a) Any person of the age of 17 years and upwards who performs any of
the following acts in a public place commits a public indecency:
(1) An act of sexual penetration or sexual conduct; or
(2) A lewd exposure of the body done with intent to
arouse or to satisfy the sexual desire of the person.
Breast-feeding of infants is not an act of public indecency.
(b) ""Public place"" for purposes of this Section means any place where
the conduct may reasonably be expected to be viewed by others.
(c) Sentence.
Public indecency is a Class A misdemeanor.
A person convicted of a third or subsequent violation for public indecency
is guilty of a Class 4 felony. Public indecency is a Class 4 felony if committed by a person 18 years of age or older who is on or within 500 feet of elementary or secondary school grounds when children are present on the grounds.
(Source: P.A. 96-1098, eff. 1-1-11; 96-1551, eff. 7-1-11.)","382887fa39cd688f5a04d139133b14e4d12897164b37d2570e1c98636f6c5bdf","The official Illinois title ""Public indecency"" is not an exact or explicitly reviewed mapping for the catalog label."
"il-animal-cruelty-misdemeanor","Animal Cruelty (Misdemeanor)","510-70/3.01","510 ILCS 70/3.01","https://www.ilga.gov/legislation/ilcs/documents/051000700K3.01.htm","Cruel treatment","official-title-mismatch","","false","Does the official Illinois title and quoted offense text cover this catalog offense, or should the row be renamed or reclassified?","correct-or-reclassify","","","","","","","","semantic_conflict","low","The official title ""Cruel treatment"" does not establish equivalence to the catalog label.","3.01","","effective 2019-01-01 | (Source: P.A. 99-311, eff. 1-1-16; 99-357, eff. 1-1-16; 99-642, eff. 7-28-16; 99-782, eff. 8-12-16; 100-740, eff. 1-1-19.)","(d) A person convicted of violating this Section is guilty of a Class A","is a Class 4 felony. In addition to any other penalty provided by law, a person who is convicted of violating subsection (a) upon a companion animal in the presence of a child, as defined in Section 12-0.1 of the Criminal Code of 2012, shall be subject to a fine of $250 and ordered to perform community service for not less than 100 hours. In addition to any other penalty provided by law, upon","title: Sec. 3.01. Cruel treatment. | currentness: (Source: P.A. 99-311, eff. 1-1-16; 99-357, eff. 1-1-16; 99-642, eff. 7-28-16; 99-782, eff. 8-12-16; 100-740, eff. 1-1-19.) | grading: (d) A person convicted of violating this Section is guilty of a Class A | penalty: is a Class 4 felony. In addition to any other penalty provided by law, a person who is convicted of violating subsection (a) upon a companion animal in the presence of a child, as defined in Section 12-0.1 of the Criminal Code of 2012, shall be subject to a fine of $250 and ordered to perform community service for not less than 100 hours. In addition to any other penalty provided by law, upon | offense: 510 ILCS 70/3.01
(510 ILCS 70/3.01) (from Ch. 8, par. 703.01)
Sec. 3.01. Cruel treatment.
(a) No person or owner may beat, cruelly treat,
torment, starve, overwork or otherwise abuse any animal.
(b) No owner may abandon any animal where it may become a public charge or
may suffer injury, hunger or exposure.
(c) No owner of a dog or cat that is a companion animal may expose the dog or cat in a manner that places the dog or cat in a life-threatening situation for a prolonged period of time in extreme heat or cold conditions that:
(1) results in injury to or death of the animal; or
(2) results in hypothermia, hyperthermia, frostbite,
or similar condition as diagnosed by a doctor of veterinary medicine.
(c-5) Nothing in this Section shall prohibit an animal from being impounded in an emergency situation under subsection (b) of Section 12 of this Act.
(c-10) Nothing in this Section shall prohibit a law enforcement officer from taking temporary custody of a dog or cat that is a companion animal that is exposed in a manner that places the dog or cat in a life-threatening situation for a prolonged period of time in extreme heat or cold conditions that may result in injury or death of the dog or cat or may result in hypothermia, hyperthermia, frostbite, or similar condition. Upon taking temporary custody of the dog or cat under this subsection (c-10), the law enforcement officer shall attempt to contact the owner of the dog or cat and shall seek emergency veterinary care for the animal as soon as available. The law enforcement officer shall leave information of the location of the dog or cat if the owner cannot be reached. The owner of the dog or cat is responsible for any costs of providing care to the dog or cat.
(d) A person convicted of violating this Section is guilty of a Class A
misdemeanor. A second or subsequent conviction for a violation of this Section
is a Class 4 felony. In addition to any other penalty provided by law, a person who is convicted of violating subsection (a) upon a companion animal in the presence of a child, as defined in Section 12-0.1 of the Criminal Code of 2012, shall be subject to a fine of $250 and ordered to perform community service for not less than 100 hours. In addition to any other penalty provided by law, upon
conviction for violating this Section, the court may order the convicted person
to undergo a psychological or psychiatric evaluation and to undergo any
treatment at the convicted person's expense that the court determines to be
appropriate after due consideration of the evidence. If the convicted person
is a juvenile or a companion animal hoarder, the court must order the convicted
person to undergo a psychological or psychiatric evaluation and to undergo
treatment that the court determines to be appropriate after due consideration
of the evaluation.
(Source: P.A. 99-311, eff. 1-1-16; 99-357, eff. 1-1-16; 99-642, eff. 7-28-16; 99-782, eff. 8-12-16; 100-740, eff. 1-1-19.)","7c0707a83fc3ac2e1e30f0ad7700ed1e0d1f23426095401a749399f63e8c8ca5","The official Illinois title ""Cruel treatment"" is not an exact or explicitly reviewed mapping for the catalog label."
"il-panhandling","Panhandling / Aggressive Solicitation","720-5/26-1","720 ILCS 5/26-1(a)(6)","https://www.ilga.gov/legislation/ilcs/documents/072000050K26-1.htm","Disorderly conduct","official-title-mismatch","","false","Does the official Illinois title and quoted offense text cover this catalog offense, or should the row be renamed or reclassified?","correct-or-reclassify","","","","","","","","semantic_conflict","low","The official title ""Disorderly conduct"" does not establish equivalence to the catalog label.","26-1","(a)(6)","effective 2024-01-01 | (Source: P.A. 103-366, eff. 1-1-24.)","is a Class C misdemeanor. A violation of subsection (a)(5) or (a)(11) of this Section is a Class A misdemeanor. A violation of subsection","(b) Sentence. A violation of subsection (a)(1) of this Section","title: Sec. 26-1. Disorderly conduct. | currentness: (Source: P.A. 103-366, eff. 1-1-24.) | grading: is a Class C misdemeanor. A violation of subsection (a)(5) or (a)(11) of this Section is a Class A misdemeanor. A violation of subsection | penalty: (b) Sentence. A violation of subsection (a)(1) of this Section | subdivision: subsection (a)(2), (a)(3.5), (a)(4), (a)(6), (a)(7), or (a)(9) of this Section is a Class 4 | offense: 720 ILCS 5/26-1
(720 ILCS 5/26-1) (from Ch. 38, par. 26-1)
Sec. 26-1. Disorderly conduct.
(a) A person commits disorderly conduct when he or she knowingly:
(1) Does any act in such unreasonable manner as to
alarm or disturb another and to provoke a breach of the peace;
(2) Transmits or causes to be transmitted in any
manner to the fire department of any city, town, village or fire protection district a false alarm of fire, knowing at the time of the transmission that there is no reasonable ground for believing that the fire exists;
(3) Transmits or causes to be transmitted in any
manner to another a false alarm to the effect that a bomb or other explosive of any nature or a container holding poison gas, a deadly biological or chemical contaminant, or radioactive substance is concealed in a place where its explosion or release would endanger human life, knowing at the time of the transmission that there is no reasonable ground for believing that the bomb, explosive or a container holding poison gas, a deadly biological or chemical contaminant, or radioactive substance is concealed in the place;
(3.5) Transmits or causes to be transmitted in any
manner a threat of destruction of a school building or school property, or a threat of violence, death, or bodily harm directed against persons at a school, school function, or school event, whether or not school is in session;
(4) Transmits or causes to be transmitted in any
manner to any peace officer, public officer or public employee a report to the effect that an offense will be committed, is being committed, or has been committed, knowing at the time of the transmission that there is no reasonable ground for believing that the offense will be committed, is being committed, or has been committed;
(5) Transmits or causes to be transmitted in any
manner a false report to any public safety agency without the reasonable grounds necessary to believe that transmitting the report is necessary for the safety and welfare of the public;
(6) Calls or texts the number ""911"" or transmits or
causes to be transmitted in any manner to a public safety agency or public safety answering point for the purpose of making or transmitting a false alarm or complaint and reporting information when, at the time the call, text, or transmission is made, the person knows there is no reasonable ground for making the call, text, or transmission and further knows that the call, text, or transmission could result in the emergency response of any public safety agency;
(7) Transmits or causes to be transmitted in any
manner a false report to the Department of Children and Family Services under Section 4 of the Abused and Neglected Child Reporting Act;
(8) Transmits or causes to be transmitted in any
manner a false report to the Department of Public Health under the Nursing Home Care Act, the Specialized Mental Health Rehabilitation Act of 2013, the ID/DD Community Care Act, or the MC/DD Act;
(9) Transmits or causes to be transmitted in any
manner to the police department or fire department of any municipality or fire protection district, or any privately owned and operated ambulance service, a false request for an ambulance, emergency medical technician-ambulance or emergency medical technician-paramedic knowing at the time there is no reasonable ground for believing that the assistance is required;
(10) Transmits or causes to be transmitted in any
manner a false report under Article II of Public Act 83-1432;
(11) Enters upon the property of another and for a
lewd or unlawful purpose deliberately looks into a dwelling on the property through any window or other opening in it; or
(12) While acting as a collection agency as defined
in the Collection Agency Act or as an employee of the collection agency, and while attempting to collect an alleged debt, makes a telephone call to the alleged debtor which is designed to harass, annoy or intimidate the alleged debtor.
(b) Sentence. A violation of subsection (a)(1) of this Section
is a Class C misdemeanor. A violation of subsection (a)(5) or (a)(11) of this Section is a Class A misdemeanor. A violation of subsection
(a)(8) or (a)(10) of this Section is a Class B misdemeanor. A violation of
subsection (a)(2), (a)(3.5), (a)(4), (a)(6), (a)(7), or (a)(9) of this Section is a Class 4
felony. A
violation of subsection (a)(3) of this Section is a Class 3 felony, for which
a fine of not less than $3,000 and no more than $10,000 shall be assessed in
addition to any other penalty imposed.
A violation of subsection (a)(12) of this Section is a Business Offense and
shall be punished by a fine not to exceed $3,000. A second or subsequent
violation of subsection (a)(7) or (a)(5) of this Section is a Class
4 felony. A third or subsequent violation of subsection (a)(11) of this Section
is a Class 4 felony.
(c) In addition to any other sentence that may be imposed, a court shall
order any person convicted of disorderly conduct to perform community service
for not less than 30 and not more than 120 hours, if community service is
available in the jurisdiction and is funded and approved by the county board of
the county where the offense was committed. In addition, whenever any person
is placed on supervision for an alleged offense under this Section, the
supervision shall be conditioned upon the performance of the community service.
This subsection does not apply when the court imposes a sentence of
incarceration.
(d) In addition to any other sentence that may be imposed, the court shall
order any person convicted of disorderly conduct under paragraph (3) of subsection (a) involving a false alarm of a threat that a bomb or explosive device has been placed in a school that requires an emergency response to reimburse the unit of government that employs the emergency response officer or officers that were dispatched to the school for the cost of the response. If the court determines that the person convicted of disorderly conduct that requires an emergency response to a school is indigent, the provisions of this subsection (d) do not apply.
(e) In addition to any other sentence that may be imposed, the court shall
order any person convicted of disorderly conduct under paragraph (3.5) or (6) of subsection (a) to reimburse the public agency for the reasonable costs of the emergency response by the public agency up to $10,000. If the court determines that the person convicted of disorderly conduct under paragraph (3.5) or (6) of subsection (a) is indigent, the provisions of this subsection (e) do not apply.
(f) For the purposes of this Section, ""emergency response"" means any condition that results in, or could result in, the response of a public official in an authorized emergency vehicle, any condition that jeopardizes or could jeopardize public safety and results in, or could result in, the evacuation of any area, building, structure, vehicle, or of any other place that any person may enter, or any incident requiring a response by a police officer, a firefighter, a State Fire Marshal employee, or an ambulance.
(Source: P.A. 103-366, eff. 1-1-24.)","ce302ef350326703f78ded00b00f267ca152ddac3d94d1029813eaa0940fd090","The official Illinois title ""Disorderly conduct"" is not an exact or explicitly reviewed mapping for the catalog label."
"il-trespass-after-warning","Trespass After Warning / Return After Ban","720-5/21-3","720 Ill. Comp. Stat. 5/21-3","https://www.ilga.gov/legislation/ilcs/documents/072000050K21-3.htm","Criminal trespass to real property","shared-citation-cluster","il-criminal-trespass-to-land;il-illegal-camping","true","Are these distinct Illinois offenses/subsections, or should one row be the canonical catalog entry?","deduplicate-or-split","","","","","","","","shared_citation","low","Multiple catalog rows point to the same official provision; the candidate is shared, not silently deduplicated.","21-3","","effective 2013-06-01 | (Source: P.A. 97-184, eff. 7-22-11; 97-477, eff. 8-22-11; 97-813, eff. 7-13-12; 97-1108, eff. 1-1-13; 97-1164, eff. 6-1-13.)","(h) Sentence. A violation of subdivision (a)(1), (a)(2), (a)(3), or (a)(3.5) is a Class B misdemeanor. A violation of subdivision (a)(4) is a Class A misdemeanor.","(h) Sentence. A violation of subdivision (a)(1), (a)(2), (a)(3), or (a)(3.5) is a Class B misdemeanor. A violation of subdivision (a)(4) is a Class A misdemeanor.","title: Sec. 21-3. Criminal trespass to real property. | currentness: (Source: P.A. 97-184, eff. 7-22-11; 97-477, eff. 8-22-11; 97-813, eff. 7-13-12; 97-1108, eff. 1-1-13; 97-1164, eff. 6-1-13.) | grading: (h) Sentence. A violation of subdivision (a)(1), (a)(2), (a)(3), or (a)(3.5) is a Class B misdemeanor. A violation of subdivision (a)(4) is a Class A misdemeanor. | penalty: (h) Sentence. A violation of subdivision (a)(1), (a)(2), (a)(3), or (a)(3.5) is a Class B misdemeanor. A violation of subdivision (a)(4) is a Class A misdemeanor. | offense: 720 ILCS 5/21-3
(720 ILCS 5/21-3) (from Ch. 38, par. 21-3)
Sec. 21-3. Criminal trespass to real property.
(a) A person commits criminal trespass to real property when he or she:
(1) knowingly and without lawful authority enters or
remains within or on a building;
(2) enters upon the land of another, after receiving,
prior to the entry, notice from the owner or occupant that the entry is forbidden;
(3) remains upon the land of another, after receiving
notice from the owner or occupant to depart;
(3.5) presents false documents or falsely represents
his or her identity orally to the owner or occupant of a building or land in order to obtain permission from the owner or occupant to enter or remain in the building or on the land;
(3.7) intentionally removes a notice posted on
residential real estate as required by subsection (l) of Section 15-1505.8 of Article XV of the Code of Civil Procedure before the date and time set forth in the notice; or
(4) enters a field used or capable of being used for
growing crops, an enclosed area containing livestock, an agricultural building containing livestock, or an orchard in or on a motor vehicle (including an off-road vehicle, motorcycle, moped, or any other powered two-wheel vehicle) after receiving, prior to the entry, notice from the owner or occupant that the entry is forbidden or remains upon or in the area after receiving notice from the owner or occupant to depart.
For purposes of item (1) of this subsection, this Section shall not apply
to being in a building which is open to the public while the building is open
to the public during its normal hours of operation; nor shall this Section
apply to a person who enters a public building under the reasonable belief that
the building is still open to the public.
(b) A person has received notice from the owner or occupant within the
meaning of Subsection (a) if he or she has been notified personally, either orally
or in writing including a valid court order as defined by subsection (7)
of Section 112A-3 of the Code of Criminal Procedure of 1963 granting remedy
(2) of subsection (b) of Section 112A-14 of that Code, or if a printed or
written notice forbidding such entry has been conspicuously posted or
exhibited at the main entrance to the land or the forbidden part thereof.
(b-5) Subject to the provisions of subsection (b-10), as an alternative to the posting of real property as set forth in subsection (b), the owner or lessee of any real property may post the property by placing identifying purple marks on trees or posts around the area to be posted. Each purple mark shall be:
(1) A vertical line of at least 8 inches in length
and the bottom of the mark shall be no less than 3 feet nor more than 5 feet high. Such marks shall be placed no more than 100 feet apart and shall be readily visible to any person approaching the property; or
(2) A post capped or otherwise marked on at least its
top 2 inches. The bottom of the cap or mark shall be not less than 3 feet but not more than 5 feet 6 inches high. Posts so marked shall be placed not more than 36 feet apart and shall be readily visible to any person approaching the property. Prior to applying a cap or mark which is visible from both sides of a fence shared by different property owners or lessees, all such owners or lessees shall concur in the decision to post their own property.
Nothing in this subsection (b-5) shall be construed to authorize the owner or lessee of any real property to place any purple marks on any tree or post or to install any post or fence if doing so would violate any applicable law, rule, ordinance, order, covenant, bylaw, declaration, regulation, restriction, contract, or instrument.
(b-10) Any owner or lessee who marks his or her real property using the method described in subsection (b-5) must also provide notice as described in subsection (b) of this Section. The public of this State shall be informed of the provisions of subsection (b-5) of this Section by the Illinois Department of Agriculture and the Illinois Department of Natural Resources. These Departments shall conduct an information campaign for the general public concerning the interpretation and implementation of subsection (b-5). The information shall inform the public about the marking requirements and the applicability of subsection (b-5) including information regarding the size requirements of the markings as well as the manner in which the markings shall be displayed. The Departments shall also include information regarding the requirement that, until the date this subsection becomes inoperative, any owner or lessee who chooses to mark his or her property using paint, must also comply with one of the notice requirements listed in subsection (b). The Departments may prepare a brochure or may disseminate the information through agency websites. Non-governmental organizations including, but not limited to, the Illinois Forestry Association, Illinois Tree Farm and the Walnut Council may help to disseminate the information regarding the requirements and applicability of subsection (b-5) based on materials provided by the Departments. This subsection (b-10) is inoperative on and after January 1, 2013.
(b-15) Subsections (b-5) and (b-10) do not apply to real property located in a municipality of over 2,000,000 inhabitants.
(c) This Section does not apply to any person, whether a migrant worker
or otherwise, living on the land with permission of the owner or of his
or her agent having apparent authority to hire workers on this land and assign
them living quarters or a place of accommodations for living thereon, nor
to anyone living on the land at the request of, or by occupancy, leasing
or other agreement or arrangement with the owner or his or her agent, nor to
anyone invited by the migrant worker or other person so living on the
land to visit him or her at the place he is so living upon the land.
(d) A person shall be exempt from prosecution under this Section if
he or she beautifies unoccupied and abandoned residential and industrial properties
located within any municipality. For the purpose of this subsection,
""unoccupied and abandoned residential and industrial property"" means any
real estate (1) in which the taxes have not been paid for a period of at
least 2 years; and (2) which has been left unoccupied and abandoned for a
period of at least one year; and ""beautifies"" means to landscape, clean up
litter, or to repair dilapidated conditions on or to board up windows
and doors.
(e) No person shall be liable in any civil action for money damages
to the owner of unoccupied and abandoned residential and industrial property
which that person beautifies pursuant to subsection (d) of this Section.
(e-5) Mortgagee or agent of the mortgagee exceptions.
(1) A mortgagee or agent of the mortgagee shall be
exempt from prosecution for criminal trespass for entering, securing, or maintaining an abandoned residential property.
(2) No mortgagee or agent of the mortgagee shall be
liable to the mortgagor or other owner of an abandoned residential property in any civil action for negligence or civil trespass in connection with entering, securing, or maintaining the abandoned residential property.
(3) For the purpose of this subsection (e-5) only,
""abandoned residential property"" means mortgaged real estate that the mortgagee or agent of the mortgagee determines in good faith meets the definition of abandoned residential property set forth in Section 15-1200.5 of Article XV of the Code of Civil Procedure.
(f) This Section does not prohibit a person from entering a building or
upon the land of another for emergency purposes. For purposes of this
subsection (f), ""emergency"" means a condition or circumstance in which an
individual is or is reasonably believed by the person to be in imminent danger
of serious bodily harm or in which property is or is reasonably believed to be
in imminent danger of damage or destruction.
(g) Paragraph (3.5) of subsection (a) does not apply to a peace officer or other official of a unit of government who enters a building or land in the performance of his or her official duties.
(h) Sentence. A violation of subdivision (a)(1), (a)(2), (a)(3), or (a)(3.5) is a Class B misdemeanor. A violation of subdivision (a)(4) is a Class A misdemeanor.
(i) Civil liability. A person may be liable in any civil action for money damages to the owner of the land he or she entered upon with a motor vehicle as prohibited under paragraph (4) of subsection (a) of this Section. A person may also be liable to the owner for court costs and reasonable attorney's fees. The measure of damages shall be: (i) the actual damages, but not less than $250, if the vehicle is operated in a nature preserve or registered area as defined in Sections 3.11 and 3.14 of the Illinois Natural Areas Preservation Act; (ii) twice the actual damages if the owner has previously notified the person to cease trespassing; or (iii) in any other case, the actual damages, but not less than $50. If the person operating the vehicle is under the age of 16, the owner of the vehicle and the parent or legal guardian of the minor are jointly and severally liable. For the purposes of this subsection (i):
""Land"" includes, but is not limited to, land used for
crop land, fallow land, orchard, pasture, feed lot, timber land, prairie land, mine spoil nature preserves and registered areas. ""Land"" does not include driveways or private roadways upon which the owner allows the public to drive.
""Owner"" means the person who has the right to
possession of the land, including the owner, operator or tenant.
""Vehicle"" has the same meaning as provided under
Section 1-217 of the Illinois Vehicle Code.
(j) This Section does not apply to the following persons while serving process:
(1) a person authorized to serve process under
Section 2-202 of the Code of Civil Procedure; or
(2) a special process server appointed by the circuit
court.
(Source: P.A. 97-184, eff. 7-22-11; 97-477, eff. 8-22-11; 97-813, eff. 7-13-12; 97-1108, eff. 1-1-13; 97-1164, eff. 6-1-13.)","c1427e5aec8c1e22d9b497f2cc1605692f818b60a8048cea45a5b396f9c71d84","The official Illinois title ""Criminal trespass to real property"" is not an exact or explicitly reviewed mapping for the catalog label."
"il-littering","Littering / Illegal Dumping","415-105/4","415 ILCS 105/4","https://www.ilga.gov/legislation/ilcs/documents/041501050K4.htm","No person shall dump, deposit, drop, throw, discard, leave, cause or","official-title-mismatch","","false","Does the official Illinois title and quoted offense text cover this catalog offense, or should the row be renamed or reclassified?","correct-or-reclassify","","","","","","","","semantic_conflict","low","The official title ""No person shall dump, deposit, drop, throw, discard, leave, cause or"" does not establish equivalence to the catalog label.","4","","effective 2002-06-26 | (Source: P.A. 92-574, eff. 6-26-02.)","","","currentness: (Source: P.A. 92-574, eff. 6-26-02.) | offense: 415 ILCS 105/4
(415 ILCS 105/4) (from Ch. 38, par. 86-4)
Sec. 4.
No person shall dump, deposit, drop, throw, discard, leave, cause or
permit the dumping, depositing, dropping, throwing, discarding or leaving
of litter upon any public or private property in this State, or upon or
into any river, lake, pond, or other stream or body of water in this State,
unless:
(a) the property has been designated by the State or any of its
agencies, political subdivisions, units of local government or school
districts for the disposal of litter, and the litter is disposed of on that
property in accordance with the applicable rules and regulations of the
Pollution Control Board;
(b) the litter is placed into a receptacle or other container intended
by the owner or tenant in lawful possession of that property for the
deposit of litter;
(c) the person is the owner or tenant in lawful possession of the
property or has first obtained the consent of the owner or tenant in lawful
possession, or unless the act is done under the personal direction of the
owner or tenant and does not create a public health or safety hazard, a
public nuisance, or a fire hazard;
(d) the person is acting under the direction of proper public officials
during special cleanup days; or
(e) the person is lawfully acting in or reacting to an emergency
situation where health and safety is threatened, and removes and properly
disposes of such litter, including, but not limited to, potentially
infectious medical waste as defined in Section 3.360 of the
Environmental Protection Act, when the emergency situation no longer exists.
(Source: P.A. 92-574, eff. 6-26-02.)","ef12d58ed027c86a18cc1585d86654d42fe99c27725d836fa5bd490c2d695174","The official Illinois title ""No person shall dump, deposit, drop, throw, discard, leave, cause or"" is not an exact or explicitly reviewed mapping for the catalog label."
