sectionId,exactTitle,disposition,decisionBasis,legalQuestion,evidenceSourceHash,sourceUrl,effectiveDate,titleEvidence,operativeEvidence,guiltEvidence,gradingEvidence,structuralAlternativeOrSubdivisionReferences,sentencingCrossReferences
"2903.01","Aggravated murder","offense_candidate","An operative prohibition and section-level guilt statement appear in the official text; the stated punishment is cross-referenced to R.C. 2929.02.","","3cb91ef5b68bb598e5892cca22005f824b332612a9fb7c98cc99bccf727f6c5e","https://codes.ohio.gov/ohio-revised-code/section-2903.01","2019-03-20","Section 2903.01 | Aggravated murder.","(A) No person shall purposely, and with prior calculation and design, cause the death of another or the unlawful termination of another's pregnancy.","(G) Whoever violates this section is guilty of aggravated murder, and shall be punished as provided in section 2929.02 of the Revised Code.","(G) Whoever violates this section is guilty of aggravated murder, and shall be punished as provided in section 2929.02 of the Revised Code.","","R.C. 2929.02"
"2903.02","Murder","offense_candidate","An operative prohibition and section-level guilt statement appear in the official text; the stated punishment is cross-referenced to R.C. 2929.02.","","2f7644b0d621de04b47839e3e1422e153e12f02345234ffdf08ffb6ef5026d44","https://codes.ohio.gov/ohio-revised-code/section-2903.02","1998-06-30","Section 2903.02 | Murder.","(A) No person shall purposely cause the death of another or the unlawful termination of another's pregnancy.","(D) Whoever violates this section is guilty of murder, and shall be punished as provided in section 2929.02 of the Revised Code.","(D) Whoever violates this section is guilty of murder, and shall be punished as provided in section 2929.02 of the Revised Code.","(C) Division (B) of this section does not apply to an offense that becomes a felony of the first or second degree only if the offender previously has been convicted of that offense or another specified offense.","R.C. 2929.02"
"2903.03","Voluntary manslaughter","offense_candidate","The official text contains a conduct prohibition and expressly calls a violation voluntary manslaughter, a felony of the first degree.","","9a7b0826d368fe364e75fe9fa57fd3bb324c41e93f42731def486db7489e98cf","https://codes.ohio.gov/ohio-revised-code/section-2903.03","2013-03-22","Section 2903.03 | Voluntary manslaughter.","(A) No person, while under the influence of sudden passion or in a sudden fit of rage, either of which is brought on by serious provocation occasioned by the victim that is reasonably sufficient to incite the person into using deadly force, shall knowingly cause the death of another or the unlawful termination of another's pregnancy.","(C) Whoever violates this section is guilty of voluntary manslaughter, a felony of the first degree.","(C) Whoever violates this section is guilty of voluntary manslaughter, a felony of the first degree.","",""
"2903.04","Involuntary manslaughter","offense_candidate","The official text contains operative prohibitions and expressly grades violations of divisions (A) and (B).","","73275f6642f5cfd9ba70481ef972ca800719b8c264bb6a087d1b310b918a538e","https://codes.ohio.gov/ohio-revised-code/section-2903.04","2004-01-01","Section 2903.04 | Involuntary manslaughter.","(A) No person shall cause the death of another or the unlawful termination of another's pregnancy as a proximate result of the offender's committing or attempting to commit a felony.","(C) Whoever violates this section is guilty of involuntary manslaughter. Violation of division (A) of this section is a felony of the first degree. Violation of division (B) of this section is a felony of the third degree.","(C) Whoever violates this section is guilty of involuntary manslaughter. Violation of division (A) of this section is a felony of the first degree. Violation of division (B) of this section is a felony of the third degree.","(D) If an offender is convicted of or pleads guilty to a violation of division (A) or (B) of this section and if the felony, misdemeanor, or regulatory offense that the offender committed or attempted to commit, that proximately resulted in the death of the other person or the unlawful termination of another's pregnancy, and that is the basis of the offender's violation of division (A) or (B) of this section was a violation of division (A) or (B) of section 4511.19 of the Revised Code or of a substantially equivalent municipal ordinance or included, as an element of that felony, misdemeanor, or regulatory offense, the offender's operation or participation in the operation of a snowmobile, locomotive, watercraft, or aircraft while the offender was under the influence of alcohol, a drug of abuse, or alcohol and a drug of abuse, both of the following apply: | (1) The court shall impose a class one suspension of the offender's driver's or commercial driver's license or permit or nonresident operating privilege as specified in division (A)(1) of section 4510.02 of the Revised Code. | (2) The court shall impose a mandatory prison term for the violation of division (A) or (B) of this section from the range of prison terms authorized for the level of the offense under section 2929.14 of the Revised Code.","R.C. 2929.14"
"2903.05","Negligent homicide","offense_candidate","The official text contains an operative prohibition and expressly calls a violation negligent homicide with a degree.","","5df14364b0e49f3d4af23a6f9815779fb50695ca54d6c439af2a4c26035b6905","https://codes.ohio.gov/ohio-revised-code/section-2903.05","1996-09-06","Section 2903.05 | Negligent homicide.","(A) No person shall negligently cause the death of another or the unlawful termination of another's pregnancy by means of a deadly weapon or dangerous ordnance as defined in section 2923.11 of the Revised Code.","(B) Whoever violates this section is guilty of negligent homicide, a misdemeanor of the first degree.","(B) Whoever violates this section is guilty of negligent homicide, a misdemeanor of the first degree.","",""
"2903.06","Aggravated vehicular homicide - vehicular homicide - vehicular manslaughter","needs_legal_interpretation","Divisions (B), (C), and (D) explicitly name aggravated vehicular homicide, vehicular homicide, and vehicular manslaughter. Their conduct groups have been extracted; conditional grades and sentencing dependencies remain unresolved for publication.","Within the three expressly named groups, which conduct and grading conditions need distinct selectable variants, and which mandatory-term and license-suspension dependencies apply to each? Validate the special sentencing references before activation; no name-transcription review is needed.","1a341a6b549ac2caa86dbd3d2e2833a8d8db9d2b55d65436d2c94453a9c52ead","https://codes.ohio.gov/ohio-revised-code/section-2903.06","2025-04-09","Section 2903.06 | Aggravated vehicular homicide - vehicular homicide - vehicular manslaughter.","(A) No person, while operating or participating in the operation of a motor vehicle, motorcycle, utility vehicle, mini-truck, snowmobile, locomotive, watercraft, or aircraft, shall cause the death of another or the unlawful termination of another's pregnancy in any of the following ways:","(B)(1) Whoever violates division (A)(1) or (2) of this section is guilty of aggravated vehicular homicide and shall be punished as provided in divisions (B)(2) and (3) of this section.","(B)(1) Whoever violates division (A)(1) or (2) of this section is guilty of aggravated vehicular homicide and shall be punished as provided in divisions (B)(2) and (3) of this section.","(b) As the proximate result of committing, while operating or participating in the operation of a motor vehicle, utility vehicle, mini-truck, or motorcycle in a construction zone, a reckless operation offense, provided that this division applies only if the person whose death is caused or whose pregnancy is unlawfully terminated is in the construction zone at the time of the offender's commission of the reckless operation offense in the construction zone and does not apply as described in division (F) of this section. | (b) As the proximate result of committing, while operating or participating in the operation of a motor vehicle, utility vehicle, mini-truck, or motorcycle in a construction zone, a speeding offense, provided that this division applies only if the person whose death is caused or whose pregnancy is unlawfully terminated is in the construction zone at the time of the offender's commission of the speeding offense in the construction zone and does not apply as described in division (F) of this section. | (B)(1) Whoever violates division (A)(1) or (2) of this section is guilty of aggravated vehicular homicide and shall be punished as provided in divisions (B)(2) and (3) of this section. | (2)(a) Except as otherwise provided in division (B)(2)(b), (c), or (d) of this section, aggravated vehicular homicide committed in violation of division (A)(1) of this section is a felony of the second degree and the court shall impose a mandatory prison term on the offender as described in division (E) of this section. | (b) Except as otherwise provided in division (B)(2)(c) or (d) of this section, aggravated vehicular homicide committed in violation of division (A)(1) of this section is a felony of the first degree, and the court shall impose a mandatory prison term on the offender as described in division (E) of this section, if any of the following apply: | (iii) The offender previously has been convicted of or pleaded guilty to two prior violations of any combination of the offenses listed in division (B)(2)(c)(i) and (ii) of this section within the previous twenty years. | (iii) The offender previously has been convicted of or pleaded guilty to three or more prior violations of any combination of the offenses listed in divisions (B)(2)(d)(i) and (ii) of this section within the previous twenty years. | (e) In addition to any other sanctions imposed pursuant to division (B)(2)(a), (b), (c), or (d) of this section for aggravated vehicular homicide committed in violation of division (A)(1) of this section, the court shall impose upon the offender a class one suspension of the offender's driver's license, commercial driver's license, temporary instruction permit, probationary license, or nonresident operating privilege as specified in division (A)(1) of section 4510.02 of the Revised Code. | (3) Except as otherwise provided in this division, aggravated vehicular homicide committed in violation of division (A)(2) of this section is a felony of the third degree. Aggravated vehicular homicide committed in violation of division (A)(2) of this section is a felony of the second degree if, at the time of the offense, the offender was driving under a suspension or cancellation imposed under Chapter 4510. or any other provision of the Revised Code or was operating a motor vehicle or motorcycle, did not have a valid driver's license, commercial driver's license, temporary instruction permit, probationary license, or nonresident operating privilege, and was not eligible for renewal of the offender's driver's license or commercial driver's license without examination under section 4507.10 of the Revised Code or if the offender previously has been convicted of or pleaded guilty to a violation of this section or any traffic-related homicide, manslaughter, or assault offense. The court shall impose a mandatory prison term on the offender when required by division (E) of this section. | In addition to any other sanctions imposed pursuant to this division for a violation of division (A)(2) of this section, the court shall impose upon the offender a class two suspension of the offender's driver's license, commercial driver's license, temporary instruction permit, probationary license, or nonresident operating privilege from the range specified in division (A)(2) of section 4510.02 of the Revised Code or, if the offender previously has been convicted of or pleaded guilty to a traffic-related murder, felonious assault, or attempted murder offense, a class one suspension of the offender's driver's license, commercial driver's license, temporary instruction permit, probationary license, or nonresident operating privilege as specified in division (A)(1) of that section. | (C) Whoever violates division (A)(3) of this section is guilty of vehicular homicide. Except as otherwise provided in this division, vehicular homicide is a misdemeanor of the first degree. Vehicular homicide committed in violation of division (A)(3) of this section is a felony of the fourth degree if, at the time of the offense, the offender was driving under a suspension or cancellation imposed under Chapter 4510. or any other provision of the Revised Code or was operating a motor vehicle or motorcycle, did not have a valid driver's license, commercial driver's license, temporary instruction permit, probationary license, or nonresident operating privilege, and was not eligible for renewal of the offender's driver's license or commercial driver's license without examination under section 4507.10 of the Revised Code or if the offender previously has been convicted of or pleaded guilty to a violation of this section or any traffic-related homicide, manslaughter, or assault offense. The court shall impose a mandatory jail term or a mandatory prison term on the offender when required by division (E) of this section. | In addition to any other sanctions imposed pursuant to this division, the court shall impose upon the offender a class four suspension of the offender's driver's license, commercial driver's license, temporary instruction permit, probationary license, or nonresident operating privilege from the range specified in division (A)(4) of section 4510.02 of the Revised Code, or, if the offender previously has been convicted of or pleaded guilty to a violation of this section or any traffic-related homicide, manslaughter, or assault offense, a class three suspension of the offender's driver's license, commercial driver's license, temporary instruction permit, probationary license, or nonresident operating privilege from the range specified in division (A)(3) of that section, or, if the offender previously has been convicted of or pleaded guilty to a traffic-related murder, felonious assault, or attempted murder offense, a class two suspension of the offender's driver's license, commercial driver's license, temporary instruction permit, probationary license, or nonresident operating privilege as specified in division (A)(2) of that section. | (D) Whoever violates division (A)(4) of this section is guilty of vehicular manslaughter. Except as otherwise provided in this division, vehicular manslaughter is a misdemeanor of the second degree. Vehicular manslaughter is a misdemeanor of the first degree if, at the time of the offense, the offender was driving under a suspension or cancellation imposed under Chapter 4510. or any other provision of the Revised Code or was operating a motor vehicle or motorcycle, did not have a valid driver's license, commercial driver's license, temporary instruction permit, probationary license, or nonresident operating privilege, and was not eligible for renewal of the offender's driver's license or commercial driver's license without examination under section 4507.10 of the Revised Code or if the offender previously has been convicted of or pleaded guilty to a violation of this section or any traffic-related homicide, manslaughter, or assault offense. | In addition to any other sanctions imposed pursuant to this division, the court shall impose upon the offender a class six suspension of the offender's driver's license, commercial driver's license, temporary instruction permit, probationary license, or nonresident operating privilege from the range specified in division (A)(6) of section 4510.02 of the Revised Code or, if the offender previously has been convicted of or pleaded guilty to a violation of this section, any traffic-related homicide, manslaughter, or assault offense, or a traffic-related murder, felonious assault, or attempted murder offense, a class four suspension of the offender's driver's license, commercial driver's license, temporary instruction permit, probationary license, or nonresident operating privilege from the range specified in division (A)(4) of that section. | (E)(1) The court shall impose a mandatory prison term on an offender who is convicted of or pleads guilty to a violation of division (A)(1) of this section. Except as otherwise provided in this division, the mandatory prison term shall be a definite term from the range of prison terms provided in division (A)(1)(b) of section 2929.14 of the Revised Code for a felony of the first degree or from division (A)(2)(b) of that section for a felony of the second degree, whichever is applicable, except that if the violation is committed on or after March 22, 2019, the court shall impose as the minimum prison term for the offense a mandatory prison term that is one of the minimum terms prescribed for a felony of the first degree in division (A)(1)(a) of section 2929.14 of the Revised Code or one of the terms prescribed for a felony of the second degree in division (A)(2)(a) of that section, whichever is applicable. If division (B)(2)(c) or (d) of this section applies to an offender who is convicted of or pleads guilty to the violation of division (A)(1) of this section, the court shall impose the mandatory prison term pursuant to division (A) or (B) of section 2929.142 of the Revised Code, as applicable. The court shall impose a mandatory jail term of at least fifteen days on an offender who is convicted of or pleads guilty to a misdemeanor violation of division (A)(3)(b) of this section and may impose upon the offender a longer jail term as authorized pursuant to section 2929.24 of the Revised Code. | (2) The court shall impose a mandatory prison term on an offender who is convicted of or pleads guilty to a violation of division (A)(2) or (3)(a) of this section or a felony violation of division (A)(3)(b) of this section if either division (E)(2)(a) or (b) of this section applies. The mandatory prison term shall be a definite term from the range of prison terms provided in division (A)(3)(a) of section 2929.14 of the Revised Code for a felony of the third degree or from division (A)(4) of that section for a felony of the fourth degree, whichever is applicable. The court shall impose a mandatory prison term on an offender in a category described in this division if either of the following applies: | (F) Divisions (A)(2)(b) and (3)(b) of this section do not apply in a particular construction zone unless signs of the type described in section 2903.081 of the Revised Code are erected in that construction zone in accordance with the guidelines and design specifications established by the director of transportation under section 5501.27 of the Revised Code. The failure to erect signs of the type described in section 2903.081 of the Revised Code in a particular construction zone in accordance with those guidelines and design specifications does not limit or affect the application of division (A)(1), (A)(2)(a), (A)(3)(a), or (A)(4) of this section in that construction zone or the prosecution of any person who violates any of those divisions in that construction zone. | (b) ""Traffic-related homicide, manslaughter, or assault offense"" means a violation of section 2903.04 of the Revised Code in circumstances in which division (D) of that section applies, a violation of section 2903.06 or 2903.08 of the Revised Code, or a violation of section 2903.06, 2903.07, or 2903.08 of the Revised Code as they existed prior to March 23, 2000. | (f) ""Traffic-related murder, felonious assault, or attempted murder offense"" means a violation of section 2903.01 or 2903.02 of the Revised Code in circumstances in which the offender used a motor vehicle as the means to commit the violation, a violation of division (A)(2) of section 2903.11 of the Revised Code in circumstances in which the deadly weapon used in the commission of the violation is a motor vehicle, or an attempt to commit aggravated murder or murder in violation of section 2923.02 of the Revised Code in circumstances in which the offender used a motor vehicle as the means to attempt to commit the aggravated murder or murder. | (h) ""OVI offense"" means a violation of division (A) of section 4511.19 of the Revised Code, a violation of division (A) of section 1547.11 of the Revised Code, a violation of division (A)(3) of section 4561.15 of the Revised Code, or a substantially equivalent municipal ordinance.","R.C. 2929.142 | R.C. 2929.18 | R.C. 2929.14 | R.C. 2929.24 | R.C. 2929.01"
"2903.08","Aggravated vehicular assault; vehicular assault","needs_legal_interpretation","Division (B) expressly names aggravated vehicular assault for (A)(1); division (C) names vehicular assault for (A)(2) or (3). These groups have been extracted, but conditional grades and sentencing dependencies remain unresolved for publication.","Within the two expressly named groups, which conduct and grading conditions need distinct selectable variants, and which mandatory-term and license-suspension dependencies apply to each? Validate dependency and exception handling before activation; no name-transcription review is needed.","260d4f92320f029f51741f7eb6bfde2ed0c037cb4042fca6729f1c98c6210dab","https://codes.ohio.gov/ohio-revised-code/section-2903.08","2024-10-24","Section 2903.08 | Aggravated vehicular assault; vehicular assault.","(A) No person, while operating or participating in the operation of a motor vehicle, motorcycle, utility vehicle, mini-truck, snowmobile, locomotive, watercraft, or aircraft, shall cause serious physical harm to another person or another's unborn in any of the following ways:","(B)(1) Whoever violates division (A)(1) of this section is guilty of aggravated vehicular assault. Except as otherwise provided in this division, aggravated vehicular assault is a felony of the third degree. Aggravated vehicular assault is a felony of the second degree if any of the following apply:","(B)(1) Whoever violates division (A)(1) of this section is guilty of aggravated vehicular assault. Except as otherwise provided in this division, aggravated vehicular assault is a felony of the third degree. Aggravated vehicular assault is a felony of the second degree if any of the following apply:","(1)(a) As the proximate result of committing a violation of division (A) of section 4511.19 of the Revised Code or of a substantially equivalent municipal ordinance; | (b) As the proximate result of committing a violation of division (A) of section 1547.11 of the Revised Code or of a substantially equivalent municipal ordinance; | (c) As the proximate result of committing a violation of division (A)(3) of section 4561.15 of the Revised Code or of a substantially equivalent municipal ordinance. | (a) As the proximate result of committing, while operating or participating in the operation of a motor vehicle, utility vehicle, mini-truck, or motorcycle in a construction zone, a reckless operation offense, provided that this division applies only if the person to whom the serious physical harm is caused or to whose unborn the serious physical harm is caused is in the construction zone at the time of the offender's commission of the reckless operation offense in the construction zone and does not apply as described in division (E) of this section; | (3) As the proximate result of committing, while operating or participating in the operation of a motor vehicle, utility vehicle, mini-truck, or motorcycle in a construction zone, a speeding offense, provided that this division applies only if the person to whom the serious physical harm is caused or to whose unborn the serious physical harm is caused is in the construction zone at the time of the offender's commission of the speeding offense in the construction zone and does not apply as described in division (E) of this section. | (B)(1) Whoever violates division (A)(1) of this section is guilty of aggravated vehicular assault. Except as otherwise provided in this division, aggravated vehicular assault is a felony of the third degree. Aggravated vehicular assault is a felony of the second degree if any of the following apply: | (d) The offender previously has been convicted of or pleaded guilty to three or more prior violations of division (A) of section 4511.19 of the Revised Code or a substantially equivalent municipal ordinance within the previous ten years. | (e) The offender previously has been convicted of or pleaded guilty to three or more prior violations of division (A) of section 1547.11 of the Revised Code or of a substantially equivalent municipal ordinance within the previous ten years. | (f) The offender previously has been convicted of or pleaded guilty to three or more prior violations of division (A)(3) of section 4561.15 of the Revised Code or of a substantially equivalent municipal ordinance within the previous ten years. | (g) The offender previously has been convicted of or pleaded guilty to three or more prior violations of any combination of the offenses listed in division (B)(1)(d), (e), or (f) of this section. | (h) The offender previously has been convicted of or pleaded guilty to a second or subsequent felony violation of division (A) of section 4511.19 of the Revised Code. | (2) In addition to any other sanctions imposed pursuant to division (B)(1) of this section, except as otherwise provided in this division, the court shall impose upon the offender a class three suspension of the offender's driver's license, commercial driver's license, temporary instruction permit, probationary license, or nonresident operating privilege from the range specified in division (A)(3) of section 4510.02 of the Revised Code. If the offender previously has been convicted of or pleaded guilty to a violation of this section, any traffic-related homicide, manslaughter, or assault offense, or any traffic-related murder, felonious assault, or attempted murder offense, the court shall impose either a class two suspension of the offender's driver's license, commercial driver's license, temporary instruction permit, probationary license, or nonresident operating privilege from the range specified in division (A)(2) of that section or a class one suspension as specified in division (A)(1) of that section. | (C)(1) Whoever violates division (A)(2) or (3) of this section is guilty of vehicular assault and shall be punished as provided in divisions (C)(2) and (3) of this section. | (2) Except as otherwise provided in this division, vehicular assault committed in violation of division (A)(2) of this section is a felony of the fourth degree. Vehicular assault committed in violation of division (A)(2) of this section is a felony of the third degree if, at the time of the offense, the offender was driving under a suspension imposed under Chapter 4510. or any other provision of the Revised Code, if the offender previously has been convicted of or pleaded guilty to a violation of this section or any traffic-related homicide, manslaughter, or assault offense, or if, in the same course of conduct that resulted in the violation of division (A)(2) of this section, the offender also violated section 4549.02, 4549.021, or 4549.03 of the Revised Code. | In addition to any other sanctions imposed, the court shall impose upon the offender a class four suspension of the offender's driver's license, commercial driver's license, temporary instruction permit, probationary license, or nonresident operating privilege from the range specified in division (A)(4) of section 4510.02 of the Revised Code or, if the offender previously has been convicted of or pleaded guilty to a violation of this section, any traffic-related homicide, manslaughter, or assault offense, or any traffic-related murder, felonious assault, or attempted murder offense, a class three suspension of the offender's driver's license, commercial driver's license, temporary instruction permit, probationary license, or nonresident operating privilege from the range specified in division (A)(3) of that section. | (3) Except as otherwise provided in this division, vehicular assault committed in violation of division (A)(3) of this section is a misdemeanor of the first degree. Vehicular assault committed in violation of division (A)(3) of this section is a felony of the fourth degree if, at the time of the offense, the offender was driving under a suspension imposed under Chapter 4510. or any other provision of the Revised Code or if the offender previously has been convicted of or pleaded guilty to a violation of this section or any traffic-related homicide, manslaughter, or assault offense. | In addition to any other sanctions imposed, the court shall impose upon the offender a class four suspension of the offender's driver's license, commercial driver's license, temporary instruction permit, probationary license, or nonresident operating privilege from the range specified in division (A)(4) of section 4510.02 of the Revised Code or, if the offender previously has been convicted of or pleaded guilty to a violation of this section, any traffic-related homicide, manslaughter, or assault offense, or any traffic-related murder, felonious assault, or attempted murder offense, a class three suspension of the offender's driver's license, commercial driver's license, temporary instruction permit, probationary license, or nonresident operating privilege from the range specified in division (A)(3) of section 4510.02 of the Revised Code. | (D)(1) The court shall impose a mandatory prison term, as described in division (D)(4) of this section, on an offender who is convicted of or pleads guilty to a violation of division (A)(1) of this section. | (2) The court shall impose a mandatory prison term, as described in division (D)(4) of this section, on an offender who is convicted of or pleads guilty to a violation of division (A)(2) of this section or a felony violation of division (A)(3) of this section if either of the following applies: | (3) The court shall impose a mandatory jail term of at least seven days on an offender who is convicted of or pleads guilty to a misdemeanor violation of division (A)(3) of this section and may impose upon the offender a longer jail term as authorized pursuant to section 2929.24 of the Revised Code. | (4) A mandatory prison term required under division (D)(1) or (2) of this section shall be a definite term from the range of prison terms provided in division (A)(2)(b) of section 2929.14 of the Revised Code for a felony of the second degree, from division (A)(3)(a) of that section for a felony of the third degree, or from division (A)(4) of that section for a felony of the fourth degree, whichever is applicable, except that if the violation is a felony of the second degree committed on or after March 22, 2019, the court shall impose as the minimum prison term for the offense a mandatory prison term that is one of the minimum terms prescribed for a felony of the second degree in division (A)(2)(a) of section 2929.14 of the Revised Code. | (E) Divisions (A)(2)(a) and (3) of this section do not apply in a particular construction zone unless signs of the type described in section 2903.081 of the Revised Code are erected in that construction zone in accordance with the guidelines and design specifications established by the director of transportation under section 5501.27 of the Revised Code. The failure to erect signs of the type described in section 2903.081 of the Revised Code in a particular construction zone in accordance with those guidelines and design specifications does not limit or affect the application of division (A)(1) or (2)(b) of this section in that construction zone or the prosecution of any person who violates either of those divisions in that construction zone.","R.C. 2929.24 | R.C. 2929.14 | R.C. 2929.01"
"2903.09","Unlawful termination of another's pregnancy","supporting_provision","The section expressly begins as a definition applicable to listed sections; it contains no section-level guilt-and-grade clause.","","0dc125e0785220b45e409f3479968a69349d024634d81eb534f00044f0fcc8d9","https://codes.ohio.gov/ohio-revised-code/section-2903.09","2019-03-22","Section 2903.09 | Unlawful termination of another's pregnancy.","As used in sections 2903.01 to 2903.08, 2903.11 to 2903.14, 2903.21, and 2903.22 of the Revised Code:","","","(C) Notwithstanding divisions (A) and (B) of this section, in no case shall the definitions of the terms ""unlawful termination of another's pregnancy,"" ""another's unborn,"" and ""such other person's unborn"" that are set forth in division (A) of this section be applied or construed in any of the following manners: | (1) Except as otherwise provided in division (C)(1) of this section, in a manner so that the offense prohibits or is construed as prohibiting any pregnant woman or her physician from performing an abortion with the actual consent of the pregnant woman, with the consent of the pregnant woman implied by law in a medical emergency, or with the approval of one otherwise authorized by law to consent to medical treatment on behalf of the pregnant woman. An abortion that violates the conditions described in the immediately preceding sentence may be punished as a violation of section 2903.01, 2903.02, 2903.03, 2903.04, 2903.05, 2903.06, 2903.08, 2903.11, 2903.12, 2903.13, 2903.14, 2903.21, or 2903.22 of the Revised Code, as applicable. An abortion that does not violate the conditions described in the second immediately preceding sentence, but that does violate section 2919.12, division (B) of section 2919.13, or section 2919.15, 2919.151, 2919.17, or 2919.18 of the Revised Code, may be punished as a violation of section 2919.12, division (B) of section 2919.13, or section 2919.15, 2919.151, 2919.17, or 2919.18 of the Revised Code, as applicable.",""
"2903.10","Functionally impaired person, caretaker defined","supporting_provision","The section expressly defines terms for sections 2903.13 and 2903.16; it contains no section-level guilt-and-grade clause.","","6bc43e91a7ee073e39769251a269daa021e3984e3e81e683ef71c9e35080691d","https://codes.ohio.gov/ohio-revised-code/section-2903.10","2023-04-06","Section 2903.10 | Functionally impaired person, caretaker defined.","As used in sections 2903.13 and 2903.16 of the Revised Code:","","","",""
"2903.11","Felonious assault","offense_candidate","The official text contains an operative prohibition and an express felonious-assault guilt and degree clause.","","9c6ca00f4b327dd1ac586055e19212c1572fc312d99266fc0076829a827cf96b","https://codes.ohio.gov/ohio-revised-code/section-2903.11","2019-03-22","Section 2903.11 | Felonious assault.","(A) No person shall knowingly do either of the following:","(D)(1)(a) Whoever violates this section is guilty of felonious assault. Except as otherwise provided in this division or division (D)(1)(b) of this section, felonious assault is a felony of the second degree. If the victim of a violation of division (A) of this section is a peace officer or an investigator of the bureau of criminal identification and investigation, felonious assault is a felony of the first degree.","(D)(1)(a) Whoever violates this section is guilty of felonious assault. Except as otherwise provided in this division or division (D)(1)(b) of this section, felonious assault is a felony of the second degree. If the victim of a violation of division (A) of this section is a peace officer or an investigator of the bureau of criminal identification and investigation, felonious assault is a felony of the first degree.","(D)(1)(a) Whoever violates this section is guilty of felonious assault. Except as otherwise provided in this division or division (D)(1)(b) of this section, felonious assault is a felony of the second degree. If the victim of a violation of division (A) of this section is a peace officer or an investigator of the bureau of criminal identification and investigation, felonious assault is a felony of the first degree. | (b) Regardless of whether the felonious assault is a felony of the first or second degree under division (D)(1)(a) of this section, if the offender also is convicted of or pleads guilty to a specification as described in section 2941.1423 of the Revised Code that was included in the indictment, count in the indictment, or information charging the offense, except as otherwise provided in this division or unless a longer prison term is required under any other provision of law, the court shall sentence the offender to a mandatory prison term as provided in division (B)(8) of section 2929.14 of the Revised Code. If the victim of the offense is a peace officer or an investigator of the bureau of criminal identification and investigation, and if the victim suffered serious physical harm as a result of the commission of the offense, felonious assault is a felony of the first degree, and the court, pursuant to division (F) of section 2929.13 of the Revised Code, shall impose as a mandatory prison term one of the definite prison terms prescribed for a felony of the first degree in division (A)(1)(b) of section 2929.14 of the Revised Code, except that if the violation is committed on or after the effective date of this amendment, the court shall impose as the minimum prison term for the offense a mandatory prison term that is one of the minimum terms prescribed for a felony of the first degree in division (A)(1)(a) of section 2929.14 of the Revised Code. | (2) In addition to any other sanctions imposed pursuant to division (D)(1) of this section for felonious assault committed in violation of division (A)(1) or (2) of this section, if the offender also is convicted of or pleads guilty to a specification of the type described in section 2941.1425 of the Revised Code that was included in the indictment, count in the indictment, or information charging the offense, the court shall sentence the offender to a mandatory prison term under division (B)(9) of section 2929.14 of the Revised Code. | (3) If the victim of a felonious assault committed in violation of division (A) of this section is a child under ten years of age and if the offender also is convicted of or pleads guilty to a specification of the type described in section 2941.1426 of the Revised Code that was included in the indictment, count in the indictment, or information charging the offense, in addition to any other sanctions imposed pursuant to division (D)(1) of this section, the court shall sentence the offender to a mandatory prison term pursuant to division (B)(10) of section 2929.14 of the Revised Code. | (4) In addition to any other sanctions imposed pursuant to division (D)(1) of this section for felonious assault committed in violation of division (A)(2) of this section, if the deadly weapon used in the commission of the violation is a motor vehicle, the court shall impose upon the offender a class two suspension of the offender's driver's license, commercial driver's license, temporary instruction permit, probationary license, or nonresident operating privilege as specified in division (A)(2) of section 4510.02 of the Revised Code.","R.C. 2929.14 | R.C. 2929.13"
"2903.12","Aggravated assault","offense_candidate","The official text contains an operative prohibition and an express aggravated-assault guilt and degree clause.","","1c06d4dfeeaf9d67b2d426acd447eacd0b5ed1e44fa1943e128c3ce849603fe0","https://codes.ohio.gov/ohio-revised-code/section-2903.12","2019-03-22","Section 2903.12 | Aggravated assault.","(A) No person, while under the influence of sudden passion or in a sudden fit of rage, either of which is brought on by serious provocation occasioned by the victim that is reasonably sufficient to incite the person into using deadly force, shall knowingly:","(B) Whoever violates this section is guilty of aggravated assault. Except as otherwise provided in this division, aggravated assault is a felony of the fourth degree. If the victim of the offense is a peace officer or an investigator of the bureau of criminal identification and investigation, aggravated assault is a felony of the third degree. Regardless of whether the offense is a felony of the third or fourth degree under this division, if the offender also is convicted of or pleads guilty to a specification as described in section 2941.1423 of the Revised Code that was included in the indictment, count in the indictment, or information charging the offense, except as otherwise provided in this division, the court shall sentence the offender to a mandatory prison term as provided in division (B)(8) of section 2929.14 of the Revised Code. If the victim of the offense is a peace officer or an investigator of the bureau of criminal identification and investigation, and if the victim suffered serious physical harm as a result of the commission of the offense, aggravated assault is a felony of the third degree, and the court, pursuant to division (F) of section 2929.13 of the Revised Code, shall impose as a mandatory prison term one of the definite prison terms prescribed in division (A)(3)(b) of section 2929.14 of the Revised Code for a felony of the third degree.","(B) Whoever violates this section is guilty of aggravated assault. Except as otherwise provided in this division, aggravated assault is a felony of the fourth degree. If the victim of the offense is a peace officer or an investigator of the bureau of criminal identification and investigation, aggravated assault is a felony of the third degree. Regardless of whether the offense is a felony of the third or fourth degree under this division, if the offender also is convicted of or pleads guilty to a specification as described in section 2941.1423 of the Revised Code that was included in the indictment, count in the indictment, or information charging the offense, except as otherwise provided in this division, the court shall sentence the offender to a mandatory prison term as provided in division (B)(8) of section 2929.14 of the Revised Code. If the victim of the offense is a peace officer or an investigator of the bureau of criminal identification and investigation, and if the victim suffered serious physical harm as a result of the commission of the offense, aggravated assault is a felony of the third degree, and the court, pursuant to division (F) of section 2929.13 of the Revised Code, shall impose as a mandatory prison term one of the definite prison terms prescribed in division (A)(3)(b) of section 2929.14 of the Revised Code for a felony of the third degree.","(B) Whoever violates this section is guilty of aggravated assault. Except as otherwise provided in this division, aggravated assault is a felony of the fourth degree. If the victim of the offense is a peace officer or an investigator of the bureau of criminal identification and investigation, aggravated assault is a felony of the third degree. Regardless of whether the offense is a felony of the third or fourth degree under this division, if the offender also is convicted of or pleads guilty to a specification as described in section 2941.1423 of the Revised Code that was included in the indictment, count in the indictment, or information charging the offense, except as otherwise provided in this division, the court shall sentence the offender to a mandatory prison term as provided in division (B)(8) of section 2929.14 of the Revised Code. If the victim of the offense is a peace officer or an investigator of the bureau of criminal identification and investigation, and if the victim suffered serious physical harm as a result of the commission of the offense, aggravated assault is a felony of the third degree, and the court, pursuant to division (F) of section 2929.13 of the Revised Code, shall impose as a mandatory prison term one of the definite prison terms prescribed in division (A)(3)(b) of section 2929.14 of the Revised Code for a felony of the third degree.","R.C. 2929.14 | R.C. 2929.13"
"2903.13","Assault","offense_candidate","The official text contains operative prohibitions and an express assault guilt and grading clause.","","86af661766f63d91804a7a68dc55f484abbc092cc3885f2d0f6b11234e143a1b","https://codes.ohio.gov/ohio-revised-code/section-2903.13","2023-10-03","Section 2903.13 | Assault.","(A) No person shall knowingly cause or attempt to cause physical harm to another or to another's unborn.","(C)(1) Whoever violates this section is guilty of assault, and the court shall sentence the offender as provided in this division and divisions (C)(1), (2), (3), (4), (5), (6), (7), (8), (9), and (10) of this section. Except as otherwise provided in division (C)(2), (3), (4), (5), (6), (7), (8), or (9) of this section, assault is a misdemeanor of the first degree.","(C)(1) Whoever violates this section is guilty of assault, and the court shall sentence the offender as provided in this division and divisions (C)(1), (2), (3), (4), (5), (6), (7), (8), (9), and (10) of this section. Except as otherwise provided in division (C)(2), (3), (4), (5), (6), (7), (8), or (9) of this section, assault is a misdemeanor of the first degree.","(C)(1) Whoever violates this section is guilty of assault, and the court shall sentence the offender as provided in this division and divisions (C)(1), (2), (3), (4), (5), (6), (7), (8), (9), and (10) of this section. Except as otherwise provided in division (C)(2), (3), (4), (5), (6), (7), (8), or (9) of this section, assault is a misdemeanor of the first degree. | (2) Except as otherwise provided in this division, if the offense is committed by a caretaker against a person with a functional impairment under the caretaker's care, assault is a felony of the fourth degree. If the offense is committed by a caretaker against a person with a functional impairment under the caretaker's care, if the offender previously has been convicted of or pleaded guilty to a violation of this section or section 2903.11 or 2903.16 of the Revised Code, and if in relation to the previous conviction the offender was a caretaker and the victim was a person with a functional impairment under the offender's care, assault is a felony of the third degree. | (6) If the offense is a felony of the fourth degree under division (C)(5)(a) of this section, if the victim of the offense is a peace officer or an investigator of the bureau of criminal identification and investigation, and if the victim suffered serious physical harm as a result of the commission of the offense, the court, pursuant to division (F) of section 2929.13 of the Revised Code, shall impose as a mandatory prison term one of the prison terms prescribed for a felony of the fourth degree that is at least twelve months in duration. | (10) If an offender who is convicted of or pleads guilty to assault when it is a misdemeanor also is convicted of or pleads guilty to a specification as described in section 2941.1423 of the Revised Code that was included in the indictment, count in the indictment, or information charging the offense, the court shall sentence the offender to a mandatory jail term as provided in division (F) of section 2929.24 of the Revised Code. | If an offender who is convicted of or pleads guilty to assault when it is a felony also is convicted of or pleads guilty to a specification as described in section 2941.1423 of the Revised Code that was included in the indictment, count in the indictment, or information charging the offense, except as otherwise provided in division (C)(6) of this section, the court shall sentence the offender to a mandatory prison term as provided in division (B)(8) of section 2929.14 of the Revised Code. | (19)(a) ""Hospital"" means, subject to division (E)(19)(b) of this section, an institution classified as a hospital under section 3701.01 of the Revised Code in which are provided to patients diagnostic, medical, surgical, obstetrical, psychiatric, or rehabilitation care or a hospital operated by a health maintenance organization.","R.C. 2929.13 | R.C. 2929.28 | R.C. 2929.24 | R.C. 2929.14 | R.C. 2929.01"
"2903.14","Negligent assault","offense_candidate","The official text contains an operative prohibition and expressly calls a violation negligent assault, a misdemeanor of the third degree.","","37db823060f05b58b8604dd229c3786fd821ff531ab35d0a49830ca5d0a8525e","https://codes.ohio.gov/ohio-revised-code/section-2903.14","1996-09-06","Section 2903.14 | Negligent assault.","(A) No person shall negligently, by means of a deadly weapon or dangerous ordnance as defined in section 2923.11 of the Revised Code, cause physical harm to another or to another's unborn.","(B) Whoever violates this section is guilty of negligent assault, a misdemeanor of the third degree.","(B) Whoever violates this section is guilty of negligent assault, a misdemeanor of the third degree.","",""
"2903.15","Permitting child abuse","offense_candidate","The official text contains an operative prohibition and expressly grades permitting child abuse by harm outcome.","","b72b7210bf3e957763eb7b32ba232f1eb9933896fbe5fa48eb4a55b699543eeb","https://codes.ohio.gov/ohio-revised-code/section-2903.15","2023-04-06","Section 2903.15 | Permitting child abuse.","(A) No parent, guardian, custodian, or person having custody of a child under eighteen years of age or of a child with a mental or physical disability under twenty-one years of age shall cause serious physical harm to the child, or the death of the child, as a proximate result of permitting the child to be abused, to be tortured, to be administered corporal punishment or other physical disciplinary measure, or to be physically restrained in a cruel manner or for a prolonged period.","(C) Whoever violates this section is guilty of permitting child abuse. If the violation of this section causes serious physical harm to the child, permitting child abuse is a felony of the third degree. If the violation of this section causes the death of the child, permitting child abuse is a felony of the first degree.","(C) Whoever violates this section is guilty of permitting child abuse. If the violation of this section causes serious physical harm to the child, permitting child abuse is a felony of the third degree. If the violation of this section causes the death of the child, permitting child abuse is a felony of the first degree.","",""
"2903.16","Failing to provide for a functionally impaired person","offense_candidate","The official text contains operative prohibitions and expressly names and grades violations of divisions (A) and (B).","","ddd8c72616633332a42876f5f464189901f7a3faaf5c5bab38c860a7c6e6e024","https://codes.ohio.gov/ohio-revised-code/section-2903.16","2023-04-06","Section 2903.16 | Failing to provide for a functionally impaired person.","(A) No caretaker shall knowingly fail to provide a person with a functional impairment under the caretaker's care with any treatment, care, goods, or service that is necessary to maintain the health or safety of the person with a functional impairment when this failure results in physical harm or serious physical harm to the person with a functional impairment.","(C)(1) Whoever violates division (A) of this section is guilty of knowingly failing to provide for a person with a functional impairment, a misdemeanor of the first degree. If the person with a functional impairment under the offender's care suffers serious physical harm as a result of the violation of this section, a violation of division (A) of this section is a felony of the fourth degree.","(C)(1) Whoever violates division (A) of this section is guilty of knowingly failing to provide for a person with a functional impairment, a misdemeanor of the first degree. If the person with a functional impairment under the offender's care suffers serious physical harm as a result of the violation of this section, a violation of division (A) of this section is a felony of the fourth degree.","(C)(1) Whoever violates division (A) of this section is guilty of knowingly failing to provide for a person with a functional impairment, a misdemeanor of the first degree. If the person with a functional impairment under the offender's care suffers serious physical harm as a result of the violation of this section, a violation of division (A) of this section is a felony of the fourth degree. | (2) Whoever violates division (B) of this section is guilty of recklessly failing to provide for a person with a functional impairment, a misdemeanor of the second degree. If the person with a functional impairment under the offender's care suffers serious physical harm as a result of the violation of this section, a violation of division (B) of this section is a felony of the fourth degree.",""
"2903.18","Strangulation","offense_candidate","The official text contains operative prohibitions and an express strangulation guilt and grading clause.","","208605832ba16f42c0ba2080b846292031a113f90d30dd55b3a32f514b6ccbb5","https://codes.ohio.gov/ohio-revised-code/section-2903.18","2023-04-04","Section 2903.18 | Strangulation.","(B) No person shall knowingly do any of the following:","(C) Whoever violates this section is guilty of strangulation.","(1) A violation of division (B)(1) of this section is a felony of the second degree.","(3) A violation of division (B)(3) of this section is a felony of the fifth degree. If the victim of the violation of division (B)(3) of this section is a family or household member, or is a person with whom the offender is or was in a dating relationship, a violation of division (B)(3) of this section is a felony of the fourth degree. If the victim of the offense is a family or household member, or is a person with whom the offender is or was in a dating relationship, and the offender previously has been convicted of or pleaded guilty to a felony offense of violence, or if the offender knew that the victim of the violation was pregnant at the time of the violation, a violation of division (B)(3) of this section is a felony of the third degree. | (D) It is an affirmative defense to a charge under division (B) of this section that the act was done as part of a medical or other procedure undertaken to aid or benefit the victim.",""
"2903.21","Aggravated menacing","offense_candidate","The official text contains an operative prohibition and an express aggravated-menacing guilt and grading clause.","","cef9db2d74c2976f77c2cefc9e546cf86dd5cfcb81e22fc1122610a3658c5523","https://codes.ohio.gov/ohio-revised-code/section-2903.21","2014-09-17","Section 2903.21 | Aggravated menacing.","(A) No person shall knowingly cause another to believe that the offender will cause serious physical harm to the person or property of the other person, the other person's unborn, or a member of the other person's immediate family. In addition to any other basis for the other person's belief that the offender will cause serious physical harm to the person or property of the other person, the other person's unborn, or a member of the other person's immediate family, the other person's belief may be based on words or conduct of the offender that are directed at or identify a corporation, association, or other organization that employs the other person or to which the other person belongs.","(B) Whoever violates this section is guilty of aggravated menacing. Except as otherwise provided in this division, aggravated menacing is a misdemeanor of the first degree. If the victim of the offense is an officer or employee of a public children services agency or a private child placing agency and the offense relates to the officer's or employee's performance or anticipated performance of official responsibilities or duties, aggravated menacing is a felony of the fifth degree or, if the offender previously has been convicted of or pleaded guilty to an offense of violence, the victim of that prior offense was an officer or employee of a public children services agency or private child placing agency, and that prior offense related to the officer's or employee's performance or anticipated performance of official responsibilities or duties, a felony of the fourth degree.","(B) Whoever violates this section is guilty of aggravated menacing. Except as otherwise provided in this division, aggravated menacing is a misdemeanor of the first degree. If the victim of the offense is an officer or employee of a public children services agency or a private child placing agency and the offense relates to the officer's or employee's performance or anticipated performance of official responsibilities or duties, aggravated menacing is a felony of the fifth degree or, if the offender previously has been convicted of or pleaded guilty to an offense of violence, the victim of that prior offense was an officer or employee of a public children services agency or private child placing agency, and that prior offense related to the officer's or employee's performance or anticipated performance of official responsibilities or duties, a felony of the fourth degree.","(B) Whoever violates this section is guilty of aggravated menacing. Except as otherwise provided in this division, aggravated menacing is a misdemeanor of the first degree. If the victim of the offense is an officer or employee of a public children services agency or a private child placing agency and the offense relates to the officer's or employee's performance or anticipated performance of official responsibilities or duties, aggravated menacing is a felony of the fifth degree or, if the offender previously has been convicted of or pleaded guilty to an offense of violence, the victim of that prior offense was an officer or employee of a public children services agency or private child placing agency, and that prior offense related to the officer's or employee's performance or anticipated performance of official responsibilities or duties, a felony of the fourth degree.",""
"2903.22","Menacing","offense_candidate","The official text contains operative prohibitions and an express menacing guilt and grading clause.","","c3af2204e56ff6f479d231c982b013394a78a4a32c37e831a66179234df45cb9","https://codes.ohio.gov/ohio-revised-code/section-2903.22","2023-04-04","Section 2903.22 | Menacing.","(A)(1) No person shall knowingly cause another to believe that the offender will cause physical harm to the person or property of the other person, the other person's unborn, or a member of the other person's immediate family. In addition to any other basis for the other person's belief that the offender will cause physical harm to the person or property of the other person, the other person's unborn, or a member of the other person's immediate family, the other person's belief may be based on words or conduct of the offender that are directed at or identify a corporation, association, or other organization that employs the other person or to which the other person belongs.","(B) Whoever violates this section is guilty of menacing.","Except as otherwise provided in this division, menacing is a misdemeanor of the fourth degree. If the victim of the offense is an officer or employee of a public children services agency or a private child placing agency and the offense relates to the officer's or employee's performance or anticipated performance of official responsibilities or duties or if the victim of the offense is an emergency service responder in the performance of the responder's official duties, menacing is one of the following:","Except as otherwise provided in this division, menacing is a misdemeanor of the fourth degree. If the victim of the offense is an officer or employee of a public children services agency or a private child placing agency and the offense relates to the officer's or employee's performance or anticipated performance of official responsibilities or duties or if the victim of the offense is an emergency service responder in the performance of the responder's official duties, menacing is one of the following:",""
"2903.31","Hazing","offense_candidate","The official text contains operative prohibitions and expressly calls violations hazing with division-specific grades.","","7f4690e77bee0030614db737c65db3c4a58183e30a8f13eaaff37b8faa8f0b6c","https://codes.ohio.gov/ohio-revised-code/section-2903.31","2021-10-07","Section 2903.31 | Hazing.","(B)(1) No person shall recklessly participate in the hazing of another.","(D) Whoever violates this section is guilty of hazing. A violation of division (B)(1) or (2) of this section is a misdemeanor of the second degree. A violation of division (C)(1) or (2) of this section is a felony of the third degree.","(D) Whoever violates this section is guilty of hazing. A violation of division (B)(1) or (2) of this section is a misdemeanor of the second degree. A violation of division (C)(1) or (2) of this section is a felony of the third degree.","(D) Whoever violates this section is guilty of hazing. A violation of division (B)(1) or (2) of this section is a misdemeanor of the second degree. A violation of division (C)(1) or (2) of this section is a felony of the third degree.",""
"2903.32","Female genital mutilation","offense_candidate","The official text contains operative prohibitions and expressly calls a violation female genital mutilation, a felony of the second degree.","","4cd954daba7862a6db757da4ba5f76100cb27092144013444168086e2f43ad68","https://codes.ohio.gov/ohio-revised-code/section-2903.32","2019-04-05","Section 2903.32 | Female genital mutilation.","(A)(1) No person shall knowingly circumcise, excise, or infibulate any part of the labia majora or labia minora or clitoris of another person who is under the age of eighteen.","(B) Whoever violates this section is guilty of female genital mutilation, a felony of the second degree. In addition to any prison term authorized by section 2929.14 of the Revised Code and any fine authorized by section 2929.18 of the Revised Code, the court shall impose on the offender an additional fine of up to twenty-five thousand dollars.","(B) Whoever violates this section is guilty of female genital mutilation, a felony of the second degree. In addition to any prison term authorized by section 2929.14 of the Revised Code and any fine authorized by section 2929.18 of the Revised Code, the court shall impose on the offender an additional fine of up to twenty-five thousand dollars.","(2) No person shall knowingly transport a minor to a facility or location for the purpose of facilitating the commission of an offense prohibited by division (A)(1) of this section.","R.C. 2929.14 | R.C. 2929.18"
"2903.33","Patient abuse and neglect in care facilities definitions","supporting_provision","The section expressly supplies definitions for sections 2903.33 to 2903.36; it contains no section-level guilt-and-grade clause.","","0d09cd93d6fdabbf5a26c6f1fad5e45c51d8731d3b82b2f5cda099170ae2105e","https://codes.ohio.gov/ohio-revised-code/section-2903.33","2013-09-29","Section 2903.33 | Patient abuse and neglect in care facilities definitions.","As used in sections 2903.33 to 2903.36 of the Revised Code:","","","",""
"2903.34","Patient abuse or neglect","offense_candidate","The official text contains operative prohibitions and expressly names and grades patient abuse, gross patient neglect, and patient neglect.","","8df500096822e831191ea80f206b632e8afc3be318486634b0e4fef624a26745","https://codes.ohio.gov/ohio-revised-code/section-2903.34","1996-07-01","Section 2903.34 | Patient abuse or neglect.","(A) No person who owns, operates, or administers, or who is an agent or employee of, a care facility shall do any of the following:","(C) Whoever violates division (A)(1) of this section is guilty of patient abuse, a felony of the fourth degree. If the offender previously has been convicted of, or pleaded guilty to, any violation of this section, patient abuse is a felony of the third degree.","(C) Whoever violates division (A)(1) of this section is guilty of patient abuse, a felony of the fourth degree. If the offender previously has been convicted of, or pleaded guilty to, any violation of this section, patient abuse is a felony of the third degree.","(C) Whoever violates division (A)(1) of this section is guilty of patient abuse, a felony of the fourth degree. If the offender previously has been convicted of, or pleaded guilty to, any violation of this section, patient abuse is a felony of the third degree. | (D) Whoever violates division (A)(2) of this section is guilty of gross patient neglect, a misdemeanor of the first degree. If the offender previously has been convicted of, or pleaded guilty to, any violation of this section, gross patient neglect is a felony of the fifth degree. | (E) Whoever violates division (A)(3) of this section is guilty of patient neglect, a misdemeanor of the second degree. If the offender previously has been convicted of or pleaded guilty to any violation of this section, patient neglect is a felony of the fifth degree.",""
"2903.35","Filing false patient abuse or neglect complaints","offense_candidate","The official text contains an operative prohibition and expressly calls a violation filing a false patient abuse or neglect complaint, a misdemeanor of the first degree.","","f91e65890dfca634a6dcd57bb360cbe725723ce1ef95a13692dfd82b32350ddf","https://codes.ohio.gov/ohio-revised-code/section-2903.35","1986-09-17","Section 2903.35 | Filing false patient abuse or neglect complaints.","(A) No person shall knowingly make a false statement, or knowingly swear or affirm the truth of a false statement previously made, alleging a violation of section 2903.34 of the Revised Code, when the statement is made with purpose to incriminate another.","(B) Whoever violates this section is guilty of filing a false patient abuse or neglect complaint, a misdemeanor of the first degree.","(B) Whoever violates this section is guilty of filing a false patient abuse or neglect complaint, a misdemeanor of the first degree.","",""
"2903.36","Whistleblower protection","supporting_provision","The section supplies a retaliation/whistleblower protection rule and no section-level guilt-and-grade clause.","","72b99064c754ea0459a5e7efb95a4eea20ebb7f466a53b999213d28aa04ba4fd","https://codes.ohio.gov/ohio-revised-code/section-2903.36","1986-09-17","Section 2903.36 | Whistleblower protection.","No care facility shall discharge or in any manner discriminate or retaliate against any person solely because such person, in good faith, filed a complaint, affidavit, or other document alleging a violation of section 2903.34 of the Revised Code.","","","",""
"2903.37","License revocation upon conviction","supporting_provision","The section provides a licensing consequence upon conviction rather than a new operative prohibition with a guilt-and-grade clause.","","93ed03ce5b97d52132f68c6898c12bd181acc77e4f5ac9c1263ed45f0004bddc","https://codes.ohio.gov/ohio-revised-code/section-2903.37","1986-09-17","Section 2903.37 | License revocation upon conviction.","Any individual, who owns, operates, or administers, or who is an agent or employee of, a care facility, who is convicted of a felony violation of section 2903.34 of the Revised Code, and who is required to be licensed under any law of this state, shall have his license revoked in accordance with Chapter 119. of the Revised Code.","","","",""
"2903.041","Reckless homicide","offense_candidate","The official text contains an operative prohibition and expressly calls a violation reckless homicide, a felony of the third degree.","","ed38ff453938ad9f09639bab5fe866ce247c6d307c4f67edcb311c47ac4bc89d","https://codes.ohio.gov/ohio-revised-code/section-2903.041","1999-09-29","Section 2903.041 | Reckless homicide.","(A) No person shall recklessly cause the death of another or the unlawful termination of another's pregnancy.","(B) Whoever violates this section is guilty of reckless homicide, a felony of the third degree.","(B) Whoever violates this section is guilty of reckless homicide, a felony of the third degree.","",""
"2903.41","Definitions related to violent offender database","supporting_provision","The section defines terms used by the violent-offender-database provisions and contains no section-level guilt-and-grade clause.","","13143f8dd952a4568a6f320d4a94d7d3490fa989ac97af00a18e6bd05f9820d1","https://codes.ohio.gov/ohio-revised-code/section-2903.41","2019-03-20","Section 2903.41 | Definitions related to violent offender database.","As used in sections 2903.41 to 2903.44 of the Revised Code:","","","(b) Any attempt to commit, conspiracy to commit, or complicity in committing any offense listed in division (A)(1)(a) of this section. | (2) A person who on the effective date of this section has been convicted of or pleaded guilty to an offense listed in division (A)(1) of this section and is confined in a jail, workhouse, state correctional institution, or other institution, serving a prison term, term of imprisonment, or other term of confinement for the offense. | (C) ""Out-of-state violent offender"" means a person who is convicted of, pleads guilty to, has been convicted of, or has pleaded guilty to a violation of any existing or former municipal ordinance or law of another state or the United States, or any existing or former law applicable in a military court or in an Indian tribal court, that is or was substantially equivalent to any offense listed in division (A)(1) of this section. | (J) ""Extended enrollment period"" means, for a violent offender who has violent offender database duties pursuant to section 2903.42 of the Revised Code or a qualifying out-of-state violent offender who has violent offender database duties pursuant to section 2903.421 of the Revised Code, the offender's enrollment period as extended pursuant to division (D)(2) of section 2903.43 of the Revised Code.","R.C. 2929.01"
"2903.42","Enrollment in violent offender database; presumption","supporting_provision","The section establishes database enrollment and rebuttal procedures after a qualifying offense; it contains no new guilt-and-grade clause.","","5db38c4f9fde8cd28b7977ae0ce9cce2afd162aa149e86d5649f4c90ac6e8c77","https://codes.ohio.gov/ohio-revised-code/section-2903.42","2019-03-20","Section 2903.42 | Enrollment in violent offender database; presumption.","(A)(1) For each person who is classified a violent offender, it is presumed that the violent offender shall be required to enroll in the violent offender database with respect to the offense that so classifies the person and shall have all violent offender database duties with respect to that offense for ten years after the offender initially enrolls in the database. The presumption is a rebuttable presumption that the violent offender may rebut as provided in division (A)(4) of this section, after filing a motion in accordance with division (A)(2)(a) or (b) of this section, whichever is applicable. Each violent offender shall be informed of the presumption established under this division, of the offender's right to file a motion to rebut the presumption, of the procedure and criteria for rebutting the presumption, and of the effect of a rebuttal and the post-rebuttal hearing procedures and possible outcome, as follows:","","","(A)(1) For each person who is classified a violent offender, it is presumed that the violent offender shall be required to enroll in the violent offender database with respect to the offense that so classifies the person and shall have all violent offender database duties with respect to that offense for ten years after the offender initially enrolls in the database. The presumption is a rebuttable presumption that the violent offender may rebut as provided in division (A)(4) of this section, after filing a motion in accordance with division (A)(2)(a) or (b) of this section, whichever is applicable. Each violent offender shall be informed of the presumption established under this division, of the offender's right to file a motion to rebut the presumption, of the procedure and criteria for rebutting the presumption, and of the effect of a rebuttal and the post-rebuttal hearing procedures and possible outcome, as follows: | (b) If the person is classified a violent offender under division (A)(2) of section 2903.41 of the Revised Code, the official in charge of the jail, workhouse, state correctional institution, or other institution in which the offender is serving a prison term, term of imprisonment, or other term of confinement for the offense, or the official's designee, shall inform the offender in writing, a reasonable period of time before the offender is released from the confinement, of the presumption, the right, and the procedure, criteria, and possible outcome. | (a) If the person is classified a violent offender under division (A)(1) of section 2903.41 of the Revised Code, the offender shall file the motion with the court that is sentencing the offender for the offense that classifies the person a violent offender. The motion shall assert that the offender was not the principal offender in the commission of that offense and request that the court not require the offender to enroll in the violent offender database and not have all VOD duties with respect to that offense. The motion shall be filed prior to or at the time of sentencing. | (b) If the person is classified a violent offender under division (A)(2) of section 2903.41 of the Revised Code, the offender shall file the motion with the court that sentenced the offender for the offense that classifies the person a violent offender. The motion shall assert that the offender was not the principal offender in the commission of that offense and request that the court not require the offender to enroll in the violent offender database and not have all VOD duties with respect to that offense. The motion shall be filed prior to the time of the person's release from confinement in the jail, workhouse, state correctional institution, or other institution under the prison term, term of imprisonment, or other term of confinement for the offense listed in division (A)(1) of section 2903.41 of the Revised Code. | (3) If a violent offender does not file a motion under division (A)(2)(a) or (b) of this section, the violent offender shall be required to enroll in the violent offender database with respect to the offense that classifies the person a violent offender and shall have all VOD duties with respect to that offense for ten years after the offender initially enrolls in the database. If the person is classified a violent offender under division (A)(1) of section 2903.41 of the Revised Code, the court shall provide the offender notice of the duties pursuant to division (C) of this section. If the person is classified a violent offender under division (A)(2) of section 2903.41 of the Revised Code, the offender shall be provided notice of the duties pursuant to divisions (B) and (C) of this section. | (4) If a violent offender files a motion under division (A)(2)(a) or (b) of this section, the offender has the burden of proving to the court that is sentencing, or that has sentenced, the offender, by a preponderance of the evidence, that the offender was not the principal offender in the commission of the offense that classifies the person a violent offender. If a violent offender files such a motion, one of the following applies: | (B) Each person who is classified a violent offender under division (A)(2) of section 2903.41 of the Revised Code and who does not file a motion under division (A)(2)(a) or (b) of this section shall be provided notice of the offender's duty to enroll in the violent offender database with respect to the offense that classifies the person a violent offender and of all VOD duties with respect to that offense and that those duties last for ten years after the offender initially enrolls in the database. The official in charge of the jail, workhouse, state correctional institution, or other institution in which the offender is serving the prison term, term of imprisonment, or other term of confinement, or the official's designee, shall provide the notice to the offender before the offender is released pursuant to any type of supervised release or before the offender is otherwise released from the prison term, term of imprisonment, or other term of confinement. | (C) The judge, official, or official's designee providing the notice under division (A) (3), (A)(4), or (B) of this section shall require the violent offender to read and sign a form stating that the violent offender has received and understands the notice. If the violent offender is unable to read, the judge, official, or official's designee shall inform the violent offender of the violent offender's duties as set forth in the notice and shall certify on the form that the judge, official, or official's designee informed the violent offender of the violent offender's duties and that the violent offender indicated an understanding of those duties. | The attorney general shall prescribe the notice and the form provided under this division. The notice shall inform the offender that, to satisfy the duty to enroll, the violent offender must enroll personally with the sheriff of the county in which the offender resides or that sheriff's designee and include notice of the offender's duties to re-enroll annually and when the offender has a change of address.",""
"2903.43","Offenders who have VOD duties; enrollment","offense_candidate","Division (I)(1) prohibits reckless failure to enroll, re-enroll, or notify a change of address; division (I)(2) expressly makes a violation a fifth-degree felony. Administrative headings must not hide offense-bearing subdivisions.","","52cd8cfb17d93c0187bfccd5e93f3c779ff815640505f71a9b3714bd635ff7eb","https://codes.ohio.gov/ohio-revised-code/section-2903.43","2019-03-20","Section 2903.43 | Offenders who have VOD duties; enrollment.","(I)(1) No violent offender or qualifying out-of-state violent offender who has VOD duties imposed under section 2903.42 or 2903.421 of the Revised Code shall recklessly fail during the ten-year enrollment period or extended enrollment period of the offender to enroll, re-enroll, or notify the sheriff or sheriff's designee of a change of address as required by this section.","(2) Whoever violates division (I)(1) of this section is guilty of a felony of the fifth degree. If a violent offender or qualifying out-of-state violent offender who violates division (I)(1) of this section is subject to a community control sanction, is on parole, is subject to one or more post-release control sanctions, or is subject to any other type of supervised release at the time of the violation, the violation shall constitute a violation of the terms and conditions of the community control sanction, parole, post-release control sanction, or other type of supervised release.","(2) Whoever violates division (I)(1) of this section is guilty of a felony of the fifth degree. If a violent offender or qualifying out-of-state violent offender who violates division (I)(1) of this section is subject to a community control sanction, is on parole, is subject to one or more post-release control sanctions, or is subject to any other type of supervised release at the time of the violation, the violation shall constitute a violation of the terms and conditions of the community control sanction, parole, post-release control sanction, or other type of supervised release.","(1) If the person is classified a violent offender under division (A)(1) of section 2903.41 of the Revised Code and the judge sentencing the offender for the offense that so classifies the offender does not sentence the offender to a prison term, term of imprisonment, or other term of confinement in a jail, workhouse, state correctional institution, or other institution for that offense, the offender shall enroll in the violent offender database within ten days after the sentencing hearing. | (2) If the person is classified a violent offender under division (A)(2) of section 2903.41 of the Revised Code or the person is classified a violent offender under division (A)(1) of that section and division (A)(1) of this section does not apply, the offender shall enroll in the violent offender database within ten days after the violent offender is released from a jail, workhouse, state correctional institution, or other institution, unless the violent offender is being transferred to the custody of another jail, workhouse, state correctional institution, or other institution. The violent offender is not required to enroll in the violent offender database with any sheriff or designee prior to release. | (C)(1) A violent offender or qualifying out-of-state violent offender who has VOD duties imposed pursuant to section 2903.42 or 2903.421 of the Revised Code shall enroll in the violent offender database, personally with the sheriff of the county in which the offender resides or that sheriff's designee. The enrollee shall obtain from the sheriff or designee a copy of an enrollment form prescribed by the attorney general that conforms to division (C)(2) of this section, shall complete and sign the form, and shall return to the sheriff or designee the completed and signed form together with the identification records required under division (C)(3) of this section. | (2) The enrollment form to be used under division (C)(1) of this section shall include or contain all of the following for the violent offender or qualifying out-of-state violent offender who is enrolling: | (D)(1) Each violent offender or qualifying out-of-state violent offender who has VOD duties imposed pursuant to section 2903.42 or 2903.421 of the Revised Code shall re-enroll in the violent offender database annually, in person, with the sheriff of the county in which the violent offender resides or the out-of-state violent offender resides or occupies a dwelling or that sheriff's designee within ten days prior to the anniversary of the calendar date on which the offender initially enrolled. The duty to re-enroll under this division remains in effect for the entire ten-year enrollment period of the offender. The offender shall re-enroll by completing, signing, and returning to the sheriff or designee a copy of the enrollment form prescribed by the attorney general and described in divisions (C)(1) and (2) of this section, amending any information required under division (C) of this section that has changed since the enrollee's last enrollment, and providing any additional enrollment information required by the attorney general. The sheriff or designee with whom the violent offender or qualifying out-of-state violent offender re-enrolls shall obtain a new photograph of the offender annually when the offender re-enrolls. Additionally, if the violent offender's or qualifying out-of-state violent offender's most recent enrollment or re-enrollment was with a sheriff or designee of a sheriff of a different county, as part of the duty to re-enroll, the offender shall provide written notice of the offender's change of residence address to that sheriff or a designee of that sheriff. | (2) Except as otherwise provided in this division, if a violent offender or qualifying out-of-state violent offender has VOD duties imposed pursuant to section 2903.42 or 2903.421 of the Revised Code, the offender's VOD duties shall terminate on the expiration of the ten-year enrollment period of the offender. The ten-year enrollment period may be extended, but only if the prosecutor files a motion with the court of common pleas of the county in which the violent offender resides or in which the qualifying out-of-state offender resides or occupies a dwelling requesting that the court extend the offender's ten-year enrollment period as specified in this division and the court makes the appropriate finding specified in this division. For a violent offender, the court may extend the offender's ten-year enrollment period only if the court finds that the offender has violated a term or condition of a sanction imposed under the offender's sentence or has been convicted of or pleaded guilty to another felony or any misdemeanor offense of violence during that enrollment period. For a qualifying out-of-state offender, the court may extend the offender's ten-year enrollment period only if the court finds that the offender has violated a term or condition of a sanction imposed under the offender's sentence by the court of the other jurisdiction or has been convicted of or pleaded guilty to another felony or any misdemeanor offense of violence during that enrollment period. If a court finds as described in this division that the offender has violated a term or condition of a sanction imposed under the offender's sentence or that the offender has been convicted of or pleaded guilty to another felony or any misdemeanor offense of violence during the ten-year enrollment period, the court shall issue an order that extends the VOD duties of the violent offender or qualifying out-of-state violent offender indefinitely and the offender's VOD duties shall continue indefinitely, subject to termination under section 2903.44 of the Revised Code. | If the court issues an order under this division that extends an offender's VOD duties, the court shall promptly forward a copy of the order to the bureau of criminal identification and investigation and to the prosecutor. Upon receipt of the order from the court, the bureau shall update all records pertaining to the offender to reflect the extended enrollment period. The bureau also shall provide notice of the issuance of the order to every sheriff with whom the offender has most recently enrolled or re-enrolled. | (F)(1) After a violent offender or qualifying out-of-state violent offender who has VOD duties imposed pursuant to section 2903.42 or 2903.421 of the Revised Code enrolls or re-enrolls in the violent offender database with a sheriff or a sheriff's designee pursuant to this section, the sheriff or designee shall forward the offender's signed, written enrollment form, photograph, fingerprints, palm prints, and other materials to the bureau of criminal identification and investigation in accordance with forwarding procedures adopted by the attorney general under division (G) of this section. The bureau shall include the information and materials forwarded to it under this division in the violent offender database established and maintained under division (F)(2) of this section. | (2) The bureau of criminal identification and investigation shall establish and maintain a database of violent offenders and qualifying out-of-state violent offenders that includes the information and materials the bureau receives pursuant to division (D)(1) or (F)(1) of this section. The bureau shall make the database available to federal, state, and local law enforcement officers. The database of violent offenders and qualifying out-of-state violent offenders maintained by the bureau is not a public record under section 149.43 of the Revised Code. | (3)(a) Except as otherwise provided in divisions (F)(3)(b) and (c) of this section, any statements, information, photographs, fingerprints, or materials that are provided pursuant to this section by a violent offender or qualifying out-of-state violent offender who has VOD duties imposed under section 2903.42 or 2903.421 of the Revised Code and that are in the possession of a county sheriff are public records open to public inspection under section 149.43 of the Revised Code. | (c) A violent offender or qualifying out-of-state violent offender who has VOD duties imposed under section 2903.42 or 2903.421 of the Revised Code may file a motion with the court of common pleas in the county in which the offender resides stating that the offender fears for the offender's safety if the statements, information, photographs, fingerprints, or materials provided by the offender pursuant to this section and that are in the possession of a county sheriff are open for public inspection, and requesting the court to issue an order to ban or restrict access to those statements, photographs, fingerprints, and materials and that information. A motion filed with a court under this division shall expressly state the reasons for which the violent offender or qualifying out-of-state violent offender fears for the offender's safety, shall identify each county in which the offender has enrolled or re-enrolled, and shall provide information and materials in support of the motion. The court, upon the filing of the motion under this division, may determine whether to grant or deny the motion without a hearing or may conduct a hearing to determine whether to grant or deny the motion. The court may grant the motion if it determines, upon review of the motion, the supporting information and materials provided with the motion, and, if the court conducts a hearing, any additional information provided at the hearing, that the offender's fears for the offender's safety are valid and that the interests of justice and the offender's safety require that the motion be granted. | If the court grants the motion, the statements, information, photographs, fingerprints, or materials provided by the offender pursuant to this section and that are in the possession of a county sheriff are not public records open to public inspection under section 149.43 of the Revised Code and the court shall issue an order to that effect. A court that grants a motion and issues an order under this division shall notify the sheriff in each county in which the offender has enrolled or re-enrolled of the issuance of the order, and each of those sheriffs shall comply with the order. | (G) The attorney general shall prescribe the forms that violent offenders and qualifying out-of-state violent offenders who have VOD duties imposed under section 2903.42 or 2903.421 of the Revised Code shall use to enroll, re-enroll, and provide notice of a change of address under divisions (A) to (D) of this section. The attorney general shall adopt procedures for sheriffs to use to forward information, photographs, fingerprints, palm prints, and other materials to the bureau of criminal identification and investigation pursuant to division (F)(1) of this section. | (H) The attorney general, in accordance with Chapter 119. of the Revised Code, may adopt rules regarding enrollment dates different than those prescribed in divisions (A), (B), and (D) of this section for any violent offender or qualifying out-of-state violent offender who has VOD duties imposed under section 2903.42 or 2903.421 of the Revised Code and who also is an arson offender, as defined in section 2909.13 of the Revised Code, or a sex offender or child-victim offender, both as defined in section 2950.01 of the Revised Code. | (2) Whoever violates division (I)(1) of this section is guilty of a felony of the fifth degree. If a violent offender or qualifying out-of-state violent offender who violates division (I)(1) of this section is subject to a community control sanction, is on parole, is subject to one or more post-release control sanctions, or is subject to any other type of supervised release at the time of the violation, the violation shall constitute a violation of the terms and conditions of the community control sanction, parole, post-release control sanction, or other type of supervised release.",""
"2903.44","Out-of-state offenders with VOD duties; enrollment","supporting_provision","The section governs enrollment by out-of-state offenders already subject to VOD duties; it contains no new guilt-and-grade clause.","","04d54f974fd9a9fb668df67ac5dad0432446853cf5a957553ac1ab81e50eefe6","https://codes.ohio.gov/ohio-revised-code/section-2903.44","2019-03-20","Section 2903.44 | Out-of-state offenders with VOD duties; enrollment.","(A) Pursuant to this section, if a violent offender or qualifying out-of-state violent offender has VOD duties imposed under section 2903.42 or 2903.421 of the Revised Code and if a court has extended the offender's ten-year enrollment period pursuant to division (D)(2) of section 2903.43 of the Revised Code, the offender may file a motion to the court of common pleas of the county in which the offender resides requesting that the court terminate the offender's extended enrollment period and VOD duties during that period. A violent offender or qualifying out-of-state violent offender may file a motion under this division at any time during the offender's extended enrollment period, but may not file more than one motion under this division in any five-year period.","","","(A) Pursuant to this section, if a violent offender or qualifying out-of-state violent offender has VOD duties imposed under section 2903.42 or 2903.421 of the Revised Code and if a court has extended the offender's ten-year enrollment period pursuant to division (D)(2) of section 2903.43 of the Revised Code, the offender may file a motion to the court of common pleas of the county in which the offender resides requesting that the court terminate the offender's extended enrollment period and VOD duties during that period. A violent offender or qualifying out-of-state violent offender may file a motion under this division at any time during the offender's extended enrollment period, but may not file more than one motion under this division in any five-year period. | (B) A violent offender or qualifying out-of-state violent offender who makes a motion under division (A) of this section shall include with the motion all of the following: | Upon the filing of the motion, the court shall set a tentative date for a hearing on the motion that, except as otherwise provided in this division, is not later than ninety days after the date on which the motion is filed. The court may set a tentative date for a hearing that is later than that specified time if good cause exists to hold the hearing at a later date. The court shall notify the offender and the prosecutor of the date, time, and place of the hearing. The court shall forward a copy of the motion and its supporting documentation to the court's probation department or another appropriate agency to investigate the merits of the motion. The probation department or agency shall submit a written report detailing its investigation to the court within sixty days after receiving the motion and supporting documentation. | (D) After the prosecutor is served with a copy of the motion and notice of the hearing as described in division (C) of this section, at least seven days before the hearing date, the prosecutor may file an objection to the motion with the court and serve a copy of the objection to the motion to the offender or the offender's attorney. | (3) If the court does not issue an order under division (F)(1) or (2) of this section, the court shall hold a hearing to determine whether to grant or deny the motion. At the hearing, the Rules of Civil Procedure apply, except to the extent that those Rules would by their nature be clearly inapplicable. At the hearing, the offender has the burden of going forward with the evidence and, except as otherwise provided in this division, the burden of proof, by a preponderance of the evidence, that the extended enrollment period and VOD duties should be terminated. If the prosecutor files an objection to the motion as provided in division (D) of this section that includes an allegation that the offender has been convicted of or pleaded guilty to any other felony or any misdemeanor offense of violence during the offender's ten-year enrollment period or extended enrollment period, the prosecutor has the burden of proving that allegation. | The court shall issue an order denying the offender's motion to terminate the offender's extended enrollment period and VOD duties if the prosecutor files such an objection to the motion that includes an allegation that the offender has been convicted of or pleaded guilty to any other felony or any misdemeanor offense of violence during the offender's ten-year enrollment period or extended enrollment period and proves that allegation. If, after considering the evidence, materials, and information specified under division (E) of this section, the court finds that the prosecutor has not alleged in an objection and proved that the offender has been convicted of or pleaded guilty to any other felony or any misdemeanor offense of violence during the offender's ten-year enrollment period or extended enrollment period, the court shall do one of the following: | (4) If the court issues an order under division (F)(1) or (3) of this section denying an offender's motion to terminate the offender's extended enrollment period and VOD duties, the offender may subsequently file another motion under this section requesting termination of the extended enrollment period and VOD duties but may not file more than one such motion in any five- year period. | (5) (a) Upon its issuance of an order under division (F) (1), (2), or (3) of this section, the court shall provide prompt notice of the order to the offender or the offender's attorney. | (b) If the court issues an order under division (F)(2) or (3) of this section that grants the offender's motion and terminates the offender's extended enrollment period and VOD duties, the court shall promptly forward a copy of the order to the bureau of criminal identification and investigation and to the prosecutor. Upon receipt of the order from the court, the bureau shall update all records pertaining to the offender to reflect the termination order. The bureau also shall provide notice of the issuance of the termination order to every sheriff with whom the offender has most recently enrolled or re- enrolled. Upon receipt of the order from the court, the prosecutor shall notify the victim of any offense for which the offender is enrolled in the violent offender database that the offender's extended enrollment period and VOD duties have been terminated.","R.C. 2929.18"
"2903.081","Warning signs in construction zones","supporting_provision","The section governs warning signs and a construction-zone consequence by reference to another offense; it contains no section-level guilt-and-grade clause.","","8af09772290467cf53fbf4fdf7b435b842cad032a2a351f7ab1ee6a25301c5e6","https://codes.ohio.gov/ohio-revised-code/section-2903.081","2004-06-01","Section 2903.081 | Warning signs in construction zones.","(A) As used in this section:","","","(B) The director of transportation, board of county commissioners, or board of township trustees shall cause signs to be erected in construction zones notifying motorists of the prohibitions set forth in sections 2903.06 and 2903.08 of the Revised Code regarding the death of or injury to any person in the construction zone as a proximate result of a reckless operation offense or speeding offense in the construction zone. The prohibitions set forth in divisions (A)(2)(b) and (3)(b) of section 2903.06 and divisions (A)(2)(a) and (3) of section 2903.08 of the Revised Code apply to persons who commit a reckless operation offense or speeding offense in a particular construction zone only when signs of that nature are erected in that construction zone in accordance with the guidelines and design specifications established by the director under section 5501.27 of the Revised Code. The failure to erect signs of that nature in a particular construction zone in accordance with those guidelines and design specifications does not limit or affect the application of division (A)(1), (A)(2)(a), (A)(3)(a), or (A)(4) of section 2903.06 or division (A)(1) or (2)(b) of section 2903.08 of the Revised Code in that construction zone or the prosecution of any person who violates either of those divisions in that construction zone.",""
"2903.211","Menacing by stalking","offense_candidate","The official text contains an operative prohibition and an express menacing-by-stalking guilt and grading clause.","","64bad11ca2ff1a554a3a7060b8fb3997bad8969c7fafd7abe7acc35cdb710c15","https://codes.ohio.gov/ohio-revised-code/section-2903.211","2016-08-16","Section 2903.211 | Menacing by stalking.","(A)(1) No person by engaging in a pattern of conduct shall knowingly cause another person to believe that the offender will cause physical harm to the other person or a family or household member of the other person or cause mental distress to the other person or a family or household member of the other person. In addition to any other basis for the other person's belief that the offender will cause physical harm to the other person or the other person's family or household member or mental distress to the other person or the other person's family or household member, the other person's belief or mental distress may be based on words or conduct of the offender that are directed at or identify a corporation, association, or other organization that employs the other person or to which the other person belongs.","(B) Whoever violates this section is guilty of menacing by stalking.","(1) Except as otherwise provided in divisions (B)(2) and (3) of this section, menacing by stalking is a misdemeanor of the first degree.","(b) Urge or incite another to commit a violation of division (A)(1) of this section. | (3) No person, with a sexual motivation, shall violate division (A)(1) or (2) of this section. | (b) In committing the offense under division (A)(1), (2), or (3) of this section, the offender made a threat of physical harm to or against the victim, or as a result of an offense committed under division (A)(2) or (3) of this section, a third person induced by the offender's posted message made a threat of physical harm to or against the victim. | (c) In committing the offense under division (A)(1), (2), or (3) of this section, the offender trespassed on the land or premises where the victim lives, is employed, or attends school, or as a result of an offense committed under division (A)(2) or (3) of this section, a third person induced by the offender's posted message trespassed on the land or premises where the victim lives, is employed, or attends school. | (f) While committing the offense under division (A)(1) of this section or a violation of division (A)(3) of this section based on conduct in violation of division (A)(1) of this section, the offender had a deadly weapon on or about the offender's person or under the offender's control. Division (B)(2)(f) of this section does not apply in determining the penalty for a violation of division (A)(2) of this section or a violation of division (A)(3) of this section based on conduct in violation of division (A)(2) of this section. | (h) In committing the offense under division (A)(1), (2), or (3) of this section, the offender caused serious physical harm to the premises at which the victim resides, to the real property on which that premises is located, or to any personal property located on that premises, or, as a result of an offense committed under division (A)(2) of this section or an offense committed under division (A)(3) of this section based on a violation of division (A)(2) of this section, a third person induced by the offender's posted message caused serious physical harm to that premises, that real property, or any personal property on that premises. | (a) Any of the following who is residing or has resided with the person against whom the act prohibited in division (A) (1) of this section is committed: | (b) The natural parent of any child of whom the person against whom the act prohibited in division (A)(1) of this section is committed is the other natural parent or is the putative other natural parent. | (12) ""Person living as a spouse"" means a person who is living or has lived with the person against whom the act prohibited in division (A)(1) of this section is committed in a common law marital relationship, who otherwise is cohabiting with that person, or who otherwise has cohabited with the person within five years prior to the date of the alleged commission of the act in question. | (E) The state does not need to prove in a prosecution under this section that a person requested or received psychiatric treatment, psychological treatment, or other mental health services in order to show that the person was caused mental distress as described in division (D)(2)(b) of this section. | (2) Division (F)(1) of this section does not create an affirmative duty for any person providing access or connection to or from an electronic method of remotely transferring information not under that person's control to block the receipt or transmission through its service of any information that it believes is, or will be sent, in violation of this section except as otherwise provided by law. | (3) Division (F)(1) of this section does not apply to a person who conspires with a person actively involved in the creation or knowing distribution of material in violation of this section or who knowingly advertises the availability of material of that nature.",""
"2903.212","Bail for violations of certain protection orders","supporting_provision","The section sets bail treatment when a person is charged with a separately identified violation; it contains no new guilt-and-grade clause.","","ae60d1e3ab21aec8ec492f99e4bea392f9cbc3ed234f85fdbc71d61b49cc93a3","https://codes.ohio.gov/ohio-revised-code/section-2903.212","2023-06-30","Section 2903.212 | Bail for violations of certain protection orders.","(A) Except when the complaint involves a person who is a family or household member as defined in section 2919.25 of the Revised Code, if a person is charged with a violation of section 2903.21, 2903.211, 2903.22, or 2911.211 of the Revised Code, a violation of a municipal ordinance that is substantially similar to one of those sections, or a sexually oriented offense and if the person, at the time of the alleged violation, was subject to the terms of any order issued pursuant to section 2903.213, 2933.08, or 2945.04 of the Revised Code or previously had been convicted of or pleaded guilty to a violation of section 2903.21, 2903.211, 2903.22, or 2911.211 of the Revised Code that involves the same complainant, a violation of a municipal ordinance that is substantially similar to one of those sections and that involves the same complainant, or a sexually oriented offense that involves the same complainant, the court shall consider all of the following, in addition to any other circumstances considered by the court and notwithstanding any provisions to the contrary contained in section 2937.011 of the Revised Code, before setting the amount and conditions of the bail for the person:","","","(B) Any court that has jurisdiction over violations of section 2903.21, 2903.211, 2903.22, or 2911.211 of the Revised Code, violations of a municipal ordinance that is substantially similar to one of those sections, or sexually oriented offenses may set a schedule for bail to be used in cases involving those violations. The schedule shall require that a judge consider all of the factors listed in division (A) of this section and may require judges to set bail at a certain level or impose other reasonable conditions related to a release on bail or on recognizance if the history of the alleged offender or the circumstances of the alleged offense meet certain criteria in the schedule.",""
"2903.213","Motion for and hearing on protection order","supporting_provision","The section establishes a motion and hearing procedure for a protection order after a separately alleged offense; it contains no new guilt-and-grade clause.","","3b51cc9a971d786c8d7f62e1e06fe45a62ad7667af1d4be4e723f127153e8540","https://codes.ohio.gov/ohio-revised-code/section-2903.213","2023-07-07","Section 2903.213 | Motion for and hearing on protection order.","(A) Except when the complaint or indictment involves a person who is a family or household member as defined in section 2919.25 of the Revised Code, upon the filing of a complaint or indictment that alleges a violation of section 2903.11, 2903.12, 2903.13, 2903.21, 2903.211, 2903.22, or 2911.211 of the Revised Code, a violation of a municipal ordinance substantially similar to section 2903.13, 2903.21, 2903.211, 2903.22, or 2911.211 of the Revised Code, or the commission of a sexually oriented offense, the complainant, the prosecutor, the alleged victim, or a family or household member of an alleged victim may file a motion that requests the issuance of a protection order as a pretrial condition of release of the alleged offender, in addition to any bail set by the court. The motion shall be filed with the clerk of the court that has jurisdiction of the case at any time after the filing of the complaint or indictment. If the complaint or indictment involves a person who is a family or household member, the complainant, the alleged victim, or the family or household member may file a motion for a temporary protection order pursuant to section 2919.26 of the Revised Code.","","","(b) Division (C)(2)(a) of this section does not limit any discretion of a court to determine that an alleged offender charged with a violation of section 2919.27 of the Revised Code, with a violation of a municipal ordinance substantially equivalent to that section, or with contempt of court, which charge is based on an alleged violation of a protection order issued under this section, did not commit the violation or was not in contempt of court. | (D)(1) Except when the complaint or indictment involves a person who is a family or household member as defined in section 2919.25 of the Revised Code, upon the filing of a complaint or indictment that alleges a violation specified in division (A) of this section, the court, upon its own motion, may issue a protection order under this section as a pretrial condition of release of the alleged offender if it finds that the safety and protection of the complainant or the alleged victim may be impaired by the continued presence of the alleged offender. | (2) If the court issues a protection order under this section as an ex parte order, it shall conduct, as soon as possible after the issuance of the order but not later than the next day that the court is in session after its issuance, a hearing to determine whether the order should remain in effect, be modified, or be revoked. The hearing shall be conducted under the standards set forth in division (C) of this section. | (3) If a municipal court or a county court issues a protection order under this section and if, subsequent to the issuance of the order, the alleged offender who is the subject of the order is bound over to the court of common pleas for prosecution of a felony arising out of the same activities as those that were the basis of the complaint upon which the order is based, notwithstanding the fact that the order was issued by a municipal court or county court, the order shall remain in effect, as though it were an order of the court of common pleas, while the charges against the alleged offender are pending in the court of common pleas, for the period of time described in division (E)(2) of this section, and the court of common pleas has exclusive jurisdiction to modify the order issued by the municipal court or county court. This division applies when the alleged offender is bound over to the court of common pleas as a result of the person waiving a preliminary hearing on the felony charge, as a result of the municipal court or county court having determined at a preliminary hearing that there is probable cause to believe that the felony has been committed and that the alleged offender committed it, as a result of the alleged offender having been indicted for the felony, or in any other manner. | (2) Is effective only until the disposition, by the court that issued the order or, in the circumstances described in division (D)(3) of this section, by the court of common pleas to which the alleged offender is bound over for prosecution, of the criminal proceeding arising out of the complaint or indictment upon which the order is based or until the issuance under section 2903.214 of the Revised Code of a protection order arising out of the same activities as those that were the basis of the complaint or indictment filed under this section; | (G)(1) A copy of a protection order that is issued under this section shall be issued by the court to the complainant, to the alleged victim, to the person who requested the order, to the defendant, and to all law enforcement agencies that have jurisdiction to enforce the order. The court shall direct that a copy of the order be delivered to the defendant on the same day that the order is entered. If a municipal court or a county court issues a protection order under this section and if, subsequent to the issuance of the order, the defendant who is the subject of the order is bound over to the court of common pleas for prosecution as described in division (D)(3) of this section, the municipal court or county court shall direct that a copy of the order be delivered to the court of common pleas to which the defendant is bound over. | (I)(1) Subject to division (I)(2) of this section and regardless of whether a protection order is issued or a consent agreement is approved by a court of another county or by a court of another state, no court or unit of state or local government shall charge the movant any fee, cost, deposit, or money in connection with the filing of a motion pursuant to this section, in connection with the filing, issuance, registration, modification, enforcement, dismissal, withdrawal, or service of a protection order, consent agreement, or witness subpoena or for obtaining certified copies of a protection order or consent agreement.",""
"2903.214","Petition for protection order in menacing by stalking cases","supporting_provision","The section establishes a civil protection-order petition procedure; it contains no section-level guilt-and-grade clause.","","71f05a1894e7b479baf2a0e991fa8e91a1aecaa7c61b0803d613e13d87461f40","https://codes.ohio.gov/ohio-revised-code/section-2903.214","2023-04-04","Section 2903.214 | Petition for protection order in menacing by stalking cases.","(A) As used in this section:","","","(2)(a) If the court, after an ex parte hearing, issues a protection order described in division (E) of this section, the court shall schedule a full hearing for a date that is within ten court days after the ex parte hearing. The court shall give the respondent notice of, and an opportunity to be heard at, the full hearing. The court shall hold the full hearing on the date scheduled under this division unless the court grants a continuance of the hearing in accordance with this division. Under any of the following circumstances or for any of the following reasons, the court may grant a continuance of the full hearing to a reasonable time determined by the court: | (b) An ex parte order issued under this section does not expire because of a failure to serve notice of the full hearing upon the respondent before the date set for the full hearing under division (D)(2)(a) of this section or because the court grants a continuance under that division. | (E)(1)(a) After an ex parte or full hearing, the court may issue any protection order, with or without bond, that contains terms designed to ensure the safety and protection of the person to be protected by the protection order, including, but not limited to, a requirement that the respondent refrain from entering the residence, school, business, or place of employment of the petitioner or family or household member. If the court includes a requirement that the respondent refrain from entering the residence, school, business, or place of employment of the petitioner or family or household member in the order, it also shall include in the order provisions of the type described in division (E)(5) of this section. The court may include within a protection order issued under this section a term requiring that the respondent not remove, damage, hide, harm, or dispose of any companion animal owned or possessed by the person to be protected by the order, and may include within the order a term authorizing the person to be protected by the order to remove a companion animal owned by the person to be protected by the order from the possession of the respondent. | (b) After a full hearing, if the court considering a petition that includes an allegation of the type described in division (C)(2) of this section, or the court upon its own motion, finds upon clear and convincing evidence that the petitioner reasonably believed that the respondent's conduct at any time preceding the filing of the petition endangered the health, welfare, or safety of the person to be protected and that the respondent presents a continuing danger to the person to be protected, the court may order that the respondent be electronically monitored for a period of time and under the terms and conditions that the court determines are appropriate. Electronic monitoring shall be in addition to any other relief granted to the petitioner. | (3) A court may not issue a protection order that requires a petitioner to do or to refrain from doing an act that the court may require a respondent to do or to refrain from doing under division (E)(1) of this section unless all of the following apply: | (d) After a full hearing at which the respondent presents evidence in support of the request for a protection order and the petitioner is afforded an opportunity to defend against that evidence, the court determines that the petitioner has committed a violation of section 2903.211 of the Revised Code against the person to be protected by the protection order issued pursuant to division (E)(3) of this section, has committed a sexually oriented offense against the person to be protected by the protection order issued pursuant to division (E)(3) of this section, or has violated a protection order issued pursuant to section 2903.213 of the Revised Code relative to the person to be protected by the protection order issued pursuant to division (E)(3) of this section. | (b) Division (E)(5)(a) of this section does not limit any discretion of a court to determine that an alleged offender charged with a violation of section 2919.27 of the Revised Code, with a violation of a municipal ordinance substantially equivalent to that section, or with contempt of court, which charge is based on an alleged violation of a protection order issued under this section, did not commit the violation or was not in contempt of court. | (2) If as provided in division (G)(1) of this section an order issued under this section, other than an ex parte order, refuses to grant a protection order, the court, on its own motion, shall order that the ex parte order issued under this section and all of the records pertaining to that ex parte order be sealed after either of the following occurs: | (J)(1) Subject to division (J)(2) of this section and regardless of whether a protection order is issued or a consent agreement is approved by a court of another county or by a court of another state, no court or unit of state or local government shall charge the petitioner any fee, cost, deposit, or money in connection with the filing of a petition pursuant to this section, in connection with the filing, issuance, registration, modification, enforcement, dismissal, withdrawal, or service of a protection order, consent agreement, or witness subpoena or for obtaining a certified copy of a protection order or consent agreement. | (M)(1) A petitioner who obtains a protection order under this section or a protection order under section 2903.213 of the Revised Code may provide notice of the issuance or approval of the order to the judicial and law enforcement officials in any county other than the county in which the order is issued by registering that order in the other county pursuant to division (M)(2) of this section and filing a copy of the registered order with a law enforcement agency in the other county in accordance with that division. A person who obtains a protection order issued by a court of another state may provide notice of the issuance of the order to the judicial and law enforcement officials in any county of this state by registering the order in that county pursuant to section 2919.272 of the Revised Code and filing a copy of the registered order with a law enforcement agency in that county.","R.C. 2929.01"
"2903.215","Protection orders on behalf of organization","supporting_provision","The section authorizes organization-filed protection-order requests based on separately identified violations; it contains no new guilt-and-grade clause.","","c6454b43122b4decb9f19fafc2d1976e31011484953f4d0b7d8d811863e1c0ec","https://codes.ohio.gov/ohio-revised-code/section-2903.215","2025-03-20","Section 2903.215 | Protection orders on behalf of organization.","(A) As used in this section, ""organization"" includes an entity that is a governmental employer.","","","",""
"2903.216","Illegal use of a tracking device or application","offense_candidate","The official text contains operative prohibitions and an express illegal-use-of-a-tracking-device-or-application guilt and grading clause.","","6a0abc54e0f3e4dd8ffb95a60d38d676a318d167888f86da101f961c390c9bef","https://codes.ohio.gov/ohio-revised-code/section-2903.216","2025-03-20","Section 2903.216 | Illegal use of a tracking device or application.","(B) Except as otherwise provided in division (D) of this section, no person shall knowingly do either of the following:","(F) Whoever violates this section is guilty of illegal use of a tracking device or application.","(1) Except as otherwise provided in division (F)(2) of this section, illegal use of a tracking device or application is a misdemeanor of the first degree.","(B) Except as otherwise provided in division (D) of this section, no person shall knowingly do either of the following: | (2) Revocation of consent under this division is effective upon the service of the petition or motion or an Ohio protection order. | (b) This division does not apply if the person on whose behalf the private investigator is working is the subject of an Ohio protection order or a protection order issued by a court of another state or if the private investigator knows or reasonably should know that the person on whose behalf the private investigator is working seeks the investigator's services to aid in the commission of a crime. | (E) For purposes of division (D)(1) of this section, a probation officer, parole officer, or employee of the department of rehabilitation and correction, a halfway house, or a community-based correctional facility is engaged in the lawful performance of the officer's or employee's duties if both of the following apply: | (1) Except as otherwise provided in division (F)(2) of this section, illegal use of a tracking device or application is a misdemeanor of the first degree.","R.C. 2929.01 | R.C. 2929.16 | R.C. 2929.20"
"2903.311","Reckless failure to immediately report knowledge of hazing","offense_candidate","The official text contains an operative reporting prohibition and expressly grades a violation by harm outcome.","","aa51560429acf06f95a139b02b0445bc9aa7f8fd29959788a0f2edeeeba34747","https://codes.ohio.gov/ohio-revised-code/section-2903.311","2021-10-07","Section 2903.311 | Reckless failure to immediately report knowledge of hazing.","(B) No administrator, employee, faculty member, teacher, consultant, alumnus, or volunteer of any organization, including any primary, secondary, or post-secondary school or any other public or private educational institution, who is acting in an official and professional capacity shall recklessly fail to immediately report the knowledge of hazing to a law enforcement agency in the county in which the victim of hazing resides or in which the hazing is occurring or has occurred.","","(C) A violation of this section is a misdemeanor of the fourth degree, except that the violation is a misdemeanor of the first degree if the hazing causes serious physical harm.","",""
"2903.341","Patient endangerment","offense_candidate","The official text contains operative prohibitions and an express patient-endangerment guilt and grading clause.","","fcde948735bd831e024954ac644feaf73bcd6697a7d1073d2a0b5f25c3f40a96","https://codes.ohio.gov/ohio-revised-code/section-2903.341","2023-04-06","Section 2903.341 | Patient endangerment.","(B) No developmental disabilities caretaker shall create a substantial risk to the health or safety of a person with a developmental disability. A developmental disabilities caretaker does not create a substantial risk to the health or safety of a person with a developmental disability under this division when the developmental disabilities caretaker treats a physical or mental illness or disability of the person with a developmental disability by spiritual means through prayer alone, in accordance with the tenets of a recognized religious body.","(E)(1) Except as provided in division (E)(2) or (E)(3) of this section, whoever violates division (B) or (C) of this section is guilty of patient endangerment, a misdemeanor of the first degree.","(E)(1) Except as provided in division (E)(2) or (E)(3) of this section, whoever violates division (B) or (C) of this section is guilty of patient endangerment, a misdemeanor of the first degree.","(B) No developmental disabilities caretaker shall create a substantial risk to the health or safety of a person with a developmental disability. A developmental disabilities caretaker does not create a substantial risk to the health or safety of a person with a developmental disability under this division when the developmental disabilities caretaker treats a physical or mental illness or disability of the person with a developmental disability by spiritual means through prayer alone, in accordance with the tenets of a recognized religious body. | (C) No person who owns, operates, or administers a care facility or who is an agent of a care facility shall condone, or knowingly permit, any conduct by a developmental disabilities caretaker who is employed by or under the control of the owner, operator, administrator, or agent that is in violation of division (B) of this section and that involves a person with a developmental disability who is under the care of the owner, operator, administrator, or agent. A person who relies upon treatment by spiritual means through prayer alone, in accordance with the tenets of a recognized religious denomination, shall not be considered endangered under this division for that reason alone. | (D)(1) It is an affirmative defense to a charge of a violation of division (B) or (C) of this section that the actor's conduct was committed in good faith solely because the actor was ordered to commit the conduct by a person to whom one of the following applies: | (2) It is an affirmative defense to a charge of a violation of division (C) of this section that the person who owns, operates, or administers a care facility or who is an agent of a care facility and who is charged with the violation is following the individual service plan for the involved person with a developmental disability or that the admission, discharge, and transfer rule set forth in the Administrative Code is being followed. | (3) It is an affirmative defense to a charge of a violation of division (C) of this section that the actor did not have readily available a means to prevent either the harm to the person with a developmental disability or the death of such a person and the actor took reasonable steps to summon aid. | (E)(1) Except as provided in division (E)(2) or (E)(3) of this section, whoever violates division (B) or (C) of this section is guilty of patient endangerment, a misdemeanor of the first degree.",""
"2903.421","Qualifying out-of-state offenders","supporting_provision","The section governs the VOD presumption and hearing procedure for a qualifying out-of-state offender; it contains no new guilt-and-grade clause.","","61a3b527fcae7461bc717158959f342e40a200690e5037b8b7b60c4f61bf5445","https://codes.ohio.gov/ohio-revised-code/section-2903.421","2019-03-20","Section 2903.421 | Qualifying out-of-state offenders.","(A) For each person who is a qualifying out-of-state violent offender, it is presumed that the qualifying out-of-state violent offender shall be required to enroll in the violent offender database with respect to the offense that so classifies the person and will have all violent offender database duties with respect to that offense for ten years after the offender initially enrolls in the database. The presumption is a rebuttable presumption that the qualifying out- of-state violent offender may rebut as provided in division (D) of this section, after filing a motion in accordance with division (B) of this section.","","","(B) A qualifying out-of-state violent offender who wishes to rebut the presumption established under division (A) of this section shall file a motion with the court of common pleas of the county in which the offender resides or occupies a dwelling and shall serve a copy of the motion on the prosecutor. The motion shall assert that the offender was not the principal offender in the commission of the offense that classifies the person as an out-of-state violent offender and request that the court not require the offender to enroll in the violent offender database and not have all VOD duties with respect to that offense. The motion shall be filed at any time before the offender's initial enrollment in the database.",""
